seed,policy,fault,severity,stage,metric,D_s,A_f,unique_absorption,veto_rate,mean_speed,validity,invalid_reason,git_commit
20260731,P1,imu_dropout,suppress IMU,L1,"AUC(faulted, matched-clean) folded to [0.5,1.0]",0.997500,L7,False,0.012500,5.9494,VALID,,6383676a3491dc82d70f2db20cdafb942e5c588a
20260731,P1,imu_dropout,suppress IMU,L2a,"AUC(faulted, matched-clean) folded to [0.5,1.0]",0.675350,L7,False,0.012500,5.9494,VALID,,6383676a3491dc82d70f2db20cdafb942e5c588a
20260731,P1,imu_dropout,suppress IMU,L2b,"AUC(faulted, matched-clean) folded to [0.5,1.0]",0.930975,L7,False,0.012500,5.9494,VALID,,6383676a3491dc82d70f2db20cdafb942e5c588a
20260731,P1,imu_dropout,suppress IMU,L3,"AUC(faulted, matched-clean) folded to [0.5,1.0]",0.676100,L7,False,0.012500,5.9494,VALID,,6383676a3491dc82d70f2db20cdafb942e5c588a
20260731,P1,imu_dropout,suppress IMU,L6,"AUC(faulted, matched-clean) folded to [0.5,1.0]",0.680125,L7,False,0.012500,5.9494,VALID,,6383676a3491dc82d70f2db20cdafb942e5c588a
20260731,P1,imu_dropout,suppress IMU,L7,"AUC(faulted, matched-clean) folded to [0.5,1.0]",0.505000,L7,False,0.012500,5.9494,VALID,,6383676a3491dc82d70f2db20cdafb942e5c588a
20260731,P1,imu_dropout,suppress IMU,L8,"AUC(faulted, matched-clean) folded to [0.5,1.0]",0.987500,L7,False,0.012500,5.9494,VALID,,6383676a3491dc82d70f2db20cdafb942e5c588a
20260731,P1,position_bias,1.0 m,L1,"AUC(faulted, matched-clean) folded to [0.5,1.0]",1.000000,L2a,True,0.007500,10.5769,INVALID,ground-truth regeneration (ADR-0033): fault never reached the estimator,6383676a3491dc82d70f2db20cdafb942e5c588a
20260731,P1,position_bias,1.0 m,L2a,"AUC(faulted, matched-clean) folded to [0.5,1.0]",0.500000,L2a,True,0.007500,10.5769,INVALID,ground-truth regeneration (ADR-0033): fault never reached the estimator,6383676a3491dc82d70f2db20cdafb942e5c588a
20260731,P1,position_bias,1.0 m,L2b,"AUC(faulted, matched-clean) folded to [0.5,1.0]",0.500000,L2a,True,0.007500,10.5769,INVALID,ground-truth regeneration (ADR-0033): fault never reached the estimator,6383676a3491dc82d70f2db20cdafb942e5c588a
20260731,P1,position_bias,1.0 m,L3,"AUC(faulted, matched-clean) folded to [0.5,1.0]",0.500000,L2a,True,0.007500,10.5769,INVALID,ground-truth regeneration (ADR-0033): fault never reached the estimator,6383676a3491dc82d70f2db20cdafb942e5c588a
20260731,P1,position_bias,1.0 m,L6,"AUC(faulted, matched-clean) folded to [0.5,1.0]",0.500000,L2a,True,0.007500,10.5769,INVALID,ground-truth regeneration (ADR-0033): fault never reached the estimator,6383676a3491dc82d70f2db20cdafb942e5c588a
20260731,P1,position_bias,1.0 m,L7,"AUC(faulted, matched-clean) folded to [0.5,1.0]",0.500000,L2a,True,0.007500,10.5769,INVALID,ground-truth regeneration (ADR-0033): fault never reached the estimator,6383676a3491dc82d70f2db20cdafb942e5c588a
20260731,P1,position_bias,1.0 m,L8,"AUC(faulted, matched-clean) folded to [0.5,1.0]",0.500000,L2a,True,0.007500,10.5769,INVALID,ground-truth regeneration (ADR-0033): fault never reached the estimator,6383676a3491dc82d70f2db20cdafb942e5c588a
20260731,P1,position_drift,2.0 m final,L1,"AUC(faulted, matched-clean) folded to [0.5,1.0]",0.969688,L2a,True,0.007500,10.5769,INVALID,ground-truth regeneration (ADR-0033): fault never reached the estimator,6383676a3491dc82d70f2db20cdafb942e5c588a
20260731,P1,position_drift,2.0 m final,L2a,"AUC(faulted, matched-clean) folded to [0.5,1.0]",0.500000,L2a,True,0.007500,10.5769,INVALID,ground-truth regeneration (ADR-0033): fault never reached the estimator,6383676a3491dc82d70f2db20cdafb942e5c588a
20260731,P1,position_drift,2.0 m final,L2b,"AUC(faulted, matched-clean) folded to [0.5,1.0]",0.500000,L2a,True,0.007500,10.5769,INVALID,ground-truth regeneration (ADR-0033): fault never reached the estimator,6383676a3491dc82d70f2db20cdafb942e5c588a
20260731,P1,position_drift,2.0 m final,L3,"AUC(faulted, matched-clean) folded to [0.5,1.0]",0.500000,L2a,True,0.007500,10.5769,INVALID,ground-truth regeneration (ADR-0033): fault never reached the estimator,6383676a3491dc82d70f2db20cdafb942e5c588a
20260731,P1,position_drift,2.0 m final,L6,"AUC(faulted, matched-clean) folded to [0.5,1.0]",0.500000,L2a,True,0.007500,10.5769,INVALID,ground-truth regeneration (ADR-0033): fault never reached the estimator,6383676a3491dc82d70f2db20cdafb942e5c588a
20260731,P1,position_drift,2.0 m final,L7,"AUC(faulted, matched-clean) folded to [0.5,1.0]",0.500000,L2a,True,0.007500,10.5769,INVALID,ground-truth regeneration (ADR-0033): fault never reached the estimator,6383676a3491dc82d70f2db20cdafb942e5c588a
20260731,P1,position_drift,2.0 m final,L8,"AUC(faulted, matched-clean) folded to [0.5,1.0]",0.500000,L2a,True,0.007500,10.5769,INVALID,ground-truth regeneration (ADR-0033): fault never reached the estimator,6383676a3491dc82d70f2db20cdafb942e5c588a
20260731,P1,speed_stuck,hold,L1,"AUC(faulted, matched-clean) folded to [0.5,1.0]",0.927500,L2a,True,0.007500,10.6195,VALID,,6383676a3491dc82d70f2db20cdafb942e5c588a
20260731,P1,speed_stuck,hold,L2a,"AUC(faulted, matched-clean) folded to [0.5,1.0]",0.564037,L2a,True,0.007500,10.6195,VALID,,6383676a3491dc82d70f2db20cdafb942e5c588a
20260731,P1,speed_stuck,hold,L2b,"AUC(faulted, matched-clean) folded to [0.5,1.0]",0.512163,L2a,True,0.007500,10.6195,VALID,,6383676a3491dc82d70f2db20cdafb942e5c588a
20260731,P1,speed_stuck,hold,L3,"AUC(faulted, matched-clean) folded to [0.5,1.0]",0.561787,L2a,True,0.007500,10.6195,VALID,,6383676a3491dc82d70f2db20cdafb942e5c588a
20260731,P1,speed_stuck,hold,L6,"AUC(faulted, matched-clean) folded to [0.5,1.0]",0.546338,L2a,True,0.007500,10.6195,VALID,,6383676a3491dc82d70f2db20cdafb942e5c588a
20260731,P1,speed_stuck,hold,L7,"AUC(faulted, matched-clean) folded to [0.5,1.0]",0.500000,L2a,True,0.007500,10.6195,VALID,,6383676a3491dc82d70f2db20cdafb942e5c588a
20260731,P1,speed_stuck,hold,L8,"AUC(faulted, matched-clean) folded to [0.5,1.0]",0.500000,L2a,True,0.007500,10.6195,VALID,,6383676a3491dc82d70f2db20cdafb942e5c588a
20260731,P1,speed_bias,3.0 m/s,L1,"AUC(faulted, matched-clean) folded to [0.5,1.0]",1.000000,L2a,False,0.007500,10.2287,VALID,,6383676a3491dc82d70f2db20cdafb942e5c588a
20260731,P1,speed_bias,3.0 m/s,L2a,"AUC(faulted, matched-clean) folded to [0.5,1.0]",0.507825,L2a,False,0.007500,10.2287,VALID,,6383676a3491dc82d70f2db20cdafb942e5c588a
20260731,P1,speed_bias,3.0 m/s,L2b,"AUC(faulted, matched-clean) folded to [0.5,1.0]",0.692250,L2a,False,0.007500,10.2287,VALID,,6383676a3491dc82d70f2db20cdafb942e5c588a
20260731,P1,speed_bias,3.0 m/s,L3,"AUC(faulted, matched-clean) folded to [0.5,1.0]",0.503588,L2a,False,0.007500,10.2287,VALID,,6383676a3491dc82d70f2db20cdafb942e5c588a
20260731,P1,speed_bias,3.0 m/s,L6,"AUC(faulted, matched-clean) folded to [0.5,1.0]",0.694725,L2a,False,0.007500,10.2287,VALID,,6383676a3491dc82d70f2db20cdafb942e5c588a
20260731,P1,speed_bias,3.0 m/s,L7,"AUC(faulted, matched-clean) folded to [0.5,1.0]",0.500000,L2a,False,0.007500,10.2287,VALID,,6383676a3491dc82d70f2db20cdafb942e5c588a
20260731,P1,speed_bias,3.0 m/s,L8,"AUC(faulted, matched-clean) folded to [0.5,1.0]",0.500000,L2a,False,0.007500,10.2287,VALID,,6383676a3491dc82d70f2db20cdafb942e5c588a
20260731,P1,lateral_noise,sigma x25,L1,"AUC(faulted, matched-clean) folded to [0.5,1.0]",0.995050,,False,0.340000,7.9291,VALID,,6383676a3491dc82d70f2db20cdafb942e5c588a
20260731,P1,lateral_noise,sigma x25,L2a,"AUC(faulted, matched-clean) folded to [0.5,1.0]",0.981500,,False,0.340000,7.9291,VALID,,6383676a3491dc82d70f2db20cdafb942e5c588a
20260731,P1,lateral_noise,sigma x25,L2b,"AUC(faulted, matched-clean) folded to [0.5,1.0]",0.905713,,False,0.340000,7.9291,VALID,,6383676a3491dc82d70f2db20cdafb942e5c588a
20260731,P1,lateral_noise,sigma x25,L3,"AUC(faulted, matched-clean) folded to [0.5,1.0]",0.981437,,False,0.340000,7.9291,VALID,,6383676a3491dc82d70f2db20cdafb942e5c588a
20260731,P1,lateral_noise,sigma x25,L6,"AUC(faulted, matched-clean) folded to [0.5,1.0]",0.702975,,False,0.340000,7.9291,VALID,,6383676a3491dc82d70f2db20cdafb942e5c588a
20260731,P1,lateral_noise,sigma x25,L7,"AUC(faulted, matched-clean) folded to [0.5,1.0]",0.832500,,False,0.340000,7.9291,VALID,,6383676a3491dc82d70f2db20cdafb942e5c588a
20260731,P1,lateral_noise,sigma x25,L8,"AUC(faulted, matched-clean) folded to [0.5,1.0]",0.870000,,False,0.340000,7.9291,VALID,,6383676a3491dc82d70f2db20cdafb942e5c588a
20260732,P1,imu_dropout,suppress IMU,L1,"AUC(faulted, matched-clean) folded to [0.5,1.0]",0.997500,L7,False,0.022500,6.1868,VALID,,6383676a3491dc82d70f2db20cdafb942e5c588a
20260732,P1,imu_dropout,suppress IMU,L2a,"AUC(faulted, matched-clean) folded to [0.5,1.0]",0.833825,L7,False,0.022500,6.1868,VALID,,6383676a3491dc82d70f2db20cdafb942e5c588a
20260732,P1,imu_dropout,suppress IMU,L2b,"AUC(faulted, matched-clean) folded to [0.5,1.0]",0.755050,L7,False,0.022500,6.1868,VALID,,6383676a3491dc82d70f2db20cdafb942e5c588a
20260732,P1,imu_dropout,suppress IMU,L3,"AUC(faulted, matched-clean) folded to [0.5,1.0]",0.833562,L7,False,0.022500,6.1868,VALID,,6383676a3491dc82d70f2db20cdafb942e5c588a
20260732,P1,imu_dropout,suppress IMU,L6,"AUC(faulted, matched-clean) folded to [0.5,1.0]",0.778250,L7,False,0.022500,6.1868,VALID,,6383676a3491dc82d70f2db20cdafb942e5c588a
20260732,P1,imu_dropout,suppress IMU,L7,"AUC(faulted, matched-clean) folded to [0.5,1.0]",0.502500,L7,False,0.022500,6.1868,VALID,,6383676a3491dc82d70f2db20cdafb942e5c588a
20260732,P1,imu_dropout,suppress IMU,L8,"AUC(faulted, matched-clean) folded to [0.5,1.0]",0.987500,L7,False,0.022500,6.1868,VALID,,6383676a3491dc82d70f2db20cdafb942e5c588a
20260732,P1,position_bias,1.0 m,L1,"AUC(faulted, matched-clean) folded to [0.5,1.0]",1.000000,L2a,True,0.020000,10.9064,INVALID,ground-truth regeneration (ADR-0033): fault never reached the estimator,6383676a3491dc82d70f2db20cdafb942e5c588a
20260732,P1,position_bias,1.0 m,L2a,"AUC(faulted, matched-clean) folded to [0.5,1.0]",0.500000,L2a,True,0.020000,10.9064,INVALID,ground-truth regeneration (ADR-0033): fault never reached the estimator,6383676a3491dc82d70f2db20cdafb942e5c588a
20260732,P1,position_bias,1.0 m,L2b,"AUC(faulted, matched-clean) folded to [0.5,1.0]",0.500000,L2a,True,0.020000,10.9064,INVALID,ground-truth regeneration (ADR-0033): fault never reached the estimator,6383676a3491dc82d70f2db20cdafb942e5c588a
20260732,P1,position_bias,1.0 m,L3,"AUC(faulted, matched-clean) folded to [0.5,1.0]",0.500000,L2a,True,0.020000,10.9064,INVALID,ground-truth regeneration (ADR-0033): fault never reached the estimator,6383676a3491dc82d70f2db20cdafb942e5c588a
20260732,P1,position_bias,1.0 m,L6,"AUC(faulted, matched-clean) folded to [0.5,1.0]",0.500000,L2a,True,0.020000,10.9064,INVALID,ground-truth regeneration (ADR-0033): fault never reached the estimator,6383676a3491dc82d70f2db20cdafb942e5c588a
20260732,P1,position_bias,1.0 m,L7,"AUC(faulted, matched-clean) folded to [0.5,1.0]",0.500000,L2a,True,0.020000,10.9064,INVALID,ground-truth regeneration (ADR-0033): fault never reached the estimator,6383676a3491dc82d70f2db20cdafb942e5c588a
20260732,P1,position_bias,1.0 m,L8,"AUC(faulted, matched-clean) folded to [0.5,1.0]",0.500000,L2a,True,0.020000,10.9064,INVALID,ground-truth regeneration (ADR-0033): fault never reached the estimator,6383676a3491dc82d70f2db20cdafb942e5c588a
20260732,P1,position_drift,2.0 m final,L1,"AUC(faulted, matched-clean) folded to [0.5,1.0]",0.962213,L2a,True,0.020000,10.9064,INVALID,ground-truth regeneration (ADR-0033): fault never reached the estimator,6383676a3491dc82d70f2db20cdafb942e5c588a
20260732,P1,position_drift,2.0 m final,L2a,"AUC(faulted, matched-clean) folded to [0.5,1.0]",0.500000,L2a,True,0.020000,10.9064,INVALID,ground-truth regeneration (ADR-0033): fault never reached the estimator,6383676a3491dc82d70f2db20cdafb942e5c588a
20260732,P1,position_drift,2.0 m final,L2b,"AUC(faulted, matched-clean) folded to [0.5,1.0]",0.500000,L2a,True,0.020000,10.9064,INVALID,ground-truth regeneration (ADR-0033): fault never reached the estimator,6383676a3491dc82d70f2db20cdafb942e5c588a
20260732,P1,position_drift,2.0 m final,L3,"AUC(faulted, matched-clean) folded to [0.5,1.0]",0.500000,L2a,True,0.020000,10.9064,INVALID,ground-truth regeneration (ADR-0033): fault never reached the estimator,6383676a3491dc82d70f2db20cdafb942e5c588a
20260732,P1,position_drift,2.0 m final,L6,"AUC(faulted, matched-clean) folded to [0.5,1.0]",0.500000,L2a,True,0.020000,10.9064,INVALID,ground-truth regeneration (ADR-0033): fault never reached the estimator,6383676a3491dc82d70f2db20cdafb942e5c588a
20260732,P1,position_drift,2.0 m final,L7,"AUC(faulted, matched-clean) folded to [0.5,1.0]",0.500000,L2a,True,0.020000,10.9064,INVALID,ground-truth regeneration (ADR-0033): fault never reached the estimator,6383676a3491dc82d70f2db20cdafb942e5c588a
20260732,P1,position_drift,2.0 m final,L8,"AUC(faulted, matched-clean) folded to [0.5,1.0]",0.500000,L2a,True,0.020000,10.9064,INVALID,ground-truth regeneration (ADR-0033): fault never reached the estimator,6383676a3491dc82d70f2db20cdafb942e5c588a
20260732,P1,speed_stuck,hold,L1,"AUC(faulted, matched-clean) folded to [0.5,1.0]",0.722500,L2a,True,0.020000,10.9351,VALID,,6383676a3491dc82d70f2db20cdafb942e5c588a
20260732,P1,speed_stuck,hold,L2a,"AUC(faulted, matched-clean) folded to [0.5,1.0]",0.559813,L2a,True,0.020000,10.9351,VALID,,6383676a3491dc82d70f2db20cdafb942e5c588a
20260732,P1,speed_stuck,hold,L2b,"AUC(faulted, matched-clean) folded to [0.5,1.0]",0.525038,L2a,True,0.020000,10.9351,VALID,,6383676a3491dc82d70f2db20cdafb942e5c588a
20260732,P1,speed_stuck,hold,L3,"AUC(faulted, matched-clean) folded to [0.5,1.0]",0.558050,L2a,True,0.020000,10.9351,VALID,,6383676a3491dc82d70f2db20cdafb942e5c588a
20260732,P1,speed_stuck,hold,L6,"AUC(faulted, matched-clean) folded to [0.5,1.0]",0.516988,L2a,True,0.020000,10.9351,VALID,,6383676a3491dc82d70f2db20cdafb942e5c588a
20260732,P1,speed_stuck,hold,L7,"AUC(faulted, matched-clean) folded to [0.5,1.0]",0.500000,L2a,True,0.020000,10.9351,VALID,,6383676a3491dc82d70f2db20cdafb942e5c588a
20260732,P1,speed_stuck,hold,L8,"AUC(faulted, matched-clean) folded to [0.5,1.0]",0.500000,L2a,True,0.020000,10.9351,VALID,,6383676a3491dc82d70f2db20cdafb942e5c588a
20260732,P1,speed_bias,3.0 m/s,L1,"AUC(faulted, matched-clean) folded to [0.5,1.0]",1.000000,L2a,False,0.020000,10.5538,VALID,,6383676a3491dc82d70f2db20cdafb942e5c588a
20260732,P1,speed_bias,3.0 m/s,L2a,"AUC(faulted, matched-clean) folded to [0.5,1.0]",0.513050,L2a,False,0.020000,10.5538,VALID,,6383676a3491dc82d70f2db20cdafb942e5c588a
20260732,P1,speed_bias,3.0 m/s,L2b,"AUC(faulted, matched-clean) folded to [0.5,1.0]",0.659525,L2a,False,0.020000,10.5538,VALID,,6383676a3491dc82d70f2db20cdafb942e5c588a
20260732,P1,speed_bias,3.0 m/s,L3,"AUC(faulted, matched-clean) folded to [0.5,1.0]",0.508787,L2a,False,0.020000,10.5538,VALID,,6383676a3491dc82d70f2db20cdafb942e5c588a
20260732,P1,speed_bias,3.0 m/s,L6,"AUC(faulted, matched-clean) folded to [0.5,1.0]",0.631575,L2a,False,0.020000,10.5538,VALID,,6383676a3491dc82d70f2db20cdafb942e5c588a
20260732,P1,speed_bias,3.0 m/s,L7,"AUC(faulted, matched-clean) folded to [0.5,1.0]",0.500000,L2a,False,0.020000,10.5538,VALID,,6383676a3491dc82d70f2db20cdafb942e5c588a
20260732,P1,speed_bias,3.0 m/s,L8,"AUC(faulted, matched-clean) folded to [0.5,1.0]",0.500000,L2a,False,0.020000,10.5538,VALID,,6383676a3491dc82d70f2db20cdafb942e5c588a
20260732,P1,lateral_noise,sigma x25,L1,"AUC(faulted, matched-clean) folded to [0.5,1.0]",0.995275,,False,0.370000,8.9934,VALID,,6383676a3491dc82d70f2db20cdafb942e5c588a
20260732,P1,lateral_noise,sigma x25,L2a,"AUC(faulted, matched-clean) folded to [0.5,1.0]",0.982775,,False,0.370000,8.9934,VALID,,6383676a3491dc82d70f2db20cdafb942e5c588a
20260732,P1,lateral_noise,sigma x25,L2b,"AUC(faulted, matched-clean) folded to [0.5,1.0]",0.968750,,False,0.370000,8.9934,VALID,,6383676a3491dc82d70f2db20cdafb942e5c588a
20260732,P1,lateral_noise,sigma x25,L3,"AUC(faulted, matched-clean) folded to [0.5,1.0]",0.982775,,False,0.370000,8.9934,VALID,,6383676a3491dc82d70f2db20cdafb942e5c588a
20260732,P1,lateral_noise,sigma x25,L6,"AUC(faulted, matched-clean) folded to [0.5,1.0]",0.836650,,False,0.370000,8.9934,VALID,,6383676a3491dc82d70f2db20cdafb942e5c588a
20260732,P1,lateral_noise,sigma x25,L7,"AUC(faulted, matched-clean) folded to [0.5,1.0]",0.850000,,False,0.370000,8.9934,VALID,,6383676a3491dc82d70f2db20cdafb942e5c588a
20260732,P1,lateral_noise,sigma x25,L8,"AUC(faulted, matched-clean) folded to [0.5,1.0]",0.807500,,False,0.370000,8.9934,VALID,,6383676a3491dc82d70f2db20cdafb942e5c588a
20260733,P1,imu_dropout,suppress IMU,L1,"AUC(faulted, matched-clean) folded to [0.5,1.0]",0.997500,L7,False,0.015000,8.0528,VALID,,6383676a3491dc82d70f2db20cdafb942e5c588a
20260733,P1,imu_dropout,suppress IMU,L2a,"AUC(faulted, matched-clean) folded to [0.5,1.0]",0.703350,L7,False,0.015000,8.0528,VALID,,6383676a3491dc82d70f2db20cdafb942e5c588a
20260733,P1,imu_dropout,suppress IMU,L2b,"AUC(faulted, matched-clean) folded to [0.5,1.0]",0.955375,L7,False,0.015000,8.0528,VALID,,6383676a3491dc82d70f2db20cdafb942e5c588a
20260733,P1,imu_dropout,suppress IMU,L3,"AUC(faulted, matched-clean) folded to [0.5,1.0]",0.705700,L7,False,0.015000,8.0528,VALID,,6383676a3491dc82d70f2db20cdafb942e5c588a
20260733,P1,imu_dropout,suppress IMU,L6,"AUC(faulted, matched-clean) folded to [0.5,1.0]",0.632825,L7,False,0.015000,8.0528,VALID,,6383676a3491dc82d70f2db20cdafb942e5c588a
20260733,P1,imu_dropout,suppress IMU,L7,"AUC(faulted, matched-clean) folded to [0.5,1.0]",0.502500,L7,False,0.015000,8.0528,VALID,,6383676a3491dc82d70f2db20cdafb942e5c588a
20260733,P1,imu_dropout,suppress IMU,L8,"AUC(faulted, matched-clean) folded to [0.5,1.0]",0.987500,L7,False,0.015000,8.0528,VALID,,6383676a3491dc82d70f2db20cdafb942e5c588a
20260733,P1,position_bias,1.0 m,L1,"AUC(faulted, matched-clean) folded to [0.5,1.0]",1.000000,L2a,True,0.017500,13.4949,INVALID,ground-truth regeneration (ADR-0033): fault never reached the estimator,6383676a3491dc82d70f2db20cdafb942e5c588a
20260733,P1,position_bias,1.0 m,L2a,"AUC(faulted, matched-clean) folded to [0.5,1.0]",0.500000,L2a,True,0.017500,13.4949,INVALID,ground-truth regeneration (ADR-0033): fault never reached the estimator,6383676a3491dc82d70f2db20cdafb942e5c588a
20260733,P1,position_bias,1.0 m,L2b,"AUC(faulted, matched-clean) folded to [0.5,1.0]",0.500000,L2a,True,0.017500,13.4949,INVALID,ground-truth regeneration (ADR-0033): fault never reached the estimator,6383676a3491dc82d70f2db20cdafb942e5c588a
20260733,P1,position_bias,1.0 m,L3,"AUC(faulted, matched-clean) folded to [0.5,1.0]",0.500000,L2a,True,0.017500,13.4949,INVALID,ground-truth regeneration (ADR-0033): fault never reached the estimator,6383676a3491dc82d70f2db20cdafb942e5c588a
20260733,P1,position_bias,1.0 m,L6,"AUC(faulted, matched-clean) folded to [0.5,1.0]",0.500000,L2a,True,0.017500,13.4949,INVALID,ground-truth regeneration (ADR-0033): fault never reached the estimator,6383676a3491dc82d70f2db20cdafb942e5c588a
20260733,P1,position_bias,1.0 m,L7,"AUC(faulted, matched-clean) folded to [0.5,1.0]",0.500000,L2a,True,0.017500,13.4949,INVALID,ground-truth regeneration (ADR-0033): fault never reached the estimator,6383676a3491dc82d70f2db20cdafb942e5c588a
20260733,P1,position_bias,1.0 m,L8,"AUC(faulted, matched-clean) folded to [0.5,1.0]",0.500000,L2a,True,0.017500,13.4949,INVALID,ground-truth regeneration (ADR-0033): fault never reached the estimator,6383676a3491dc82d70f2db20cdafb942e5c588a
20260733,P1,position_drift,2.0 m final,L1,"AUC(faulted, matched-clean) folded to [0.5,1.0]",0.961838,L2a,True,0.017500,13.4949,INVALID,ground-truth regeneration (ADR-0033): fault never reached the estimator,6383676a3491dc82d70f2db20cdafb942e5c588a
20260733,P1,position_drift,2.0 m final,L2a,"AUC(faulted, matched-clean) folded to [0.5,1.0]",0.500000,L2a,True,0.017500,13.4949,INVALID,ground-truth regeneration (ADR-0033): fault never reached the estimator,6383676a3491dc82d70f2db20cdafb942e5c588a
20260733,P1,position_drift,2.0 m final,L2b,"AUC(faulted, matched-clean) folded to [0.5,1.0]",0.500000,L2a,True,0.017500,13.4949,INVALID,ground-truth regeneration (ADR-0033): fault never reached the estimator,6383676a3491dc82d70f2db20cdafb942e5c588a
20260733,P1,position_drift,2.0 m final,L3,"AUC(faulted, matched-clean) folded to [0.5,1.0]",0.500000,L2a,True,0.017500,13.4949,INVALID,ground-truth regeneration (ADR-0033): fault never reached the estimator,6383676a3491dc82d70f2db20cdafb942e5c588a
20260733,P1,position_drift,2.0 m final,L6,"AUC(faulted, matched-clean) folded to [0.5,1.0]",0.500000,L2a,True,0.017500,13.4949,INVALID,ground-truth regeneration (ADR-0033): fault never reached the estimator,6383676a3491dc82d70f2db20cdafb942e5c588a
20260733,P1,position_drift,2.0 m final,L7,"AUC(faulted, matched-clean) folded to [0.5,1.0]",0.500000,L2a,True,0.017500,13.4949,INVALID,ground-truth regeneration (ADR-0033): fault never reached the estimator,6383676a3491dc82d70f2db20cdafb942e5c588a
20260733,P1,position_drift,2.0 m final,L8,"AUC(faulted, matched-clean) folded to [0.5,1.0]",0.500000,L2a,True,0.017500,13.4949,INVALID,ground-truth regeneration (ADR-0033): fault never reached the estimator,6383676a3491dc82d70f2db20cdafb942e5c588a
20260733,P1,speed_stuck,hold,L1,"AUC(faulted, matched-clean) folded to [0.5,1.0]",0.957500,L2a,True,0.017500,13.4862,VALID,,6383676a3491dc82d70f2db20cdafb942e5c588a
20260733,P1,speed_stuck,hold,L2a,"AUC(faulted, matched-clean) folded to [0.5,1.0]",0.569688,L2a,True,0.017500,13.4862,VALID,,6383676a3491dc82d70f2db20cdafb942e5c588a
20260733,P1,speed_stuck,hold,L2b,"AUC(faulted, matched-clean) folded to [0.5,1.0]",0.570163,L2a,True,0.017500,13.4862,VALID,,6383676a3491dc82d70f2db20cdafb942e5c588a
20260733,P1,speed_stuck,hold,L3,"AUC(faulted, matched-clean) folded to [0.5,1.0]",0.566837,L2a,True,0.017500,13.4862,VALID,,6383676a3491dc82d70f2db20cdafb942e5c588a
20260733,P1,speed_stuck,hold,L6,"AUC(faulted, matched-clean) folded to [0.5,1.0]",0.508337,L2a,True,0.017500,13.4862,VALID,,6383676a3491dc82d70f2db20cdafb942e5c588a
20260733,P1,speed_stuck,hold,L7,"AUC(faulted, matched-clean) folded to [0.5,1.0]",0.500000,L2a,True,0.017500,13.4862,VALID,,6383676a3491dc82d70f2db20cdafb942e5c588a
20260733,P1,speed_stuck,hold,L8,"AUC(faulted, matched-clean) folded to [0.5,1.0]",0.500000,L2a,True,0.017500,13.4862,VALID,,6383676a3491dc82d70f2db20cdafb942e5c588a
20260733,P1,speed_bias,3.0 m/s,L1,"AUC(faulted, matched-clean) folded to [0.5,1.0]",1.000000,L2a,False,0.017500,13.1187,VALID,,6383676a3491dc82d70f2db20cdafb942e5c588a
20260733,P1,speed_bias,3.0 m/s,L2a,"AUC(faulted, matched-clean) folded to [0.5,1.0]",0.538725,L2a,False,0.017500,13.1187,VALID,,6383676a3491dc82d70f2db20cdafb942e5c588a
20260733,P1,speed_bias,3.0 m/s,L2b,"AUC(faulted, matched-clean) folded to [0.5,1.0]",0.679500,L2a,False,0.017500,13.1187,VALID,,6383676a3491dc82d70f2db20cdafb942e5c588a
20260733,P1,speed_bias,3.0 m/s,L3,"AUC(faulted, matched-clean) folded to [0.5,1.0]",0.533513,L2a,False,0.017500,13.1187,VALID,,6383676a3491dc82d70f2db20cdafb942e5c588a
20260733,P1,speed_bias,3.0 m/s,L6,"AUC(faulted, matched-clean) folded to [0.5,1.0]",0.558375,L2a,False,0.017500,13.1187,VALID,,6383676a3491dc82d70f2db20cdafb942e5c588a
20260733,P1,speed_bias,3.0 m/s,L7,"AUC(faulted, matched-clean) folded to [0.5,1.0]",0.500000,L2a,False,0.017500,13.1187,VALID,,6383676a3491dc82d70f2db20cdafb942e5c588a
20260733,P1,speed_bias,3.0 m/s,L8,"AUC(faulted, matched-clean) folded to [0.5,1.0]",0.500000,L2a,False,0.017500,13.1187,VALID,,6383676a3491dc82d70f2db20cdafb942e5c588a
20260733,P1,lateral_noise,sigma x25,L1,"AUC(faulted, matched-clean) folded to [0.5,1.0]",1.000000,L6,False,0.235000,11.1946,VALID,,6383676a3491dc82d70f2db20cdafb942e5c588a
20260733,P1,lateral_noise,sigma x25,L2a,"AUC(faulted, matched-clean) folded to [0.5,1.0]",0.989450,L6,False,0.235000,11.1946,VALID,,6383676a3491dc82d70f2db20cdafb942e5c588a
20260733,P1,lateral_noise,sigma x25,L2b,"AUC(faulted, matched-clean) folded to [0.5,1.0]",0.894850,L6,False,0.235000,11.1946,VALID,,6383676a3491dc82d70f2db20cdafb942e5c588a
20260733,P1,lateral_noise,sigma x25,L3,"AUC(faulted, matched-clean) folded to [0.5,1.0]",0.989537,L6,False,0.235000,11.1946,VALID,,6383676a3491dc82d70f2db20cdafb942e5c588a
20260733,P1,lateral_noise,sigma x25,L6,"AUC(faulted, matched-clean) folded to [0.5,1.0]",0.505025,L6,False,0.235000,11.1946,VALID,,6383676a3491dc82d70f2db20cdafb942e5c588a
20260733,P1,lateral_noise,sigma x25,L7,"AUC(faulted, matched-clean) folded to [0.5,1.0]",0.717500,L6,False,0.235000,11.1946,VALID,,6383676a3491dc82d70f2db20cdafb942e5c588a
20260733,P1,lateral_noise,sigma x25,L8,"AUC(faulted, matched-clean) folded to [0.5,1.0]",0.795000,L6,False,0.235000,11.1946,VALID,,6383676a3491dc82d70f2db20cdafb942e5c588a
20260734,P1,imu_dropout,suppress IMU,L1,"AUC(faulted, matched-clean) folded to [0.5,1.0]",0.997500,L7,False,0.157500,7.6895,VALID,,6383676a3491dc82d70f2db20cdafb942e5c588a
20260734,P1,imu_dropout,suppress IMU,L2a,"AUC(faulted, matched-clean) folded to [0.5,1.0]",0.889750,L7,False,0.157500,7.6895,VALID,,6383676a3491dc82d70f2db20cdafb942e5c588a
20260734,P1,imu_dropout,suppress IMU,L2b,"AUC(faulted, matched-clean) folded to [0.5,1.0]",0.646850,L7,False,0.157500,7.6895,VALID,,6383676a3491dc82d70f2db20cdafb942e5c588a
20260734,P1,imu_dropout,suppress IMU,L3,"AUC(faulted, matched-clean) folded to [0.5,1.0]",0.889412,L7,False,0.157500,7.6895,VALID,,6383676a3491dc82d70f2db20cdafb942e5c588a
20260734,P1,imu_dropout,suppress IMU,L6,"AUC(faulted, matched-clean) folded to [0.5,1.0]",0.689900,L7,False,0.157500,7.6895,VALID,,6383676a3491dc82d70f2db20cdafb942e5c588a
20260734,P1,imu_dropout,suppress IMU,L7,"AUC(faulted, matched-clean) folded to [0.5,1.0]",0.595000,L7,False,0.157500,7.6895,VALID,,6383676a3491dc82d70f2db20cdafb942e5c588a
20260734,P1,imu_dropout,suppress IMU,L8,"AUC(faulted, matched-clean) folded to [0.5,1.0]",0.987500,L7,False,0.157500,7.6895,VALID,,6383676a3491dc82d70f2db20cdafb942e5c588a
20260734,P1,position_bias,1.0 m,L1,"AUC(faulted, matched-clean) folded to [0.5,1.0]",1.000000,L2a,True,0.062500,12.9966,INVALID,ground-truth regeneration (ADR-0033): fault never reached the estimator,6383676a3491dc82d70f2db20cdafb942e5c588a
20260734,P1,position_bias,1.0 m,L2a,"AUC(faulted, matched-clean) folded to [0.5,1.0]",0.500000,L2a,True,0.062500,12.9966,INVALID,ground-truth regeneration (ADR-0033): fault never reached the estimator,6383676a3491dc82d70f2db20cdafb942e5c588a
20260734,P1,position_bias,1.0 m,L2b,"AUC(faulted, matched-clean) folded to [0.5,1.0]",0.500000,L2a,True,0.062500,12.9966,INVALID,ground-truth regeneration (ADR-0033): fault never reached the estimator,6383676a3491dc82d70f2db20cdafb942e5c588a
20260734,P1,position_bias,1.0 m,L3,"AUC(faulted, matched-clean) folded to [0.5,1.0]",0.500000,L2a,True,0.062500,12.9966,INVALID,ground-truth regeneration (ADR-0033): fault never reached the estimator,6383676a3491dc82d70f2db20cdafb942e5c588a
20260734,P1,position_bias,1.0 m,L6,"AUC(faulted, matched-clean) folded to [0.5,1.0]",0.500000,L2a,True,0.062500,12.9966,INVALID,ground-truth regeneration (ADR-0033): fault never reached the estimator,6383676a3491dc82d70f2db20cdafb942e5c588a
20260734,P1,position_bias,1.0 m,L7,"AUC(faulted, matched-clean) folded to [0.5,1.0]",0.500000,L2a,True,0.062500,12.9966,INVALID,ground-truth regeneration (ADR-0033): fault never reached the estimator,6383676a3491dc82d70f2db20cdafb942e5c588a
20260734,P1,position_bias,1.0 m,L8,"AUC(faulted, matched-clean) folded to [0.5,1.0]",0.500000,L2a,True,0.062500,12.9966,INVALID,ground-truth regeneration (ADR-0033): fault never reached the estimator,6383676a3491dc82d70f2db20cdafb942e5c588a
20260734,P1,position_drift,2.0 m final,L1,"AUC(faulted, matched-clean) folded to [0.5,1.0]",0.976187,L2a,True,0.062500,12.9966,INVALID,ground-truth regeneration (ADR-0033): fault never reached the estimator,6383676a3491dc82d70f2db20cdafb942e5c588a
20260734,P1,position_drift,2.0 m final,L2a,"AUC(faulted, matched-clean) folded to [0.5,1.0]",0.500000,L2a,True,0.062500,12.9966,INVALID,ground-truth regeneration (ADR-0033): fault never reached the estimator,6383676a3491dc82d70f2db20cdafb942e5c588a
20260734,P1,position_drift,2.0 m final,L2b,"AUC(faulted, matched-clean) folded to [0.5,1.0]",0.500000,L2a,True,0.062500,12.9966,INVALID,ground-truth regeneration (ADR-0033): fault never reached the estimator,6383676a3491dc82d70f2db20cdafb942e5c588a
20260734,P1,position_drift,2.0 m final,L3,"AUC(faulted, matched-clean) folded to [0.5,1.0]",0.500000,L2a,True,0.062500,12.9966,INVALID,ground-truth regeneration (ADR-0033): fault never reached the estimator,6383676a3491dc82d70f2db20cdafb942e5c588a
20260734,P1,position_drift,2.0 m final,L6,"AUC(faulted, matched-clean) folded to [0.5,1.0]",0.500000,L2a,True,0.062500,12.9966,INVALID,ground-truth regeneration (ADR-0033): fault never reached the estimator,6383676a3491dc82d70f2db20cdafb942e5c588a
20260734,P1,position_drift,2.0 m final,L7,"AUC(faulted, matched-clean) folded to [0.5,1.0]",0.500000,L2a,True,0.062500,12.9966,INVALID,ground-truth regeneration (ADR-0033): fault never reached the estimator,6383676a3491dc82d70f2db20cdafb942e5c588a
20260734,P1,position_drift,2.0 m final,L8,"AUC(faulted, matched-clean) folded to [0.5,1.0]",0.500000,L2a,True,0.062500,12.9966,INVALID,ground-truth regeneration (ADR-0033): fault never reached the estimator,6383676a3491dc82d70f2db20cdafb942e5c588a
20260734,P1,speed_stuck,hold,L1,"AUC(faulted, matched-clean) folded to [0.5,1.0]",0.967500,L2a,True,0.062500,12.9923,VALID,,6383676a3491dc82d70f2db20cdafb942e5c588a
20260734,P1,speed_stuck,hold,L2a,"AUC(faulted, matched-clean) folded to [0.5,1.0]",0.569538,L2a,True,0.062500,12.9923,VALID,,6383676a3491dc82d70f2db20cdafb942e5c588a
20260734,P1,speed_stuck,hold,L2b,"AUC(faulted, matched-clean) folded to [0.5,1.0]",0.554963,L2a,True,0.062500,12.9923,VALID,,6383676a3491dc82d70f2db20cdafb942e5c588a
20260734,P1,speed_stuck,hold,L3,"AUC(faulted, matched-clean) folded to [0.5,1.0]",0.568913,L2a,True,0.062500,12.9923,VALID,,6383676a3491dc82d70f2db20cdafb942e5c588a
20260734,P1,speed_stuck,hold,L6,"AUC(faulted, matched-clean) folded to [0.5,1.0]",0.500538,L2a,True,0.062500,12.9923,VALID,,6383676a3491dc82d70f2db20cdafb942e5c588a
20260734,P1,speed_stuck,hold,L7,"AUC(faulted, matched-clean) folded to [0.5,1.0]",0.500000,L2a,True,0.062500,12.9923,VALID,,6383676a3491dc82d70f2db20cdafb942e5c588a
20260734,P1,speed_stuck,hold,L8,"AUC(faulted, matched-clean) folded to [0.5,1.0]",0.500000,L2a,True,0.062500,12.9923,VALID,,6383676a3491dc82d70f2db20cdafb942e5c588a
20260734,P1,speed_bias,3.0 m/s,L1,"AUC(faulted, matched-clean) folded to [0.5,1.0]",1.000000,L2a,False,0.060000,12.6228,VALID,,6383676a3491dc82d70f2db20cdafb942e5c588a
20260734,P1,speed_bias,3.0 m/s,L2a,"AUC(faulted, matched-clean) folded to [0.5,1.0]",0.532200,L2a,False,0.060000,12.6228,VALID,,6383676a3491dc82d70f2db20cdafb942e5c588a
20260734,P1,speed_bias,3.0 m/s,L2b,"AUC(faulted, matched-clean) folded to [0.5,1.0]",0.668050,L2a,False,0.060000,12.6228,VALID,,6383676a3491dc82d70f2db20cdafb942e5c588a
20260734,P1,speed_bias,3.0 m/s,L3,"AUC(faulted, matched-clean) folded to [0.5,1.0]",0.526838,L2a,False,0.060000,12.6228,VALID,,6383676a3491dc82d70f2db20cdafb942e5c588a
20260734,P1,speed_bias,3.0 m/s,L6,"AUC(faulted, matched-clean) folded to [0.5,1.0]",0.511425,L2a,False,0.060000,12.6228,VALID,,6383676a3491dc82d70f2db20cdafb942e5c588a
20260734,P1,speed_bias,3.0 m/s,L7,"AUC(faulted, matched-clean) folded to [0.5,1.0]",0.502500,L2a,False,0.060000,12.6228,VALID,,6383676a3491dc82d70f2db20cdafb942e5c588a
20260734,P1,speed_bias,3.0 m/s,L8,"AUC(faulted, matched-clean) folded to [0.5,1.0]",0.500000,L2a,False,0.060000,12.6228,VALID,,6383676a3491dc82d70f2db20cdafb942e5c588a
20260734,P1,lateral_noise,sigma x25,L1,"AUC(faulted, matched-clean) folded to [0.5,1.0]",0.999775,L6,False,0.510000,9.5953,VALID,,6383676a3491dc82d70f2db20cdafb942e5c588a
20260734,P1,lateral_noise,sigma x25,L2a,"AUC(faulted, matched-clean) folded to [0.5,1.0]",0.971475,L6,False,0.510000,9.5953,VALID,,6383676a3491dc82d70f2db20cdafb942e5c588a
20260734,P1,lateral_noise,sigma x25,L2b,"AUC(faulted, matched-clean) folded to [0.5,1.0]",0.898350,L6,False,0.510000,9.5953,VALID,,6383676a3491dc82d70f2db20cdafb942e5c588a
20260734,P1,lateral_noise,sigma x25,L3,"AUC(faulted, matched-clean) folded to [0.5,1.0]",0.971500,L6,False,0.510000,9.5953,VALID,,6383676a3491dc82d70f2db20cdafb942e5c588a
20260734,P1,lateral_noise,sigma x25,L6,"AUC(faulted, matched-clean) folded to [0.5,1.0]",0.589725,L6,False,0.510000,9.5953,VALID,,6383676a3491dc82d70f2db20cdafb942e5c588a
20260734,P1,lateral_noise,sigma x25,L7,"AUC(faulted, matched-clean) folded to [0.5,1.0]",0.947500,L6,False,0.510000,9.5953,VALID,,6383676a3491dc82d70f2db20cdafb942e5c588a
20260734,P1,lateral_noise,sigma x25,L8,"AUC(faulted, matched-clean) folded to [0.5,1.0]",0.900000,L6,False,0.510000,9.5953,VALID,,6383676a3491dc82d70f2db20cdafb942e5c588a
20260735,P1,imu_dropout,suppress IMU,L1,"AUC(faulted, matched-clean) folded to [0.5,1.0]",0.997500,L2a,False,0.005000,7.1393,VALID,,6383676a3491dc82d70f2db20cdafb942e5c588a
20260735,P1,imu_dropout,suppress IMU,L2a,"AUC(faulted, matched-clean) folded to [0.5,1.0]",0.502525,L2a,False,0.005000,7.1393,VALID,,6383676a3491dc82d70f2db20cdafb942e5c588a
20260735,P1,imu_dropout,suppress IMU,L2b,"AUC(faulted, matched-clean) folded to [0.5,1.0]",0.680750,L2a,False,0.005000,7.1393,VALID,,6383676a3491dc82d70f2db20cdafb942e5c588a
20260735,P1,imu_dropout,suppress IMU,L3,"AUC(faulted, matched-clean) folded to [0.5,1.0]",0.502212,L2a,False,0.005000,7.1393,VALID,,6383676a3491dc82d70f2db20cdafb942e5c588a
20260735,P1,imu_dropout,suppress IMU,L6,"AUC(faulted, matched-clean) folded to [0.5,1.0]",0.520325,L2a,False,0.005000,7.1393,VALID,,6383676a3491dc82d70f2db20cdafb942e5c588a
20260735,P1,imu_dropout,suppress IMU,L7,"AUC(faulted, matched-clean) folded to [0.5,1.0]",0.502500,L2a,False,0.005000,7.1393,VALID,,6383676a3491dc82d70f2db20cdafb942e5c588a
20260735,P1,imu_dropout,suppress IMU,L8,"AUC(faulted, matched-clean) folded to [0.5,1.0]",0.987500,L2a,False,0.005000,7.1393,VALID,,6383676a3491dc82d70f2db20cdafb942e5c588a
20260735,P1,position_bias,1.0 m,L1,"AUC(faulted, matched-clean) folded to [0.5,1.0]",1.000000,L2a,True,0.007500,12.2088,INVALID,ground-truth regeneration (ADR-0033): fault never reached the estimator,6383676a3491dc82d70f2db20cdafb942e5c588a
20260735,P1,position_bias,1.0 m,L2a,"AUC(faulted, matched-clean) folded to [0.5,1.0]",0.500000,L2a,True,0.007500,12.2088,INVALID,ground-truth regeneration (ADR-0033): fault never reached the estimator,6383676a3491dc82d70f2db20cdafb942e5c588a
20260735,P1,position_bias,1.0 m,L2b,"AUC(faulted, matched-clean) folded to [0.5,1.0]",0.500000,L2a,True,0.007500,12.2088,INVALID,ground-truth regeneration (ADR-0033): fault never reached the estimator,6383676a3491dc82d70f2db20cdafb942e5c588a
20260735,P1,position_bias,1.0 m,L3,"AUC(faulted, matched-clean) folded to [0.5,1.0]",0.500000,L2a,True,0.007500,12.2088,INVALID,ground-truth regeneration (ADR-0033): fault never reached the estimator,6383676a3491dc82d70f2db20cdafb942e5c588a
20260735,P1,position_bias,1.0 m,L6,"AUC(faulted, matched-clean) folded to [0.5,1.0]",0.500000,L2a,True,0.007500,12.2088,INVALID,ground-truth regeneration (ADR-0033): fault never reached the estimator,6383676a3491dc82d70f2db20cdafb942e5c588a
20260735,P1,position_bias,1.0 m,L7,"AUC(faulted, matched-clean) folded to [0.5,1.0]",0.500000,L2a,True,0.007500,12.2088,INVALID,ground-truth regeneration (ADR-0033): fault never reached the estimator,6383676a3491dc82d70f2db20cdafb942e5c588a
20260735,P1,position_bias,1.0 m,L8,"AUC(faulted, matched-clean) folded to [0.5,1.0]",0.500000,L2a,True,0.007500,12.2088,INVALID,ground-truth regeneration (ADR-0033): fault never reached the estimator,6383676a3491dc82d70f2db20cdafb942e5c588a
20260735,P1,position_drift,2.0 m final,L1,"AUC(faulted, matched-clean) folded to [0.5,1.0]",0.971738,L2a,True,0.007500,12.2088,INVALID,ground-truth regeneration (ADR-0033): fault never reached the estimator,6383676a3491dc82d70f2db20cdafb942e5c588a
20260735,P1,position_drift,2.0 m final,L2a,"AUC(faulted, matched-clean) folded to [0.5,1.0]",0.500000,L2a,True,0.007500,12.2088,INVALID,ground-truth regeneration (ADR-0033): fault never reached the estimator,6383676a3491dc82d70f2db20cdafb942e5c588a
20260735,P1,position_drift,2.0 m final,L2b,"AUC(faulted, matched-clean) folded to [0.5,1.0]",0.500000,L2a,True,0.007500,12.2088,INVALID,ground-truth regeneration (ADR-0033): fault never reached the estimator,6383676a3491dc82d70f2db20cdafb942e5c588a
20260735,P1,position_drift,2.0 m final,L3,"AUC(faulted, matched-clean) folded to [0.5,1.0]",0.500000,L2a,True,0.007500,12.2088,INVALID,ground-truth regeneration (ADR-0033): fault never reached the estimator,6383676a3491dc82d70f2db20cdafb942e5c588a
20260735,P1,position_drift,2.0 m final,L6,"AUC(faulted, matched-clean) folded to [0.5,1.0]",0.500000,L2a,True,0.007500,12.2088,INVALID,ground-truth regeneration (ADR-0033): fault never reached the estimator,6383676a3491dc82d70f2db20cdafb942e5c588a
20260735,P1,position_drift,2.0 m final,L7,"AUC(faulted, matched-clean) folded to [0.5,1.0]",0.500000,L2a,True,0.007500,12.2088,INVALID,ground-truth regeneration (ADR-0033): fault never reached the estimator,6383676a3491dc82d70f2db20cdafb942e5c588a
20260735,P1,position_drift,2.0 m final,L8,"AUC(faulted, matched-clean) folded to [0.5,1.0]",0.500000,L2a,True,0.007500,12.2088,INVALID,ground-truth regeneration (ADR-0033): fault never reached the estimator,6383676a3491dc82d70f2db20cdafb942e5c588a
20260735,P1,speed_stuck,hold,L1,"AUC(faulted, matched-clean) folded to [0.5,1.0]",0.972500,L2a,True,0.007500,12.2161,VALID,,6383676a3491dc82d70f2db20cdafb942e5c588a
20260735,P1,speed_stuck,hold,L2a,"AUC(faulted, matched-clean) folded to [0.5,1.0]",0.561063,L2a,True,0.007500,12.2161,VALID,,6383676a3491dc82d70f2db20cdafb942e5c588a
20260735,P1,speed_stuck,hold,L2b,"AUC(faulted, matched-clean) folded to [0.5,1.0]",0.535613,L2a,True,0.007500,12.2161,VALID,,6383676a3491dc82d70f2db20cdafb942e5c588a
20260735,P1,speed_stuck,hold,L3,"AUC(faulted, matched-clean) folded to [0.5,1.0]",0.560937,L2a,True,0.007500,12.2161,VALID,,6383676a3491dc82d70f2db20cdafb942e5c588a
20260735,P1,speed_stuck,hold,L6,"AUC(faulted, matched-clean) folded to [0.5,1.0]",0.501687,L2a,True,0.007500,12.2161,VALID,,6383676a3491dc82d70f2db20cdafb942e5c588a
20260735,P1,speed_stuck,hold,L7,"AUC(faulted, matched-clean) folded to [0.5,1.0]",0.500000,L2a,True,0.007500,12.2161,VALID,,6383676a3491dc82d70f2db20cdafb942e5c588a
20260735,P1,speed_stuck,hold,L8,"AUC(faulted, matched-clean) folded to [0.5,1.0]",0.500000,L2a,True,0.007500,12.2161,VALID,,6383676a3491dc82d70f2db20cdafb942e5c588a
20260735,P1,speed_bias,3.0 m/s,L1,"AUC(faulted, matched-clean) folded to [0.5,1.0]",1.000000,L2a,False,0.005000,11.8467,VALID,,6383676a3491dc82d70f2db20cdafb942e5c588a
20260735,P1,speed_bias,3.0 m/s,L2a,"AUC(faulted, matched-clean) folded to [0.5,1.0]",0.527300,L2a,False,0.005000,11.8467,VALID,,6383676a3491dc82d70f2db20cdafb942e5c588a
20260735,P1,speed_bias,3.0 m/s,L2b,"AUC(faulted, matched-clean) folded to [0.5,1.0]",0.684600,L2a,False,0.005000,11.8467,VALID,,6383676a3491dc82d70f2db20cdafb942e5c588a
20260735,P1,speed_bias,3.0 m/s,L3,"AUC(faulted, matched-clean) folded to [0.5,1.0]",0.521763,L2a,False,0.005000,11.8467,VALID,,6383676a3491dc82d70f2db20cdafb942e5c588a
20260735,P1,speed_bias,3.0 m/s,L6,"AUC(faulted, matched-clean) folded to [0.5,1.0]",0.562350,L2a,False,0.005000,11.8467,VALID,,6383676a3491dc82d70f2db20cdafb942e5c588a
20260735,P1,speed_bias,3.0 m/s,L7,"AUC(faulted, matched-clean) folded to [0.5,1.0]",0.502500,L2a,False,0.005000,11.8467,VALID,,6383676a3491dc82d70f2db20cdafb942e5c588a
20260735,P1,speed_bias,3.0 m/s,L8,"AUC(faulted, matched-clean) folded to [0.5,1.0]",0.500000,L2a,False,0.005000,11.8467,VALID,,6383676a3491dc82d70f2db20cdafb942e5c588a
20260735,P1,lateral_noise,sigma x25,L1,"AUC(faulted, matched-clean) folded to [0.5,1.0]",0.999975,,False,0.315000,8.9180,VALID,,6383676a3491dc82d70f2db20cdafb942e5c588a
20260735,P1,lateral_noise,sigma x25,L2a,"AUC(faulted, matched-clean) folded to [0.5,1.0]",0.990950,,False,0.315000,8.9180,VALID,,6383676a3491dc82d70f2db20cdafb942e5c588a
20260735,P1,lateral_noise,sigma x25,L2b,"AUC(faulted, matched-clean) folded to [0.5,1.0]",0.861125,,False,0.315000,8.9180,VALID,,6383676a3491dc82d70f2db20cdafb942e5c588a
20260735,P1,lateral_noise,sigma x25,L3,"AUC(faulted, matched-clean) folded to [0.5,1.0]",0.990875,,False,0.315000,8.9180,VALID,,6383676a3491dc82d70f2db20cdafb942e5c588a
20260735,P1,lateral_noise,sigma x25,L6,"AUC(faulted, matched-clean) folded to [0.5,1.0]",0.777925,,False,0.315000,8.9180,VALID,,6383676a3491dc82d70f2db20cdafb942e5c588a
20260735,P1,lateral_noise,sigma x25,L7,"AUC(faulted, matched-clean) folded to [0.5,1.0]",0.807500,,False,0.315000,8.9180,VALID,,6383676a3491dc82d70f2db20cdafb942e5c588a
20260735,P1,lateral_noise,sigma x25,L8,"AUC(faulted, matched-clean) folded to [0.5,1.0]",0.870000,,False,0.315000,8.9180,VALID,,6383676a3491dc82d70f2db20cdafb942e5c588a
20260736,P1,imu_dropout,suppress IMU,L1,"AUC(faulted, matched-clean) folded to [0.5,1.0]",0.997500,L7,False,0.102500,6.6702,VALID,,6383676a3491dc82d70f2db20cdafb942e5c588a
20260736,P1,imu_dropout,suppress IMU,L2a,"AUC(faulted, matched-clean) folded to [0.5,1.0]",0.906275,L7,False,0.102500,6.6702,VALID,,6383676a3491dc82d70f2db20cdafb942e5c588a
20260736,P1,imu_dropout,suppress IMU,L2b,"AUC(faulted, matched-clean) folded to [0.5,1.0]",0.993150,L7,False,0.102500,6.6702,VALID,,6383676a3491dc82d70f2db20cdafb942e5c588a
20260736,P1,imu_dropout,suppress IMU,L3,"AUC(faulted, matched-clean) folded to [0.5,1.0]",0.906525,L7,False,0.102500,6.6702,VALID,,6383676a3491dc82d70f2db20cdafb942e5c588a
20260736,P1,imu_dropout,suppress IMU,L6,"AUC(faulted, matched-clean) folded to [0.5,1.0]",0.851075,L7,False,0.102500,6.6702,VALID,,6383676a3491dc82d70f2db20cdafb942e5c588a
20260736,P1,imu_dropout,suppress IMU,L7,"AUC(faulted, matched-clean) folded to [0.5,1.0]",0.585000,L7,False,0.102500,6.6702,VALID,,6383676a3491dc82d70f2db20cdafb942e5c588a
20260736,P1,imu_dropout,suppress IMU,L8,"AUC(faulted, matched-clean) folded to [0.5,1.0]",0.987500,L7,False,0.102500,6.6702,VALID,,6383676a3491dc82d70f2db20cdafb942e5c588a
20260736,P1,position_bias,1.0 m,L1,"AUC(faulted, matched-clean) folded to [0.5,1.0]",1.000000,L2a,True,0.017500,11.5871,INVALID,ground-truth regeneration (ADR-0033): fault never reached the estimator,6383676a3491dc82d70f2db20cdafb942e5c588a
20260736,P1,position_bias,1.0 m,L2a,"AUC(faulted, matched-clean) folded to [0.5,1.0]",0.500000,L2a,True,0.017500,11.5871,INVALID,ground-truth regeneration (ADR-0033): fault never reached the estimator,6383676a3491dc82d70f2db20cdafb942e5c588a
20260736,P1,position_bias,1.0 m,L2b,"AUC(faulted, matched-clean) folded to [0.5,1.0]",0.500000,L2a,True,0.017500,11.5871,INVALID,ground-truth regeneration (ADR-0033): fault never reached the estimator,6383676a3491dc82d70f2db20cdafb942e5c588a
20260736,P1,position_bias,1.0 m,L3,"AUC(faulted, matched-clean) folded to [0.5,1.0]",0.500000,L2a,True,0.017500,11.5871,INVALID,ground-truth regeneration (ADR-0033): fault never reached the estimator,6383676a3491dc82d70f2db20cdafb942e5c588a
20260736,P1,position_bias,1.0 m,L6,"AUC(faulted, matched-clean) folded to [0.5,1.0]",0.500000,L2a,True,0.017500,11.5871,INVALID,ground-truth regeneration (ADR-0033): fault never reached the estimator,6383676a3491dc82d70f2db20cdafb942e5c588a
20260736,P1,position_bias,1.0 m,L7,"AUC(faulted, matched-clean) folded to [0.5,1.0]",0.500000,L2a,True,0.017500,11.5871,INVALID,ground-truth regeneration (ADR-0033): fault never reached the estimator,6383676a3491dc82d70f2db20cdafb942e5c588a
20260736,P1,position_bias,1.0 m,L8,"AUC(faulted, matched-clean) folded to [0.5,1.0]",0.500000,L2a,True,0.017500,11.5871,INVALID,ground-truth regeneration (ADR-0033): fault never reached the estimator,6383676a3491dc82d70f2db20cdafb942e5c588a
20260736,P1,position_drift,2.0 m final,L1,"AUC(faulted, matched-clean) folded to [0.5,1.0]",0.978387,L2a,True,0.017500,11.5871,INVALID,ground-truth regeneration (ADR-0033): fault never reached the estimator,6383676a3491dc82d70f2db20cdafb942e5c588a
20260736,P1,position_drift,2.0 m final,L2a,"AUC(faulted, matched-clean) folded to [0.5,1.0]",0.500000,L2a,True,0.017500,11.5871,INVALID,ground-truth regeneration (ADR-0033): fault never reached the estimator,6383676a3491dc82d70f2db20cdafb942e5c588a
20260736,P1,position_drift,2.0 m final,L2b,"AUC(faulted, matched-clean) folded to [0.5,1.0]",0.500000,L2a,True,0.017500,11.5871,INVALID,ground-truth regeneration (ADR-0033): fault never reached the estimator,6383676a3491dc82d70f2db20cdafb942e5c588a
20260736,P1,position_drift,2.0 m final,L3,"AUC(faulted, matched-clean) folded to [0.5,1.0]",0.500000,L2a,True,0.017500,11.5871,INVALID,ground-truth regeneration (ADR-0033): fault never reached the estimator,6383676a3491dc82d70f2db20cdafb942e5c588a
20260736,P1,position_drift,2.0 m final,L6,"AUC(faulted, matched-clean) folded to [0.5,1.0]",0.500000,L2a,True,0.017500,11.5871,INVALID,ground-truth regeneration (ADR-0033): fault never reached the estimator,6383676a3491dc82d70f2db20cdafb942e5c588a
20260736,P1,position_drift,2.0 m final,L7,"AUC(faulted, matched-clean) folded to [0.5,1.0]",0.500000,L2a,True,0.017500,11.5871,INVALID,ground-truth regeneration (ADR-0033): fault never reached the estimator,6383676a3491dc82d70f2db20cdafb942e5c588a
20260736,P1,position_drift,2.0 m final,L8,"AUC(faulted, matched-clean) folded to [0.5,1.0]",0.500000,L2a,True,0.017500,11.5871,INVALID,ground-truth regeneration (ADR-0033): fault never reached the estimator,6383676a3491dc82d70f2db20cdafb942e5c588a
20260736,P1,speed_stuck,hold,L1,"AUC(faulted, matched-clean) folded to [0.5,1.0]",0.612500,L2a,True,0.017500,11.6127,VALID,,6383676a3491dc82d70f2db20cdafb942e5c588a
20260736,P1,speed_stuck,hold,L2a,"AUC(faulted, matched-clean) folded to [0.5,1.0]",0.555187,L2a,True,0.017500,11.6127,VALID,,6383676a3491dc82d70f2db20cdafb942e5c588a
20260736,P1,speed_stuck,hold,L2b,"AUC(faulted, matched-clean) folded to [0.5,1.0]",0.530913,L2a,True,0.017500,11.6127,VALID,,6383676a3491dc82d70f2db20cdafb942e5c588a
20260736,P1,speed_stuck,hold,L3,"AUC(faulted, matched-clean) folded to [0.5,1.0]",0.554550,L2a,True,0.017500,11.6127,VALID,,6383676a3491dc82d70f2db20cdafb942e5c588a
20260736,P1,speed_stuck,hold,L6,"AUC(faulted, matched-clean) folded to [0.5,1.0]",0.513862,L2a,True,0.017500,11.6127,VALID,,6383676a3491dc82d70f2db20cdafb942e5c588a
20260736,P1,speed_stuck,hold,L7,"AUC(faulted, matched-clean) folded to [0.5,1.0]",0.500000,L2a,True,0.017500,11.6127,VALID,,6383676a3491dc82d70f2db20cdafb942e5c588a
20260736,P1,speed_stuck,hold,L8,"AUC(faulted, matched-clean) folded to [0.5,1.0]",0.500000,L2a,True,0.017500,11.6127,VALID,,6383676a3491dc82d70f2db20cdafb942e5c588a
20260736,P1,speed_bias,3.0 m/s,L1,"AUC(faulted, matched-clean) folded to [0.5,1.0]",1.000000,L2a,False,0.017500,11.2277,VALID,,6383676a3491dc82d70f2db20cdafb942e5c588a
20260736,P1,speed_bias,3.0 m/s,L2a,"AUC(faulted, matched-clean) folded to [0.5,1.0]",0.513700,L2a,False,0.017500,11.2277,VALID,,6383676a3491dc82d70f2db20cdafb942e5c588a
20260736,P1,speed_bias,3.0 m/s,L2b,"AUC(faulted, matched-clean) folded to [0.5,1.0]",0.670725,L2a,False,0.017500,11.2277,VALID,,6383676a3491dc82d70f2db20cdafb942e5c588a
20260736,P1,speed_bias,3.0 m/s,L3,"AUC(faulted, matched-clean) folded to [0.5,1.0]",0.508512,L2a,False,0.017500,11.2277,VALID,,6383676a3491dc82d70f2db20cdafb942e5c588a
20260736,P1,speed_bias,3.0 m/s,L6,"AUC(faulted, matched-clean) folded to [0.5,1.0]",0.604225,L2a,False,0.017500,11.2277,VALID,,6383676a3491dc82d70f2db20cdafb942e5c588a
20260736,P1,speed_bias,3.0 m/s,L7,"AUC(faulted, matched-clean) folded to [0.5,1.0]",0.500000,L2a,False,0.017500,11.2277,VALID,,6383676a3491dc82d70f2db20cdafb942e5c588a
20260736,P1,speed_bias,3.0 m/s,L8,"AUC(faulted, matched-clean) folded to [0.5,1.0]",0.500000,L2a,False,0.017500,11.2277,VALID,,6383676a3491dc82d70f2db20cdafb942e5c588a
20260736,P1,lateral_noise,sigma x25,L1,"AUC(faulted, matched-clean) folded to [0.5,1.0]",0.996175,,False,0.300000,8.5608,VALID,,6383676a3491dc82d70f2db20cdafb942e5c588a
20260736,P1,lateral_noise,sigma x25,L2a,"AUC(faulted, matched-clean) folded to [0.5,1.0]",0.977950,,False,0.300000,8.5608,VALID,,6383676a3491dc82d70f2db20cdafb942e5c588a
20260736,P1,lateral_noise,sigma x25,L2b,"AUC(faulted, matched-clean) folded to [0.5,1.0]",0.947625,,False,0.300000,8.5608,VALID,,6383676a3491dc82d70f2db20cdafb942e5c588a
20260736,P1,lateral_noise,sigma x25,L3,"AUC(faulted, matched-clean) folded to [0.5,1.0]",0.978150,,False,0.300000,8.5608,VALID,,6383676a3491dc82d70f2db20cdafb942e5c588a
20260736,P1,lateral_noise,sigma x25,L6,"AUC(faulted, matched-clean) folded to [0.5,1.0]",0.720625,,False,0.300000,8.5608,VALID,,6383676a3491dc82d70f2db20cdafb942e5c588a
20260736,P1,lateral_noise,sigma x25,L7,"AUC(faulted, matched-clean) folded to [0.5,1.0]",0.782500,,False,0.300000,8.5608,VALID,,6383676a3491dc82d70f2db20cdafb942e5c588a
20260736,P1,lateral_noise,sigma x25,L8,"AUC(faulted, matched-clean) folded to [0.5,1.0]",0.905000,,False,0.300000,8.5608,VALID,,6383676a3491dc82d70f2db20cdafb942e5c588a
20260737,P1,imu_dropout,suppress IMU,L1,"AUC(faulted, matched-clean) folded to [0.5,1.0]",0.997500,L6,False,0.017500,6.6799,VALID,,6383676a3491dc82d70f2db20cdafb942e5c588a
20260737,P1,imu_dropout,suppress IMU,L2a,"AUC(faulted, matched-clean) folded to [0.5,1.0]",0.682550,L6,False,0.017500,6.6799,VALID,,6383676a3491dc82d70f2db20cdafb942e5c588a
20260737,P1,imu_dropout,suppress IMU,L2b,"AUC(faulted, matched-clean) folded to [0.5,1.0]",0.761300,L6,False,0.017500,6.6799,VALID,,6383676a3491dc82d70f2db20cdafb942e5c588a
20260737,P1,imu_dropout,suppress IMU,L3,"AUC(faulted, matched-clean) folded to [0.5,1.0]",0.681863,L6,False,0.017500,6.6799,VALID,,6383676a3491dc82d70f2db20cdafb942e5c588a
20260737,P1,imu_dropout,suppress IMU,L6,"AUC(faulted, matched-clean) folded to [0.5,1.0]",0.590725,L6,False,0.017500,6.6799,VALID,,6383676a3491dc82d70f2db20cdafb942e5c588a
20260737,P1,imu_dropout,suppress IMU,L7,"AUC(faulted, matched-clean) folded to [0.5,1.0]",0.507500,L6,False,0.017500,6.6799,VALID,,6383676a3491dc82d70f2db20cdafb942e5c588a
20260737,P1,imu_dropout,suppress IMU,L8,"AUC(faulted, matched-clean) folded to [0.5,1.0]",0.987500,L6,False,0.017500,6.6799,VALID,,6383676a3491dc82d70f2db20cdafb942e5c588a
20260737,P1,position_bias,1.0 m,L1,"AUC(faulted, matched-clean) folded to [0.5,1.0]",1.000000,L2a,True,0.025000,11.5802,INVALID,ground-truth regeneration (ADR-0033): fault never reached the estimator,6383676a3491dc82d70f2db20cdafb942e5c588a
20260737,P1,position_bias,1.0 m,L2a,"AUC(faulted, matched-clean) folded to [0.5,1.0]",0.500000,L2a,True,0.025000,11.5802,INVALID,ground-truth regeneration (ADR-0033): fault never reached the estimator,6383676a3491dc82d70f2db20cdafb942e5c588a
20260737,P1,position_bias,1.0 m,L2b,"AUC(faulted, matched-clean) folded to [0.5,1.0]",0.500000,L2a,True,0.025000,11.5802,INVALID,ground-truth regeneration (ADR-0033): fault never reached the estimator,6383676a3491dc82d70f2db20cdafb942e5c588a
20260737,P1,position_bias,1.0 m,L3,"AUC(faulted, matched-clean) folded to [0.5,1.0]",0.500000,L2a,True,0.025000,11.5802,INVALID,ground-truth regeneration (ADR-0033): fault never reached the estimator,6383676a3491dc82d70f2db20cdafb942e5c588a
20260737,P1,position_bias,1.0 m,L6,"AUC(faulted, matched-clean) folded to [0.5,1.0]",0.500000,L2a,True,0.025000,11.5802,INVALID,ground-truth regeneration (ADR-0033): fault never reached the estimator,6383676a3491dc82d70f2db20cdafb942e5c588a
20260737,P1,position_bias,1.0 m,L7,"AUC(faulted, matched-clean) folded to [0.5,1.0]",0.500000,L2a,True,0.025000,11.5802,INVALID,ground-truth regeneration (ADR-0033): fault never reached the estimator,6383676a3491dc82d70f2db20cdafb942e5c588a
20260737,P1,position_bias,1.0 m,L8,"AUC(faulted, matched-clean) folded to [0.5,1.0]",0.500000,L2a,True,0.025000,11.5802,INVALID,ground-truth regeneration (ADR-0033): fault never reached the estimator,6383676a3491dc82d70f2db20cdafb942e5c588a
20260737,P1,position_drift,2.0 m final,L1,"AUC(faulted, matched-clean) folded to [0.5,1.0]",0.967912,L2a,True,0.025000,11.5802,INVALID,ground-truth regeneration (ADR-0033): fault never reached the estimator,6383676a3491dc82d70f2db20cdafb942e5c588a
20260737,P1,position_drift,2.0 m final,L2a,"AUC(faulted, matched-clean) folded to [0.5,1.0]",0.500000,L2a,True,0.025000,11.5802,INVALID,ground-truth regeneration (ADR-0033): fault never reached the estimator,6383676a3491dc82d70f2db20cdafb942e5c588a
20260737,P1,position_drift,2.0 m final,L2b,"AUC(faulted, matched-clean) folded to [0.5,1.0]",0.500000,L2a,True,0.025000,11.5802,INVALID,ground-truth regeneration (ADR-0033): fault never reached the estimator,6383676a3491dc82d70f2db20cdafb942e5c588a
20260737,P1,position_drift,2.0 m final,L3,"AUC(faulted, matched-clean) folded to [0.5,1.0]",0.500000,L2a,True,0.025000,11.5802,INVALID,ground-truth regeneration (ADR-0033): fault never reached the estimator,6383676a3491dc82d70f2db20cdafb942e5c588a
20260737,P1,position_drift,2.0 m final,L6,"AUC(faulted, matched-clean) folded to [0.5,1.0]",0.500000,L2a,True,0.025000,11.5802,INVALID,ground-truth regeneration (ADR-0033): fault never reached the estimator,6383676a3491dc82d70f2db20cdafb942e5c588a
20260737,P1,position_drift,2.0 m final,L7,"AUC(faulted, matched-clean) folded to [0.5,1.0]",0.500000,L2a,True,0.025000,11.5802,INVALID,ground-truth regeneration (ADR-0033): fault never reached the estimator,6383676a3491dc82d70f2db20cdafb942e5c588a
20260737,P1,position_drift,2.0 m final,L8,"AUC(faulted, matched-clean) folded to [0.5,1.0]",0.500000,L2a,True,0.025000,11.5802,INVALID,ground-truth regeneration (ADR-0033): fault never reached the estimator,6383676a3491dc82d70f2db20cdafb942e5c588a
20260737,P1,speed_stuck,hold,L1,"AUC(faulted, matched-clean) folded to [0.5,1.0]",0.952500,L2a,True,0.025000,11.5952,VALID,,6383676a3491dc82d70f2db20cdafb942e5c588a
20260737,P1,speed_stuck,hold,L2a,"AUC(faulted, matched-clean) folded to [0.5,1.0]",0.556262,L2a,True,0.025000,11.5952,VALID,,6383676a3491dc82d70f2db20cdafb942e5c588a
20260737,P1,speed_stuck,hold,L2b,"AUC(faulted, matched-clean) folded to [0.5,1.0]",0.533988,L2a,True,0.025000,11.5952,VALID,,6383676a3491dc82d70f2db20cdafb942e5c588a
20260737,P1,speed_stuck,hold,L3,"AUC(faulted, matched-clean) folded to [0.5,1.0]",0.554937,L2a,True,0.025000,11.5952,VALID,,6383676a3491dc82d70f2db20cdafb942e5c588a
20260737,P1,speed_stuck,hold,L6,"AUC(faulted, matched-clean) folded to [0.5,1.0]",0.508138,L2a,True,0.025000,11.5952,VALID,,6383676a3491dc82d70f2db20cdafb942e5c588a
20260737,P1,speed_stuck,hold,L7,"AUC(faulted, matched-clean) folded to [0.5,1.0]",0.500000,L2a,True,0.025000,11.5952,VALID,,6383676a3491dc82d70f2db20cdafb942e5c588a
20260737,P1,speed_stuck,hold,L8,"AUC(faulted, matched-clean) folded to [0.5,1.0]",0.500000,L2a,True,0.025000,11.5952,VALID,,6383676a3491dc82d70f2db20cdafb942e5c588a
20260737,P1,speed_bias,3.0 m/s,L1,"AUC(faulted, matched-clean) folded to [0.5,1.0]",1.000000,L2a,False,0.025000,11.2222,VALID,,6383676a3491dc82d70f2db20cdafb942e5c588a
20260737,P1,speed_bias,3.0 m/s,L2a,"AUC(faulted, matched-clean) folded to [0.5,1.0]",0.518975,L2a,False,0.025000,11.2222,VALID,,6383676a3491dc82d70f2db20cdafb942e5c588a
20260737,P1,speed_bias,3.0 m/s,L2b,"AUC(faulted, matched-clean) folded to [0.5,1.0]",0.728000,L2a,False,0.025000,11.2222,VALID,,6383676a3491dc82d70f2db20cdafb942e5c588a
20260737,P1,speed_bias,3.0 m/s,L3,"AUC(faulted, matched-clean) folded to [0.5,1.0]",0.511425,L2a,False,0.025000,11.2222,VALID,,6383676a3491dc82d70f2db20cdafb942e5c588a
20260737,P1,speed_bias,3.0 m/s,L6,"AUC(faulted, matched-clean) folded to [0.5,1.0]",0.641075,L2a,False,0.025000,11.2222,VALID,,6383676a3491dc82d70f2db20cdafb942e5c588a
20260737,P1,speed_bias,3.0 m/s,L7,"AUC(faulted, matched-clean) folded to [0.5,1.0]",0.500000,L2a,False,0.025000,11.2222,VALID,,6383676a3491dc82d70f2db20cdafb942e5c588a
20260737,P1,speed_bias,3.0 m/s,L8,"AUC(faulted, matched-clean) folded to [0.5,1.0]",0.500000,L2a,False,0.025000,11.2222,VALID,,6383676a3491dc82d70f2db20cdafb942e5c588a
20260737,P1,lateral_noise,sigma x25,L1,"AUC(faulted, matched-clean) folded to [0.5,1.0]",1.000000,,False,0.452500,8.0706,VALID,,6383676a3491dc82d70f2db20cdafb942e5c588a
20260737,P1,lateral_noise,sigma x25,L2a,"AUC(faulted, matched-clean) folded to [0.5,1.0]",0.983550,,False,0.452500,8.0706,VALID,,6383676a3491dc82d70f2db20cdafb942e5c588a
20260737,P1,lateral_noise,sigma x25,L2b,"AUC(faulted, matched-clean) folded to [0.5,1.0]",0.954400,,False,0.452500,8.0706,VALID,,6383676a3491dc82d70f2db20cdafb942e5c588a
20260737,P1,lateral_noise,sigma x25,L3,"AUC(faulted, matched-clean) folded to [0.5,1.0]",0.983450,,False,0.452500,8.0706,VALID,,6383676a3491dc82d70f2db20cdafb942e5c588a
20260737,P1,lateral_noise,sigma x25,L6,"AUC(faulted, matched-clean) folded to [0.5,1.0]",0.772725,,False,0.452500,8.0706,VALID,,6383676a3491dc82d70f2db20cdafb942e5c588a
20260737,P1,lateral_noise,sigma x25,L7,"AUC(faulted, matched-clean) folded to [0.5,1.0]",0.927500,,False,0.452500,8.0706,VALID,,6383676a3491dc82d70f2db20cdafb942e5c588a
20260737,P1,lateral_noise,sigma x25,L8,"AUC(faulted, matched-clean) folded to [0.5,1.0]",0.917500,,False,0.452500,8.0706,VALID,,6383676a3491dc82d70f2db20cdafb942e5c588a
20260738,P1,imu_dropout,suppress IMU,L1,"AUC(faulted, matched-clean) folded to [0.5,1.0]",0.997500,L7,False,0.100000,6.4505,VALID,,6383676a3491dc82d70f2db20cdafb942e5c588a
20260738,P1,imu_dropout,suppress IMU,L2a,"AUC(faulted, matched-clean) folded to [0.5,1.0]",0.867825,L7,False,0.100000,6.4505,VALID,,6383676a3491dc82d70f2db20cdafb942e5c588a
20260738,P1,imu_dropout,suppress IMU,L2b,"AUC(faulted, matched-clean) folded to [0.5,1.0]",0.706150,L7,False,0.100000,6.4505,VALID,,6383676a3491dc82d70f2db20cdafb942e5c588a
20260738,P1,imu_dropout,suppress IMU,L3,"AUC(faulted, matched-clean) folded to [0.5,1.0]",0.868162,L7,False,0.100000,6.4505,VALID,,6383676a3491dc82d70f2db20cdafb942e5c588a
20260738,P1,imu_dropout,suppress IMU,L6,"AUC(faulted, matched-clean) folded to [0.5,1.0]",0.855325,L7,False,0.100000,6.4505,VALID,,6383676a3491dc82d70f2db20cdafb942e5c588a
20260738,P1,imu_dropout,suppress IMU,L7,"AUC(faulted, matched-clean) folded to [0.5,1.0]",0.585000,L7,False,0.100000,6.4505,VALID,,6383676a3491dc82d70f2db20cdafb942e5c588a
20260738,P1,imu_dropout,suppress IMU,L8,"AUC(faulted, matched-clean) folded to [0.5,1.0]",0.987500,L7,False,0.100000,6.4505,VALID,,6383676a3491dc82d70f2db20cdafb942e5c588a
20260738,P1,position_bias,1.0 m,L1,"AUC(faulted, matched-clean) folded to [0.5,1.0]",1.000000,L2a,True,0.015000,11.3078,INVALID,ground-truth regeneration (ADR-0033): fault never reached the estimator,6383676a3491dc82d70f2db20cdafb942e5c588a
20260738,P1,position_bias,1.0 m,L2a,"AUC(faulted, matched-clean) folded to [0.5,1.0]",0.500000,L2a,True,0.015000,11.3078,INVALID,ground-truth regeneration (ADR-0033): fault never reached the estimator,6383676a3491dc82d70f2db20cdafb942e5c588a
20260738,P1,position_bias,1.0 m,L2b,"AUC(faulted, matched-clean) folded to [0.5,1.0]",0.500000,L2a,True,0.015000,11.3078,INVALID,ground-truth regeneration (ADR-0033): fault never reached the estimator,6383676a3491dc82d70f2db20cdafb942e5c588a
20260738,P1,position_bias,1.0 m,L3,"AUC(faulted, matched-clean) folded to [0.5,1.0]",0.500000,L2a,True,0.015000,11.3078,INVALID,ground-truth regeneration (ADR-0033): fault never reached the estimator,6383676a3491dc82d70f2db20cdafb942e5c588a
20260738,P1,position_bias,1.0 m,L6,"AUC(faulted, matched-clean) folded to [0.5,1.0]",0.500000,L2a,True,0.015000,11.3078,INVALID,ground-truth regeneration (ADR-0033): fault never reached the estimator,6383676a3491dc82d70f2db20cdafb942e5c588a
20260738,P1,position_bias,1.0 m,L7,"AUC(faulted, matched-clean) folded to [0.5,1.0]",0.500000,L2a,True,0.015000,11.3078,INVALID,ground-truth regeneration (ADR-0033): fault never reached the estimator,6383676a3491dc82d70f2db20cdafb942e5c588a
20260738,P1,position_bias,1.0 m,L8,"AUC(faulted, matched-clean) folded to [0.5,1.0]",0.500000,L2a,True,0.015000,11.3078,INVALID,ground-truth regeneration (ADR-0033): fault never reached the estimator,6383676a3491dc82d70f2db20cdafb942e5c588a
20260738,P1,position_drift,2.0 m final,L1,"AUC(faulted, matched-clean) folded to [0.5,1.0]",0.978712,L2a,True,0.015000,11.3078,INVALID,ground-truth regeneration (ADR-0033): fault never reached the estimator,6383676a3491dc82d70f2db20cdafb942e5c588a
20260738,P1,position_drift,2.0 m final,L2a,"AUC(faulted, matched-clean) folded to [0.5,1.0]",0.500000,L2a,True,0.015000,11.3078,INVALID,ground-truth regeneration (ADR-0033): fault never reached the estimator,6383676a3491dc82d70f2db20cdafb942e5c588a
20260738,P1,position_drift,2.0 m final,L2b,"AUC(faulted, matched-clean) folded to [0.5,1.0]",0.500000,L2a,True,0.015000,11.3078,INVALID,ground-truth regeneration (ADR-0033): fault never reached the estimator,6383676a3491dc82d70f2db20cdafb942e5c588a
20260738,P1,position_drift,2.0 m final,L3,"AUC(faulted, matched-clean) folded to [0.5,1.0]",0.500000,L2a,True,0.015000,11.3078,INVALID,ground-truth regeneration (ADR-0033): fault never reached the estimator,6383676a3491dc82d70f2db20cdafb942e5c588a
20260738,P1,position_drift,2.0 m final,L6,"AUC(faulted, matched-clean) folded to [0.5,1.0]",0.500000,L2a,True,0.015000,11.3078,INVALID,ground-truth regeneration (ADR-0033): fault never reached the estimator,6383676a3491dc82d70f2db20cdafb942e5c588a
20260738,P1,position_drift,2.0 m final,L7,"AUC(faulted, matched-clean) folded to [0.5,1.0]",0.500000,L2a,True,0.015000,11.3078,INVALID,ground-truth regeneration (ADR-0033): fault never reached the estimator,6383676a3491dc82d70f2db20cdafb942e5c588a
20260738,P1,position_drift,2.0 m final,L8,"AUC(faulted, matched-clean) folded to [0.5,1.0]",0.500000,L2a,True,0.015000,11.3078,INVALID,ground-truth regeneration (ADR-0033): fault never reached the estimator,6383676a3491dc82d70f2db20cdafb942e5c588a
20260738,P1,speed_stuck,hold,L1,"AUC(faulted, matched-clean) folded to [0.5,1.0]",0.842500,L2a,True,0.015000,11.3338,VALID,,6383676a3491dc82d70f2db20cdafb942e5c588a
20260738,P1,speed_stuck,hold,L2a,"AUC(faulted, matched-clean) folded to [0.5,1.0]",0.552812,L2a,True,0.015000,11.3338,VALID,,6383676a3491dc82d70f2db20cdafb942e5c588a
20260738,P1,speed_stuck,hold,L2b,"AUC(faulted, matched-clean) folded to [0.5,1.0]",0.527888,L2a,True,0.015000,11.3338,VALID,,6383676a3491dc82d70f2db20cdafb942e5c588a
20260738,P1,speed_stuck,hold,L3,"AUC(faulted, matched-clean) folded to [0.5,1.0]",0.551500,L2a,True,0.015000,11.3338,VALID,,6383676a3491dc82d70f2db20cdafb942e5c588a
20260738,P1,speed_stuck,hold,L6,"AUC(faulted, matched-clean) folded to [0.5,1.0]",0.512687,L2a,True,0.015000,11.3338,VALID,,6383676a3491dc82d70f2db20cdafb942e5c588a
20260738,P1,speed_stuck,hold,L7,"AUC(faulted, matched-clean) folded to [0.5,1.0]",0.500000,L2a,True,0.015000,11.3338,VALID,,6383676a3491dc82d70f2db20cdafb942e5c588a
20260738,P1,speed_stuck,hold,L8,"AUC(faulted, matched-clean) folded to [0.5,1.0]",0.500000,L2a,True,0.015000,11.3338,VALID,,6383676a3491dc82d70f2db20cdafb942e5c588a
20260738,P1,speed_bias,3.0 m/s,L1,"AUC(faulted, matched-clean) folded to [0.5,1.0]",1.000000,L2a,False,0.017500,10.9503,VALID,,6383676a3491dc82d70f2db20cdafb942e5c588a
20260738,P1,speed_bias,3.0 m/s,L2a,"AUC(faulted, matched-clean) folded to [0.5,1.0]",0.516525,L2a,False,0.017500,10.9503,VALID,,6383676a3491dc82d70f2db20cdafb942e5c588a
20260738,P1,speed_bias,3.0 m/s,L2b,"AUC(faulted, matched-clean) folded to [0.5,1.0]",0.653700,L2a,False,0.017500,10.9503,VALID,,6383676a3491dc82d70f2db20cdafb942e5c588a
20260738,P1,speed_bias,3.0 m/s,L3,"AUC(faulted, matched-clean) folded to [0.5,1.0]",0.512713,L2a,False,0.017500,10.9503,VALID,,6383676a3491dc82d70f2db20cdafb942e5c588a
20260738,P1,speed_bias,3.0 m/s,L6,"AUC(faulted, matched-clean) folded to [0.5,1.0]",0.625750,L2a,False,0.017500,10.9503,VALID,,6383676a3491dc82d70f2db20cdafb942e5c588a
20260738,P1,speed_bias,3.0 m/s,L7,"AUC(faulted, matched-clean) folded to [0.5,1.0]",0.502500,L2a,False,0.017500,10.9503,VALID,,6383676a3491dc82d70f2db20cdafb942e5c588a
20260738,P1,speed_bias,3.0 m/s,L8,"AUC(faulted, matched-clean) folded to [0.5,1.0]",0.500000,L2a,False,0.017500,10.9503,VALID,,6383676a3491dc82d70f2db20cdafb942e5c588a
20260738,P1,lateral_noise,sigma x25,L1,"AUC(faulted, matched-clean) folded to [0.5,1.0]",0.999750,L6,False,0.490000,7.9654,VALID,,6383676a3491dc82d70f2db20cdafb942e5c588a
20260738,P1,lateral_noise,sigma x25,L2a,"AUC(faulted, matched-clean) folded to [0.5,1.0]",0.968150,L6,False,0.490000,7.9654,VALID,,6383676a3491dc82d70f2db20cdafb942e5c588a
20260738,P1,lateral_noise,sigma x25,L2b,"AUC(faulted, matched-clean) folded to [0.5,1.0]",0.915663,L6,False,0.490000,7.9654,VALID,,6383676a3491dc82d70f2db20cdafb942e5c588a
20260738,P1,lateral_noise,sigma x25,L3,"AUC(faulted, matched-clean) folded to [0.5,1.0]",0.968100,L6,False,0.490000,7.9654,VALID,,6383676a3491dc82d70f2db20cdafb942e5c588a
20260738,P1,lateral_noise,sigma x25,L6,"AUC(faulted, matched-clean) folded to [0.5,1.0]",0.535450,L6,False,0.490000,7.9654,VALID,,6383676a3491dc82d70f2db20cdafb942e5c588a
20260738,P1,lateral_noise,sigma x25,L7,"AUC(faulted, matched-clean) folded to [0.5,1.0]",0.975000,L6,False,0.490000,7.9654,VALID,,6383676a3491dc82d70f2db20cdafb942e5c588a
20260738,P1,lateral_noise,sigma x25,L8,"AUC(faulted, matched-clean) folded to [0.5,1.0]",0.977500,L6,False,0.490000,7.9654,VALID,,6383676a3491dc82d70f2db20cdafb942e5c588a
20260739,P1,imu_dropout,suppress IMU,L1,"AUC(faulted, matched-clean) folded to [0.5,1.0]",0.997500,L7,False,0.037500,8.1460,VALID,,6383676a3491dc82d70f2db20cdafb942e5c588a
20260739,P1,imu_dropout,suppress IMU,L2a,"AUC(faulted, matched-clean) folded to [0.5,1.0]",0.874675,L7,False,0.037500,8.1460,VALID,,6383676a3491dc82d70f2db20cdafb942e5c588a
20260739,P1,imu_dropout,suppress IMU,L2b,"AUC(faulted, matched-clean) folded to [0.5,1.0]",0.720600,L7,False,0.037500,8.1460,VALID,,6383676a3491dc82d70f2db20cdafb942e5c588a
20260739,P1,imu_dropout,suppress IMU,L3,"AUC(faulted, matched-clean) folded to [0.5,1.0]",0.875312,L7,False,0.037500,8.1460,VALID,,6383676a3491dc82d70f2db20cdafb942e5c588a
20260739,P1,imu_dropout,suppress IMU,L6,"AUC(faulted, matched-clean) folded to [0.5,1.0]",0.619625,L7,False,0.037500,8.1460,VALID,,6383676a3491dc82d70f2db20cdafb942e5c588a
20260739,P1,imu_dropout,suppress IMU,L7,"AUC(faulted, matched-clean) folded to [0.5,1.0]",0.535000,L7,False,0.037500,8.1460,VALID,,6383676a3491dc82d70f2db20cdafb942e5c588a
20260739,P1,imu_dropout,suppress IMU,L8,"AUC(faulted, matched-clean) folded to [0.5,1.0]",0.987500,L7,False,0.037500,8.1460,VALID,,6383676a3491dc82d70f2db20cdafb942e5c588a
20260739,P1,position_bias,1.0 m,L1,"AUC(faulted, matched-clean) folded to [0.5,1.0]",1.000000,L2a,True,0.002500,13.6480,INVALID,ground-truth regeneration (ADR-0033): fault never reached the estimator,6383676a3491dc82d70f2db20cdafb942e5c588a
20260739,P1,position_bias,1.0 m,L2a,"AUC(faulted, matched-clean) folded to [0.5,1.0]",0.500000,L2a,True,0.002500,13.6480,INVALID,ground-truth regeneration (ADR-0033): fault never reached the estimator,6383676a3491dc82d70f2db20cdafb942e5c588a
20260739,P1,position_bias,1.0 m,L2b,"AUC(faulted, matched-clean) folded to [0.5,1.0]",0.500000,L2a,True,0.002500,13.6480,INVALID,ground-truth regeneration (ADR-0033): fault never reached the estimator,6383676a3491dc82d70f2db20cdafb942e5c588a
20260739,P1,position_bias,1.0 m,L3,"AUC(faulted, matched-clean) folded to [0.5,1.0]",0.500000,L2a,True,0.002500,13.6480,INVALID,ground-truth regeneration (ADR-0033): fault never reached the estimator,6383676a3491dc82d70f2db20cdafb942e5c588a
20260739,P1,position_bias,1.0 m,L6,"AUC(faulted, matched-clean) folded to [0.5,1.0]",0.500000,L2a,True,0.002500,13.6480,INVALID,ground-truth regeneration (ADR-0033): fault never reached the estimator,6383676a3491dc82d70f2db20cdafb942e5c588a
20260739,P1,position_bias,1.0 m,L7,"AUC(faulted, matched-clean) folded to [0.5,1.0]",0.500000,L2a,True,0.002500,13.6480,INVALID,ground-truth regeneration (ADR-0033): fault never reached the estimator,6383676a3491dc82d70f2db20cdafb942e5c588a
20260739,P1,position_bias,1.0 m,L8,"AUC(faulted, matched-clean) folded to [0.5,1.0]",0.500000,L2a,True,0.002500,13.6480,INVALID,ground-truth regeneration (ADR-0033): fault never reached the estimator,6383676a3491dc82d70f2db20cdafb942e5c588a
20260739,P1,position_drift,2.0 m final,L1,"AUC(faulted, matched-clean) folded to [0.5,1.0]",0.955638,L2a,True,0.002500,13.6480,INVALID,ground-truth regeneration (ADR-0033): fault never reached the estimator,6383676a3491dc82d70f2db20cdafb942e5c588a
20260739,P1,position_drift,2.0 m final,L2a,"AUC(faulted, matched-clean) folded to [0.5,1.0]",0.500000,L2a,True,0.002500,13.6480,INVALID,ground-truth regeneration (ADR-0033): fault never reached the estimator,6383676a3491dc82d70f2db20cdafb942e5c588a
20260739,P1,position_drift,2.0 m final,L2b,"AUC(faulted, matched-clean) folded to [0.5,1.0]",0.500000,L2a,True,0.002500,13.6480,INVALID,ground-truth regeneration (ADR-0033): fault never reached the estimator,6383676a3491dc82d70f2db20cdafb942e5c588a
20260739,P1,position_drift,2.0 m final,L3,"AUC(faulted, matched-clean) folded to [0.5,1.0]",0.500000,L2a,True,0.002500,13.6480,INVALID,ground-truth regeneration (ADR-0033): fault never reached the estimator,6383676a3491dc82d70f2db20cdafb942e5c588a
20260739,P1,position_drift,2.0 m final,L6,"AUC(faulted, matched-clean) folded to [0.5,1.0]",0.500000,L2a,True,0.002500,13.6480,INVALID,ground-truth regeneration (ADR-0033): fault never reached the estimator,6383676a3491dc82d70f2db20cdafb942e5c588a
20260739,P1,position_drift,2.0 m final,L7,"AUC(faulted, matched-clean) folded to [0.5,1.0]",0.500000,L2a,True,0.002500,13.6480,INVALID,ground-truth regeneration (ADR-0033): fault never reached the estimator,6383676a3491dc82d70f2db20cdafb942e5c588a
20260739,P1,position_drift,2.0 m final,L8,"AUC(faulted, matched-clean) folded to [0.5,1.0]",0.500000,L2a,True,0.002500,13.6480,INVALID,ground-truth regeneration (ADR-0033): fault never reached the estimator,6383676a3491dc82d70f2db20cdafb942e5c588a
20260739,P1,speed_stuck,hold,L1,"AUC(faulted, matched-clean) folded to [0.5,1.0]",0.997500,L2a,True,0.002500,13.6266,VALID,,6383676a3491dc82d70f2db20cdafb942e5c588a
20260739,P1,speed_stuck,hold,L2a,"AUC(faulted, matched-clean) folded to [0.5,1.0]",0.579313,L2a,True,0.002500,13.6266,VALID,,6383676a3491dc82d70f2db20cdafb942e5c588a
20260739,P1,speed_stuck,hold,L2b,"AUC(faulted, matched-clean) folded to [0.5,1.0]",0.563213,L2a,True,0.002500,13.6266,VALID,,6383676a3491dc82d70f2db20cdafb942e5c588a
20260739,P1,speed_stuck,hold,L3,"AUC(faulted, matched-clean) folded to [0.5,1.0]",0.577363,L2a,True,0.002500,13.6266,VALID,,6383676a3491dc82d70f2db20cdafb942e5c588a
20260739,P1,speed_stuck,hold,L6,"AUC(faulted, matched-clean) folded to [0.5,1.0]",0.506962,L2a,True,0.002500,13.6266,VALID,,6383676a3491dc82d70f2db20cdafb942e5c588a
20260739,P1,speed_stuck,hold,L7,"AUC(faulted, matched-clean) folded to [0.5,1.0]",0.500000,L2a,True,0.002500,13.6266,VALID,,6383676a3491dc82d70f2db20cdafb942e5c588a
20260739,P1,speed_stuck,hold,L8,"AUC(faulted, matched-clean) folded to [0.5,1.0]",0.500000,L2a,True,0.002500,13.6266,VALID,,6383676a3491dc82d70f2db20cdafb942e5c588a
20260739,P1,speed_bias,3.0 m/s,L1,"AUC(faulted, matched-clean) folded to [0.5,1.0]",1.000000,L2a,False,0.005000,13.2714,VALID,,6383676a3491dc82d70f2db20cdafb942e5c588a
20260739,P1,speed_bias,3.0 m/s,L2a,"AUC(faulted, matched-clean) folded to [0.5,1.0]",0.536700,L2a,False,0.005000,13.2714,VALID,,6383676a3491dc82d70f2db20cdafb942e5c588a
20260739,P1,speed_bias,3.0 m/s,L2b,"AUC(faulted, matched-clean) folded to [0.5,1.0]",0.652525,L2a,False,0.005000,13.2714,VALID,,6383676a3491dc82d70f2db20cdafb942e5c588a
20260739,P1,speed_bias,3.0 m/s,L3,"AUC(faulted, matched-clean) folded to [0.5,1.0]",0.534137,L2a,False,0.005000,13.2714,VALID,,6383676a3491dc82d70f2db20cdafb942e5c588a
20260739,P1,speed_bias,3.0 m/s,L6,"AUC(faulted, matched-clean) folded to [0.5,1.0]",0.555850,L2a,False,0.005000,13.2714,VALID,,6383676a3491dc82d70f2db20cdafb942e5c588a
20260739,P1,speed_bias,3.0 m/s,L7,"AUC(faulted, matched-clean) folded to [0.5,1.0]",0.502500,L2a,False,0.005000,13.2714,VALID,,6383676a3491dc82d70f2db20cdafb942e5c588a
20260739,P1,speed_bias,3.0 m/s,L8,"AUC(faulted, matched-clean) folded to [0.5,1.0]",0.500000,L2a,False,0.005000,13.2714,VALID,,6383676a3491dc82d70f2db20cdafb942e5c588a
20260739,P1,lateral_noise,sigma x25,L1,"AUC(faulted, matched-clean) folded to [0.5,1.0]",0.998850,L8,True,0.175000,12.1468,VALID,,6383676a3491dc82d70f2db20cdafb942e5c588a
20260739,P1,lateral_noise,sigma x25,L2a,"AUC(faulted, matched-clean) folded to [0.5,1.0]",0.977525,L8,True,0.175000,12.1468,VALID,,6383676a3491dc82d70f2db20cdafb942e5c588a
20260739,P1,lateral_noise,sigma x25,L2b,"AUC(faulted, matched-clean) folded to [0.5,1.0]",0.921900,L8,True,0.175000,12.1468,VALID,,6383676a3491dc82d70f2db20cdafb942e5c588a
20260739,P1,lateral_noise,sigma x25,L3,"AUC(faulted, matched-clean) folded to [0.5,1.0]",0.977437,L8,True,0.175000,12.1468,VALID,,6383676a3491dc82d70f2db20cdafb942e5c588a
20260739,P1,lateral_noise,sigma x25,L6,"AUC(faulted, matched-clean) folded to [0.5,1.0]",0.703500,L8,True,0.175000,12.1468,VALID,,6383676a3491dc82d70f2db20cdafb942e5c588a
20260739,P1,lateral_noise,sigma x25,L7,"AUC(faulted, matched-clean) folded to [0.5,1.0]",0.672500,L8,True,0.175000,12.1468,VALID,,6383676a3491dc82d70f2db20cdafb942e5c588a
20260739,P1,lateral_noise,sigma x25,L8,"AUC(faulted, matched-clean) folded to [0.5,1.0]",0.542500,L8,True,0.175000,12.1468,VALID,,6383676a3491dc82d70f2db20cdafb942e5c588a
20260740,P1,imu_dropout,suppress IMU,L1,"AUC(faulted, matched-clean) folded to [0.5,1.0]",0.997500,L7,False,0.010000,6.3479,VALID,,6383676a3491dc82d70f2db20cdafb942e5c588a
20260740,P1,imu_dropout,suppress IMU,L2a,"AUC(faulted, matched-clean) folded to [0.5,1.0]",0.723375,L7,False,0.010000,6.3479,VALID,,6383676a3491dc82d70f2db20cdafb942e5c588a
20260740,P1,imu_dropout,suppress IMU,L2b,"AUC(faulted, matched-clean) folded to [0.5,1.0]",0.939200,L7,False,0.010000,6.3479,VALID,,6383676a3491dc82d70f2db20cdafb942e5c588a
20260740,P1,imu_dropout,suppress IMU,L3,"AUC(faulted, matched-clean) folded to [0.5,1.0]",0.723712,L7,False,0.010000,6.3479,VALID,,6383676a3491dc82d70f2db20cdafb942e5c588a
20260740,P1,imu_dropout,suppress IMU,L6,"AUC(faulted, matched-clean) folded to [0.5,1.0]",0.687750,L7,False,0.010000,6.3479,VALID,,6383676a3491dc82d70f2db20cdafb942e5c588a
20260740,P1,imu_dropout,suppress IMU,L7,"AUC(faulted, matched-clean) folded to [0.5,1.0]",0.500000,L7,False,0.010000,6.3479,VALID,,6383676a3491dc82d70f2db20cdafb942e5c588a
20260740,P1,imu_dropout,suppress IMU,L8,"AUC(faulted, matched-clean) folded to [0.5,1.0]",0.987500,L7,False,0.010000,6.3479,VALID,,6383676a3491dc82d70f2db20cdafb942e5c588a
20260740,P1,position_bias,1.0 m,L1,"AUC(faulted, matched-clean) folded to [0.5,1.0]",1.000000,L2a,True,0.010000,11.1657,INVALID,ground-truth regeneration (ADR-0033): fault never reached the estimator,6383676a3491dc82d70f2db20cdafb942e5c588a
20260740,P1,position_bias,1.0 m,L2a,"AUC(faulted, matched-clean) folded to [0.5,1.0]",0.500000,L2a,True,0.010000,11.1657,INVALID,ground-truth regeneration (ADR-0033): fault never reached the estimator,6383676a3491dc82d70f2db20cdafb942e5c588a
20260740,P1,position_bias,1.0 m,L2b,"AUC(faulted, matched-clean) folded to [0.5,1.0]",0.500000,L2a,True,0.010000,11.1657,INVALID,ground-truth regeneration (ADR-0033): fault never reached the estimator,6383676a3491dc82d70f2db20cdafb942e5c588a
20260740,P1,position_bias,1.0 m,L3,"AUC(faulted, matched-clean) folded to [0.5,1.0]",0.500000,L2a,True,0.010000,11.1657,INVALID,ground-truth regeneration (ADR-0033): fault never reached the estimator,6383676a3491dc82d70f2db20cdafb942e5c588a
20260740,P1,position_bias,1.0 m,L6,"AUC(faulted, matched-clean) folded to [0.5,1.0]",0.500000,L2a,True,0.010000,11.1657,INVALID,ground-truth regeneration (ADR-0033): fault never reached the estimator,6383676a3491dc82d70f2db20cdafb942e5c588a
20260740,P1,position_bias,1.0 m,L7,"AUC(faulted, matched-clean) folded to [0.5,1.0]",0.500000,L2a,True,0.010000,11.1657,INVALID,ground-truth regeneration (ADR-0033): fault never reached the estimator,6383676a3491dc82d70f2db20cdafb942e5c588a
20260740,P1,position_bias,1.0 m,L8,"AUC(faulted, matched-clean) folded to [0.5,1.0]",0.500000,L2a,True,0.010000,11.1657,INVALID,ground-truth regeneration (ADR-0033): fault never reached the estimator,6383676a3491dc82d70f2db20cdafb942e5c588a
20260740,P1,position_drift,2.0 m final,L1,"AUC(faulted, matched-clean) folded to [0.5,1.0]",0.969862,L2a,True,0.010000,11.1657,INVALID,ground-truth regeneration (ADR-0033): fault never reached the estimator,6383676a3491dc82d70f2db20cdafb942e5c588a
20260740,P1,position_drift,2.0 m final,L2a,"AUC(faulted, matched-clean) folded to [0.5,1.0]",0.500000,L2a,True,0.010000,11.1657,INVALID,ground-truth regeneration (ADR-0033): fault never reached the estimator,6383676a3491dc82d70f2db20cdafb942e5c588a
20260740,P1,position_drift,2.0 m final,L2b,"AUC(faulted, matched-clean) folded to [0.5,1.0]",0.500000,L2a,True,0.010000,11.1657,INVALID,ground-truth regeneration (ADR-0033): fault never reached the estimator,6383676a3491dc82d70f2db20cdafb942e5c588a
20260740,P1,position_drift,2.0 m final,L3,"AUC(faulted, matched-clean) folded to [0.5,1.0]",0.500000,L2a,True,0.010000,11.1657,INVALID,ground-truth regeneration (ADR-0033): fault never reached the estimator,6383676a3491dc82d70f2db20cdafb942e5c588a
20260740,P1,position_drift,2.0 m final,L6,"AUC(faulted, matched-clean) folded to [0.5,1.0]",0.500000,L2a,True,0.010000,11.1657,INVALID,ground-truth regeneration (ADR-0033): fault never reached the estimator,6383676a3491dc82d70f2db20cdafb942e5c588a
20260740,P1,position_drift,2.0 m final,L7,"AUC(faulted, matched-clean) folded to [0.5,1.0]",0.500000,L2a,True,0.010000,11.1657,INVALID,ground-truth regeneration (ADR-0033): fault never reached the estimator,6383676a3491dc82d70f2db20cdafb942e5c588a
20260740,P1,position_drift,2.0 m final,L8,"AUC(faulted, matched-clean) folded to [0.5,1.0]",0.500000,L2a,True,0.010000,11.1657,INVALID,ground-truth regeneration (ADR-0033): fault never reached the estimator,6383676a3491dc82d70f2db20cdafb942e5c588a
20260740,P1,speed_stuck,hold,L1,"AUC(faulted, matched-clean) folded to [0.5,1.0]",0.922500,L2a,True,0.010000,11.1980,VALID,,6383676a3491dc82d70f2db20cdafb942e5c588a
20260740,P1,speed_stuck,hold,L2a,"AUC(faulted, matched-clean) folded to [0.5,1.0]",0.562188,L2a,True,0.010000,11.1980,VALID,,6383676a3491dc82d70f2db20cdafb942e5c588a
20260740,P1,speed_stuck,hold,L2b,"AUC(faulted, matched-clean) folded to [0.5,1.0]",0.516288,L2a,True,0.010000,11.1980,VALID,,6383676a3491dc82d70f2db20cdafb942e5c588a
20260740,P1,speed_stuck,hold,L3,"AUC(faulted, matched-clean) folded to [0.5,1.0]",0.557638,L2a,True,0.010000,11.1980,VALID,,6383676a3491dc82d70f2db20cdafb942e5c588a
20260740,P1,speed_stuck,hold,L6,"AUC(faulted, matched-clean) folded to [0.5,1.0]",0.530012,L2a,True,0.010000,11.1980,VALID,,6383676a3491dc82d70f2db20cdafb942e5c588a
20260740,P1,speed_stuck,hold,L7,"AUC(faulted, matched-clean) folded to [0.5,1.0]",0.500000,L2a,True,0.010000,11.1980,VALID,,6383676a3491dc82d70f2db20cdafb942e5c588a
20260740,P1,speed_stuck,hold,L8,"AUC(faulted, matched-clean) folded to [0.5,1.0]",0.500000,L2a,True,0.010000,11.1980,VALID,,6383676a3491dc82d70f2db20cdafb942e5c588a
20260740,P1,speed_bias,3.0 m/s,L1,"AUC(faulted, matched-clean) folded to [0.5,1.0]",1.000000,L2a,False,0.010000,10.8084,VALID,,6383676a3491dc82d70f2db20cdafb942e5c588a
20260740,P1,speed_bias,3.0 m/s,L2a,"AUC(faulted, matched-clean) folded to [0.5,1.0]",0.514975,L2a,False,0.010000,10.8084,VALID,,6383676a3491dc82d70f2db20cdafb942e5c588a
20260740,P1,speed_bias,3.0 m/s,L2b,"AUC(faulted, matched-clean) folded to [0.5,1.0]",0.680450,L2a,False,0.010000,10.8084,VALID,,6383676a3491dc82d70f2db20cdafb942e5c588a
20260740,P1,speed_bias,3.0 m/s,L3,"AUC(faulted, matched-clean) folded to [0.5,1.0]",0.510250,L2a,False,0.010000,10.8084,VALID,,6383676a3491dc82d70f2db20cdafb942e5c588a
20260740,P1,speed_bias,3.0 m/s,L6,"AUC(faulted, matched-clean) folded to [0.5,1.0]",0.641875,L2a,False,0.010000,10.8084,VALID,,6383676a3491dc82d70f2db20cdafb942e5c588a
20260740,P1,speed_bias,3.0 m/s,L7,"AUC(faulted, matched-clean) folded to [0.5,1.0]",0.500000,L2a,False,0.010000,10.8084,VALID,,6383676a3491dc82d70f2db20cdafb942e5c588a
20260740,P1,speed_bias,3.0 m/s,L8,"AUC(faulted, matched-clean) folded to [0.5,1.0]",0.500000,L2a,False,0.010000,10.8084,VALID,,6383676a3491dc82d70f2db20cdafb942e5c588a
20260740,P1,lateral_noise,sigma x25,L1,"AUC(faulted, matched-clean) folded to [0.5,1.0]",0.999125,,False,0.222500,9.5417,VALID,,6383676a3491dc82d70f2db20cdafb942e5c588a
20260740,P1,lateral_noise,sigma x25,L2a,"AUC(faulted, matched-clean) folded to [0.5,1.0]",0.979575,,False,0.222500,9.5417,VALID,,6383676a3491dc82d70f2db20cdafb942e5c588a
20260740,P1,lateral_noise,sigma x25,L2b,"AUC(faulted, matched-clean) folded to [0.5,1.0]",0.941375,,False,0.222500,9.5417,VALID,,6383676a3491dc82d70f2db20cdafb942e5c588a
20260740,P1,lateral_noise,sigma x25,L3,"AUC(faulted, matched-clean) folded to [0.5,1.0]",0.979588,,False,0.222500,9.5417,VALID,,6383676a3491dc82d70f2db20cdafb942e5c588a
20260740,P1,lateral_noise,sigma x25,L6,"AUC(faulted, matched-clean) folded to [0.5,1.0]",0.697075,,False,0.222500,9.5417,VALID,,6383676a3491dc82d70f2db20cdafb942e5c588a
20260740,P1,lateral_noise,sigma x25,L7,"AUC(faulted, matched-clean) folded to [0.5,1.0]",0.712500,,False,0.222500,9.5417,VALID,,6383676a3491dc82d70f2db20cdafb942e5c588a
20260740,P1,lateral_noise,sigma x25,L8,"AUC(faulted, matched-clean) folded to [0.5,1.0]",0.630000,,False,0.222500,9.5417,VALID,,6383676a3491dc82d70f2db20cdafb942e5c588a
20260741,P1,imu_dropout,suppress IMU,L1,"AUC(faulted, matched-clean) folded to [0.5,1.0]",0.997500,L7,False,0.005000,6.2623,VALID,,6383676a3491dc82d70f2db20cdafb942e5c588a
20260741,P1,imu_dropout,suppress IMU,L2a,"AUC(faulted, matched-clean) folded to [0.5,1.0]",0.770950,L7,False,0.005000,6.2623,VALID,,6383676a3491dc82d70f2db20cdafb942e5c588a
20260741,P1,imu_dropout,suppress IMU,L2b,"AUC(faulted, matched-clean) folded to [0.5,1.0]",0.967800,L7,False,0.005000,6.2623,VALID,,6383676a3491dc82d70f2db20cdafb942e5c588a
20260741,P1,imu_dropout,suppress IMU,L3,"AUC(faulted, matched-clean) folded to [0.5,1.0]",0.771750,L7,False,0.005000,6.2623,VALID,,6383676a3491dc82d70f2db20cdafb942e5c588a
20260741,P1,imu_dropout,suppress IMU,L6,"AUC(faulted, matched-clean) folded to [0.5,1.0]",0.743075,L7,False,0.005000,6.2623,VALID,,6383676a3491dc82d70f2db20cdafb942e5c588a
20260741,P1,imu_dropout,suppress IMU,L7,"AUC(faulted, matched-clean) folded to [0.5,1.0]",0.502500,L7,False,0.005000,6.2623,VALID,,6383676a3491dc82d70f2db20cdafb942e5c588a
20260741,P1,imu_dropout,suppress IMU,L8,"AUC(faulted, matched-clean) folded to [0.5,1.0]",0.987500,L7,False,0.005000,6.2623,VALID,,6383676a3491dc82d70f2db20cdafb942e5c588a
20260741,P1,position_bias,1.0 m,L1,"AUC(faulted, matched-clean) folded to [0.5,1.0]",1.000000,L2a,True,0.007500,11.0415,INVALID,ground-truth regeneration (ADR-0033): fault never reached the estimator,6383676a3491dc82d70f2db20cdafb942e5c588a
20260741,P1,position_bias,1.0 m,L2a,"AUC(faulted, matched-clean) folded to [0.5,1.0]",0.500000,L2a,True,0.007500,11.0415,INVALID,ground-truth regeneration (ADR-0033): fault never reached the estimator,6383676a3491dc82d70f2db20cdafb942e5c588a
20260741,P1,position_bias,1.0 m,L2b,"AUC(faulted, matched-clean) folded to [0.5,1.0]",0.500000,L2a,True,0.007500,11.0415,INVALID,ground-truth regeneration (ADR-0033): fault never reached the estimator,6383676a3491dc82d70f2db20cdafb942e5c588a
20260741,P1,position_bias,1.0 m,L3,"AUC(faulted, matched-clean) folded to [0.5,1.0]",0.500000,L2a,True,0.007500,11.0415,INVALID,ground-truth regeneration (ADR-0033): fault never reached the estimator,6383676a3491dc82d70f2db20cdafb942e5c588a
20260741,P1,position_bias,1.0 m,L6,"AUC(faulted, matched-clean) folded to [0.5,1.0]",0.500000,L2a,True,0.007500,11.0415,INVALID,ground-truth regeneration (ADR-0033): fault never reached the estimator,6383676a3491dc82d70f2db20cdafb942e5c588a
20260741,P1,position_bias,1.0 m,L7,"AUC(faulted, matched-clean) folded to [0.5,1.0]",0.500000,L2a,True,0.007500,11.0415,INVALID,ground-truth regeneration (ADR-0033): fault never reached the estimator,6383676a3491dc82d70f2db20cdafb942e5c588a
20260741,P1,position_bias,1.0 m,L8,"AUC(faulted, matched-clean) folded to [0.5,1.0]",0.500000,L2a,True,0.007500,11.0415,INVALID,ground-truth regeneration (ADR-0033): fault never reached the estimator,6383676a3491dc82d70f2db20cdafb942e5c588a
20260741,P1,position_drift,2.0 m final,L1,"AUC(faulted, matched-clean) folded to [0.5,1.0]",0.976087,L2a,True,0.007500,11.0415,INVALID,ground-truth regeneration (ADR-0033): fault never reached the estimator,6383676a3491dc82d70f2db20cdafb942e5c588a
20260741,P1,position_drift,2.0 m final,L2a,"AUC(faulted, matched-clean) folded to [0.5,1.0]",0.500000,L2a,True,0.007500,11.0415,INVALID,ground-truth regeneration (ADR-0033): fault never reached the estimator,6383676a3491dc82d70f2db20cdafb942e5c588a
20260741,P1,position_drift,2.0 m final,L2b,"AUC(faulted, matched-clean) folded to [0.5,1.0]",0.500000,L2a,True,0.007500,11.0415,INVALID,ground-truth regeneration (ADR-0033): fault never reached the estimator,6383676a3491dc82d70f2db20cdafb942e5c588a
20260741,P1,position_drift,2.0 m final,L3,"AUC(faulted, matched-clean) folded to [0.5,1.0]",0.500000,L2a,True,0.007500,11.0415,INVALID,ground-truth regeneration (ADR-0033): fault never reached the estimator,6383676a3491dc82d70f2db20cdafb942e5c588a
20260741,P1,position_drift,2.0 m final,L6,"AUC(faulted, matched-clean) folded to [0.5,1.0]",0.500000,L2a,True,0.007500,11.0415,INVALID,ground-truth regeneration (ADR-0033): fault never reached the estimator,6383676a3491dc82d70f2db20cdafb942e5c588a
20260741,P1,position_drift,2.0 m final,L7,"AUC(faulted, matched-clean) folded to [0.5,1.0]",0.500000,L2a,True,0.007500,11.0415,INVALID,ground-truth regeneration (ADR-0033): fault never reached the estimator,6383676a3491dc82d70f2db20cdafb942e5c588a
20260741,P1,position_drift,2.0 m final,L8,"AUC(faulted, matched-clean) folded to [0.5,1.0]",0.500000,L2a,True,0.007500,11.0415,INVALID,ground-truth regeneration (ADR-0033): fault never reached the estimator,6383676a3491dc82d70f2db20cdafb942e5c588a
20260741,P1,speed_stuck,hold,L1,"AUC(faulted, matched-clean) folded to [0.5,1.0]",0.987500,L2a,True,0.007500,11.0728,VALID,,6383676a3491dc82d70f2db20cdafb942e5c588a
20260741,P1,speed_stuck,hold,L2a,"AUC(faulted, matched-clean) folded to [0.5,1.0]",0.560737,L2a,True,0.007500,11.0728,VALID,,6383676a3491dc82d70f2db20cdafb942e5c588a
20260741,P1,speed_stuck,hold,L2b,"AUC(faulted, matched-clean) folded to [0.5,1.0]",0.520338,L2a,True,0.007500,11.0728,VALID,,6383676a3491dc82d70f2db20cdafb942e5c588a
20260741,P1,speed_stuck,hold,L3,"AUC(faulted, matched-clean) folded to [0.5,1.0]",0.558125,L2a,True,0.007500,11.0728,VALID,,6383676a3491dc82d70f2db20cdafb942e5c588a
20260741,P1,speed_stuck,hold,L6,"AUC(faulted, matched-clean) folded to [0.5,1.0]",0.532138,L2a,True,0.007500,11.0728,VALID,,6383676a3491dc82d70f2db20cdafb942e5c588a
20260741,P1,speed_stuck,hold,L7,"AUC(faulted, matched-clean) folded to [0.5,1.0]",0.500000,L2a,True,0.007500,11.0728,VALID,,6383676a3491dc82d70f2db20cdafb942e5c588a
20260741,P1,speed_stuck,hold,L8,"AUC(faulted, matched-clean) folded to [0.5,1.0]",0.500000,L2a,True,0.007500,11.0728,VALID,,6383676a3491dc82d70f2db20cdafb942e5c588a
20260741,P1,speed_bias,3.0 m/s,L1,"AUC(faulted, matched-clean) folded to [0.5,1.0]",1.000000,L2a,False,0.007500,10.6883,VALID,,6383676a3491dc82d70f2db20cdafb942e5c588a
20260741,P1,speed_bias,3.0 m/s,L2a,"AUC(faulted, matched-clean) folded to [0.5,1.0]",0.517075,L2a,False,0.007500,10.6883,VALID,,6383676a3491dc82d70f2db20cdafb942e5c588a
20260741,P1,speed_bias,3.0 m/s,L2b,"AUC(faulted, matched-clean) folded to [0.5,1.0]",0.700425,L2a,False,0.007500,10.6883,VALID,,6383676a3491dc82d70f2db20cdafb942e5c588a
20260741,P1,speed_bias,3.0 m/s,L3,"AUC(faulted, matched-clean) folded to [0.5,1.0]",0.512750,L2a,False,0.007500,10.6883,VALID,,6383676a3491dc82d70f2db20cdafb942e5c588a
20260741,P1,speed_bias,3.0 m/s,L6,"AUC(faulted, matched-clean) folded to [0.5,1.0]",0.660225,L2a,False,0.007500,10.6883,VALID,,6383676a3491dc82d70f2db20cdafb942e5c588a
20260741,P1,speed_bias,3.0 m/s,L7,"AUC(faulted, matched-clean) folded to [0.5,1.0]",0.500000,L2a,False,0.007500,10.6883,VALID,,6383676a3491dc82d70f2db20cdafb942e5c588a
20260741,P1,speed_bias,3.0 m/s,L8,"AUC(faulted, matched-clean) folded to [0.5,1.0]",0.500000,L2a,False,0.007500,10.6883,VALID,,6383676a3491dc82d70f2db20cdafb942e5c588a
20260741,P1,lateral_noise,sigma x25,L1,"AUC(faulted, matched-clean) folded to [0.5,1.0]",0.998575,L6,False,0.315000,8.8047,VALID,,6383676a3491dc82d70f2db20cdafb942e5c588a
20260741,P1,lateral_noise,sigma x25,L2a,"AUC(faulted, matched-clean) folded to [0.5,1.0]",0.984375,L6,False,0.315000,8.8047,VALID,,6383676a3491dc82d70f2db20cdafb942e5c588a
20260741,P1,lateral_noise,sigma x25,L2b,"AUC(faulted, matched-clean) folded to [0.5,1.0]",0.946825,L6,False,0.315000,8.8047,VALID,,6383676a3491dc82d70f2db20cdafb942e5c588a
20260741,P1,lateral_noise,sigma x25,L3,"AUC(faulted, matched-clean) folded to [0.5,1.0]",0.984487,L6,False,0.315000,8.8047,VALID,,6383676a3491dc82d70f2db20cdafb942e5c588a
20260741,P1,lateral_noise,sigma x25,L6,"AUC(faulted, matched-clean) folded to [0.5,1.0]",0.567675,L6,False,0.315000,8.8047,VALID,,6383676a3491dc82d70f2db20cdafb942e5c588a
20260741,P1,lateral_noise,sigma x25,L7,"AUC(faulted, matched-clean) folded to [0.5,1.0]",0.807500,L6,False,0.315000,8.8047,VALID,,6383676a3491dc82d70f2db20cdafb942e5c588a
20260741,P1,lateral_noise,sigma x25,L8,"AUC(faulted, matched-clean) folded to [0.5,1.0]",0.897500,L6,False,0.315000,8.8047,VALID,,6383676a3491dc82d70f2db20cdafb942e5c588a
20260742,P1,imu_dropout,suppress IMU,L1,"AUC(faulted, matched-clean) folded to [0.5,1.0]",0.997500,,False,0.450000,5.8628,VALID,,6383676a3491dc82d70f2db20cdafb942e5c588a
20260742,P1,imu_dropout,suppress IMU,L2a,"AUC(faulted, matched-clean) folded to [0.5,1.0]",0.982075,,False,0.450000,5.8628,VALID,,6383676a3491dc82d70f2db20cdafb942e5c588a
20260742,P1,imu_dropout,suppress IMU,L2b,"AUC(faulted, matched-clean) folded to [0.5,1.0]",0.899600,,False,0.450000,5.8628,VALID,,6383676a3491dc82d70f2db20cdafb942e5c588a
20260742,P1,imu_dropout,suppress IMU,L3,"AUC(faulted, matched-clean) folded to [0.5,1.0]",0.982050,,False,0.450000,5.8628,VALID,,6383676a3491dc82d70f2db20cdafb942e5c588a
20260742,P1,imu_dropout,suppress IMU,L6,"AUC(faulted, matched-clean) folded to [0.5,1.0]",0.754025,,False,0.450000,5.8628,VALID,,6383676a3491dc82d70f2db20cdafb942e5c588a
20260742,P1,imu_dropout,suppress IMU,L7,"AUC(faulted, matched-clean) folded to [0.5,1.0]",0.940000,,False,0.450000,5.8628,VALID,,6383676a3491dc82d70f2db20cdafb942e5c588a
20260742,P1,imu_dropout,suppress IMU,L8,"AUC(faulted, matched-clean) folded to [0.5,1.0]",0.987500,,False,0.450000,5.8628,VALID,,6383676a3491dc82d70f2db20cdafb942e5c588a
20260742,P1,position_bias,1.0 m,L1,"AUC(faulted, matched-clean) folded to [0.5,1.0]",1.000000,L2a,True,0.010000,10.4927,INVALID,ground-truth regeneration (ADR-0033): fault never reached the estimator,6383676a3491dc82d70f2db20cdafb942e5c588a
20260742,P1,position_bias,1.0 m,L2a,"AUC(faulted, matched-clean) folded to [0.5,1.0]",0.500000,L2a,True,0.010000,10.4927,INVALID,ground-truth regeneration (ADR-0033): fault never reached the estimator,6383676a3491dc82d70f2db20cdafb942e5c588a
20260742,P1,position_bias,1.0 m,L2b,"AUC(faulted, matched-clean) folded to [0.5,1.0]",0.500000,L2a,True,0.010000,10.4927,INVALID,ground-truth regeneration (ADR-0033): fault never reached the estimator,6383676a3491dc82d70f2db20cdafb942e5c588a
20260742,P1,position_bias,1.0 m,L3,"AUC(faulted, matched-clean) folded to [0.5,1.0]",0.500000,L2a,True,0.010000,10.4927,INVALID,ground-truth regeneration (ADR-0033): fault never reached the estimator,6383676a3491dc82d70f2db20cdafb942e5c588a
20260742,P1,position_bias,1.0 m,L6,"AUC(faulted, matched-clean) folded to [0.5,1.0]",0.500000,L2a,True,0.010000,10.4927,INVALID,ground-truth regeneration (ADR-0033): fault never reached the estimator,6383676a3491dc82d70f2db20cdafb942e5c588a
20260742,P1,position_bias,1.0 m,L7,"AUC(faulted, matched-clean) folded to [0.5,1.0]",0.500000,L2a,True,0.010000,10.4927,INVALID,ground-truth regeneration (ADR-0033): fault never reached the estimator,6383676a3491dc82d70f2db20cdafb942e5c588a
20260742,P1,position_bias,1.0 m,L8,"AUC(faulted, matched-clean) folded to [0.5,1.0]",0.500000,L2a,True,0.010000,10.4927,INVALID,ground-truth regeneration (ADR-0033): fault never reached the estimator,6383676a3491dc82d70f2db20cdafb942e5c588a
20260742,P1,position_drift,2.0 m final,L1,"AUC(faulted, matched-clean) folded to [0.5,1.0]",0.966862,L2a,True,0.010000,10.4927,INVALID,ground-truth regeneration (ADR-0033): fault never reached the estimator,6383676a3491dc82d70f2db20cdafb942e5c588a
20260742,P1,position_drift,2.0 m final,L2a,"AUC(faulted, matched-clean) folded to [0.5,1.0]",0.500000,L2a,True,0.010000,10.4927,INVALID,ground-truth regeneration (ADR-0033): fault never reached the estimator,6383676a3491dc82d70f2db20cdafb942e5c588a
20260742,P1,position_drift,2.0 m final,L2b,"AUC(faulted, matched-clean) folded to [0.5,1.0]",0.500000,L2a,True,0.010000,10.4927,INVALID,ground-truth regeneration (ADR-0033): fault never reached the estimator,6383676a3491dc82d70f2db20cdafb942e5c588a
20260742,P1,position_drift,2.0 m final,L3,"AUC(faulted, matched-clean) folded to [0.5,1.0]",0.500000,L2a,True,0.010000,10.4927,INVALID,ground-truth regeneration (ADR-0033): fault never reached the estimator,6383676a3491dc82d70f2db20cdafb942e5c588a
20260742,P1,position_drift,2.0 m final,L6,"AUC(faulted, matched-clean) folded to [0.5,1.0]",0.500000,L2a,True,0.010000,10.4927,INVALID,ground-truth regeneration (ADR-0033): fault never reached the estimator,6383676a3491dc82d70f2db20cdafb942e5c588a
20260742,P1,position_drift,2.0 m final,L7,"AUC(faulted, matched-clean) folded to [0.5,1.0]",0.500000,L2a,True,0.010000,10.4927,INVALID,ground-truth regeneration (ADR-0033): fault never reached the estimator,6383676a3491dc82d70f2db20cdafb942e5c588a
20260742,P1,position_drift,2.0 m final,L8,"AUC(faulted, matched-clean) folded to [0.5,1.0]",0.500000,L2a,True,0.010000,10.4927,INVALID,ground-truth regeneration (ADR-0033): fault never reached the estimator,6383676a3491dc82d70f2db20cdafb942e5c588a
20260742,P1,speed_stuck,hold,L1,"AUC(faulted, matched-clean) folded to [0.5,1.0]",0.957500,L2a,True,0.010000,10.5271,VALID,,6383676a3491dc82d70f2db20cdafb942e5c588a
20260742,P1,speed_stuck,hold,L2a,"AUC(faulted, matched-clean) folded to [0.5,1.0]",0.566063,L2a,True,0.010000,10.5271,VALID,,6383676a3491dc82d70f2db20cdafb942e5c588a
20260742,P1,speed_stuck,hold,L2b,"AUC(faulted, matched-clean) folded to [0.5,1.0]",0.512138,L2a,True,0.010000,10.5271,VALID,,6383676a3491dc82d70f2db20cdafb942e5c588a
20260742,P1,speed_stuck,hold,L3,"AUC(faulted, matched-clean) folded to [0.5,1.0]",0.565662,L2a,True,0.010000,10.5271,VALID,,6383676a3491dc82d70f2db20cdafb942e5c588a
20260742,P1,speed_stuck,hold,L6,"AUC(faulted, matched-clean) folded to [0.5,1.0]",0.548063,L2a,True,0.010000,10.5271,VALID,,6383676a3491dc82d70f2db20cdafb942e5c588a
20260742,P1,speed_stuck,hold,L7,"AUC(faulted, matched-clean) folded to [0.5,1.0]",0.500000,L2a,True,0.010000,10.5271,VALID,,6383676a3491dc82d70f2db20cdafb942e5c588a
20260742,P1,speed_stuck,hold,L8,"AUC(faulted, matched-clean) folded to [0.5,1.0]",0.500000,L2a,True,0.010000,10.5271,VALID,,6383676a3491dc82d70f2db20cdafb942e5c588a
20260742,P1,speed_bias,3.0 m/s,L1,"AUC(faulted, matched-clean) folded to [0.5,1.0]",1.000000,L2a,False,0.010000,10.1414,VALID,,6383676a3491dc82d70f2db20cdafb942e5c588a
20260742,P1,speed_bias,3.0 m/s,L2a,"AUC(faulted, matched-clean) folded to [0.5,1.0]",0.510475,L2a,False,0.010000,10.1414,VALID,,6383676a3491dc82d70f2db20cdafb942e5c588a
20260742,P1,speed_bias,3.0 m/s,L2b,"AUC(faulted, matched-clean) folded to [0.5,1.0]",0.733000,L2a,False,0.010000,10.1414,VALID,,6383676a3491dc82d70f2db20cdafb942e5c588a
20260742,P1,speed_bias,3.0 m/s,L3,"AUC(faulted, matched-clean) folded to [0.5,1.0]",0.505600,L2a,False,0.010000,10.1414,VALID,,6383676a3491dc82d70f2db20cdafb942e5c588a
20260742,P1,speed_bias,3.0 m/s,L6,"AUC(faulted, matched-clean) folded to [0.5,1.0]",0.733425,L2a,False,0.010000,10.1414,VALID,,6383676a3491dc82d70f2db20cdafb942e5c588a
20260742,P1,speed_bias,3.0 m/s,L7,"AUC(faulted, matched-clean) folded to [0.5,1.0]",0.500000,L2a,False,0.010000,10.1414,VALID,,6383676a3491dc82d70f2db20cdafb942e5c588a
20260742,P1,speed_bias,3.0 m/s,L8,"AUC(faulted, matched-clean) folded to [0.5,1.0]",0.500000,L2a,False,0.010000,10.1414,VALID,,6383676a3491dc82d70f2db20cdafb942e5c588a
20260742,P1,lateral_noise,sigma x25,L1,"AUC(faulted, matched-clean) folded to [0.5,1.0]",0.999300,,False,0.345000,7.8141,VALID,,6383676a3491dc82d70f2db20cdafb942e5c588a
20260742,P1,lateral_noise,sigma x25,L2a,"AUC(faulted, matched-clean) folded to [0.5,1.0]",0.968800,,False,0.345000,7.8141,VALID,,6383676a3491dc82d70f2db20cdafb942e5c588a
20260742,P1,lateral_noise,sigma x25,L2b,"AUC(faulted, matched-clean) folded to [0.5,1.0]",0.818400,,False,0.345000,7.8141,VALID,,6383676a3491dc82d70f2db20cdafb942e5c588a
20260742,P1,lateral_noise,sigma x25,L3,"AUC(faulted, matched-clean) folded to [0.5,1.0]",0.968825,,False,0.345000,7.8141,VALID,,6383676a3491dc82d70f2db20cdafb942e5c588a
20260742,P1,lateral_noise,sigma x25,L6,"AUC(faulted, matched-clean) folded to [0.5,1.0]",0.693750,,False,0.345000,7.8141,VALID,,6383676a3491dc82d70f2db20cdafb942e5c588a
20260742,P1,lateral_noise,sigma x25,L7,"AUC(faulted, matched-clean) folded to [0.5,1.0]",0.835000,,False,0.345000,7.8141,VALID,,6383676a3491dc82d70f2db20cdafb942e5c588a
20260742,P1,lateral_noise,sigma x25,L8,"AUC(faulted, matched-clean) folded to [0.5,1.0]",0.962500,,False,0.345000,7.8141,VALID,,6383676a3491dc82d70f2db20cdafb942e5c588a
20260743,P1,imu_dropout,suppress IMU,L1,"AUC(faulted, matched-clean) folded to [0.5,1.0]",0.997500,L2b,False,0.025000,5.8488,VALID,,6383676a3491dc82d70f2db20cdafb942e5c588a
20260743,P1,imu_dropout,suppress IMU,L2a,"AUC(faulted, matched-clean) folded to [0.5,1.0]",0.714400,L2b,False,0.025000,5.8488,VALID,,6383676a3491dc82d70f2db20cdafb942e5c588a
20260743,P1,imu_dropout,suppress IMU,L2b,"AUC(faulted, matched-clean) folded to [0.5,1.0]",0.557575,L2b,False,0.025000,5.8488,VALID,,6383676a3491dc82d70f2db20cdafb942e5c588a
20260743,P1,imu_dropout,suppress IMU,L3,"AUC(faulted, matched-clean) folded to [0.5,1.0]",0.708850,L2b,False,0.025000,5.8488,VALID,,6383676a3491dc82d70f2db20cdafb942e5c588a
20260743,P1,imu_dropout,suppress IMU,L6,"AUC(faulted, matched-clean) folded to [0.5,1.0]",0.659225,L2b,False,0.025000,5.8488,VALID,,6383676a3491dc82d70f2db20cdafb942e5c588a
20260743,P1,imu_dropout,suppress IMU,L7,"AUC(faulted, matched-clean) folded to [0.5,1.0]",0.505000,L2b,False,0.025000,5.8488,VALID,,6383676a3491dc82d70f2db20cdafb942e5c588a
20260743,P1,imu_dropout,suppress IMU,L8,"AUC(faulted, matched-clean) folded to [0.5,1.0]",0.987500,L2b,False,0.025000,5.8488,VALID,,6383676a3491dc82d70f2db20cdafb942e5c588a
20260743,P1,position_bias,1.0 m,L1,"AUC(faulted, matched-clean) folded to [0.5,1.0]",1.000000,L2a,True,0.030000,10.4007,INVALID,ground-truth regeneration (ADR-0033): fault never reached the estimator,6383676a3491dc82d70f2db20cdafb942e5c588a
20260743,P1,position_bias,1.0 m,L2a,"AUC(faulted, matched-clean) folded to [0.5,1.0]",0.500000,L2a,True,0.030000,10.4007,INVALID,ground-truth regeneration (ADR-0033): fault never reached the estimator,6383676a3491dc82d70f2db20cdafb942e5c588a
20260743,P1,position_bias,1.0 m,L2b,"AUC(faulted, matched-clean) folded to [0.5,1.0]",0.500000,L2a,True,0.030000,10.4007,INVALID,ground-truth regeneration (ADR-0033): fault never reached the estimator,6383676a3491dc82d70f2db20cdafb942e5c588a
20260743,P1,position_bias,1.0 m,L3,"AUC(faulted, matched-clean) folded to [0.5,1.0]",0.500000,L2a,True,0.030000,10.4007,INVALID,ground-truth regeneration (ADR-0033): fault never reached the estimator,6383676a3491dc82d70f2db20cdafb942e5c588a
20260743,P1,position_bias,1.0 m,L6,"AUC(faulted, matched-clean) folded to [0.5,1.0]",0.500000,L2a,True,0.030000,10.4007,INVALID,ground-truth regeneration (ADR-0033): fault never reached the estimator,6383676a3491dc82d70f2db20cdafb942e5c588a
20260743,P1,position_bias,1.0 m,L7,"AUC(faulted, matched-clean) folded to [0.5,1.0]",0.500000,L2a,True,0.030000,10.4007,INVALID,ground-truth regeneration (ADR-0033): fault never reached the estimator,6383676a3491dc82d70f2db20cdafb942e5c588a
20260743,P1,position_bias,1.0 m,L8,"AUC(faulted, matched-clean) folded to [0.5,1.0]",0.500000,L2a,True,0.030000,10.4007,INVALID,ground-truth regeneration (ADR-0033): fault never reached the estimator,6383676a3491dc82d70f2db20cdafb942e5c588a
20260743,P1,position_drift,2.0 m final,L1,"AUC(faulted, matched-clean) folded to [0.5,1.0]",0.967888,L2a,True,0.030000,10.4007,INVALID,ground-truth regeneration (ADR-0033): fault never reached the estimator,6383676a3491dc82d70f2db20cdafb942e5c588a
20260743,P1,position_drift,2.0 m final,L2a,"AUC(faulted, matched-clean) folded to [0.5,1.0]",0.500000,L2a,True,0.030000,10.4007,INVALID,ground-truth regeneration (ADR-0033): fault never reached the estimator,6383676a3491dc82d70f2db20cdafb942e5c588a
20260743,P1,position_drift,2.0 m final,L2b,"AUC(faulted, matched-clean) folded to [0.5,1.0]",0.500000,L2a,True,0.030000,10.4007,INVALID,ground-truth regeneration (ADR-0033): fault never reached the estimator,6383676a3491dc82d70f2db20cdafb942e5c588a
20260743,P1,position_drift,2.0 m final,L3,"AUC(faulted, matched-clean) folded to [0.5,1.0]",0.500000,L2a,True,0.030000,10.4007,INVALID,ground-truth regeneration (ADR-0033): fault never reached the estimator,6383676a3491dc82d70f2db20cdafb942e5c588a
20260743,P1,position_drift,2.0 m final,L6,"AUC(faulted, matched-clean) folded to [0.5,1.0]",0.500000,L2a,True,0.030000,10.4007,INVALID,ground-truth regeneration (ADR-0033): fault never reached the estimator,6383676a3491dc82d70f2db20cdafb942e5c588a
20260743,P1,position_drift,2.0 m final,L7,"AUC(faulted, matched-clean) folded to [0.5,1.0]",0.500000,L2a,True,0.030000,10.4007,INVALID,ground-truth regeneration (ADR-0033): fault never reached the estimator,6383676a3491dc82d70f2db20cdafb942e5c588a
20260743,P1,position_drift,2.0 m final,L8,"AUC(faulted, matched-clean) folded to [0.5,1.0]",0.500000,L2a,True,0.030000,10.4007,INVALID,ground-truth regeneration (ADR-0033): fault never reached the estimator,6383676a3491dc82d70f2db20cdafb942e5c588a
20260743,P1,speed_stuck,hold,L1,"AUC(faulted, matched-clean) folded to [0.5,1.0]",0.897500,L2a,True,0.030000,10.4333,VALID,,6383676a3491dc82d70f2db20cdafb942e5c588a
20260743,P1,speed_stuck,hold,L2a,"AUC(faulted, matched-clean) folded to [0.5,1.0]",0.554612,L2a,True,0.030000,10.4333,VALID,,6383676a3491dc82d70f2db20cdafb942e5c588a
20260743,P1,speed_stuck,hold,L2b,"AUC(faulted, matched-clean) folded to [0.5,1.0]",0.513338,L2a,True,0.030000,10.4333,VALID,,6383676a3491dc82d70f2db20cdafb942e5c588a
20260743,P1,speed_stuck,hold,L3,"AUC(faulted, matched-clean) folded to [0.5,1.0]",0.552963,L2a,True,0.030000,10.4333,VALID,,6383676a3491dc82d70f2db20cdafb942e5c588a
20260743,P1,speed_stuck,hold,L6,"AUC(faulted, matched-clean) folded to [0.5,1.0]",0.533813,L2a,True,0.030000,10.4333,VALID,,6383676a3491dc82d70f2db20cdafb942e5c588a
20260743,P1,speed_stuck,hold,L7,"AUC(faulted, matched-clean) folded to [0.5,1.0]",0.500000,L2a,True,0.030000,10.4333,VALID,,6383676a3491dc82d70f2db20cdafb942e5c588a
20260743,P1,speed_stuck,hold,L8,"AUC(faulted, matched-clean) folded to [0.5,1.0]",0.500000,L2a,True,0.030000,10.4333,VALID,,6383676a3491dc82d70f2db20cdafb942e5c588a
20260743,P1,speed_bias,3.0 m/s,L1,"AUC(faulted, matched-clean) folded to [0.5,1.0]",1.000000,L2a,False,0.030000,10.0590,VALID,,6383676a3491dc82d70f2db20cdafb942e5c588a
20260743,P1,speed_bias,3.0 m/s,L2a,"AUC(faulted, matched-clean) folded to [0.5,1.0]",0.509000,L2a,False,0.030000,10.0590,VALID,,6383676a3491dc82d70f2db20cdafb942e5c588a
20260743,P1,speed_bias,3.0 m/s,L2b,"AUC(faulted, matched-clean) folded to [0.5,1.0]",0.722800,L2a,False,0.030000,10.0590,VALID,,6383676a3491dc82d70f2db20cdafb942e5c588a
20260743,P1,speed_bias,3.0 m/s,L3,"AUC(faulted, matched-clean) folded to [0.5,1.0]",0.505700,L2a,False,0.030000,10.0590,VALID,,6383676a3491dc82d70f2db20cdafb942e5c588a
20260743,P1,speed_bias,3.0 m/s,L6,"AUC(faulted, matched-clean) folded to [0.5,1.0]",0.706975,L2a,False,0.030000,10.0590,VALID,,6383676a3491dc82d70f2db20cdafb942e5c588a
20260743,P1,speed_bias,3.0 m/s,L7,"AUC(faulted, matched-clean) folded to [0.5,1.0]",0.500000,L2a,False,0.030000,10.0590,VALID,,6383676a3491dc82d70f2db20cdafb942e5c588a
20260743,P1,speed_bias,3.0 m/s,L8,"AUC(faulted, matched-clean) folded to [0.5,1.0]",0.500000,L2a,False,0.030000,10.0590,VALID,,6383676a3491dc82d70f2db20cdafb942e5c588a
20260743,P1,lateral_noise,sigma x25,L1,"AUC(faulted, matched-clean) folded to [0.5,1.0]",1.000000,L6,False,0.510000,7.1447,VALID,,6383676a3491dc82d70f2db20cdafb942e5c588a
20260743,P1,lateral_noise,sigma x25,L2a,"AUC(faulted, matched-clean) folded to [0.5,1.0]",0.981750,L6,False,0.510000,7.1447,VALID,,6383676a3491dc82d70f2db20cdafb942e5c588a
20260743,P1,lateral_noise,sigma x25,L2b,"AUC(faulted, matched-clean) folded to [0.5,1.0]",0.911900,L6,False,0.510000,7.1447,VALID,,6383676a3491dc82d70f2db20cdafb942e5c588a
20260743,P1,lateral_noise,sigma x25,L3,"AUC(faulted, matched-clean) folded to [0.5,1.0]",0.981700,L6,False,0.510000,7.1447,VALID,,6383676a3491dc82d70f2db20cdafb942e5c588a
20260743,P1,lateral_noise,sigma x25,L6,"AUC(faulted, matched-clean) folded to [0.5,1.0]",0.521775,L6,False,0.510000,7.1447,VALID,,6383676a3491dc82d70f2db20cdafb942e5c588a
20260743,P1,lateral_noise,sigma x25,L7,"AUC(faulted, matched-clean) folded to [0.5,1.0]",0.980000,L6,False,0.510000,7.1447,VALID,,6383676a3491dc82d70f2db20cdafb942e5c588a
20260743,P1,lateral_noise,sigma x25,L8,"AUC(faulted, matched-clean) folded to [0.5,1.0]",0.952500,L6,False,0.510000,7.1447,VALID,,6383676a3491dc82d70f2db20cdafb942e5c588a
20260744,P1,imu_dropout,suppress IMU,L1,"AUC(faulted, matched-clean) folded to [0.5,1.0]",0.997500,L2b,False,0.190000,5.7905,VALID,,6383676a3491dc82d70f2db20cdafb942e5c588a
20260744,P1,imu_dropout,suppress IMU,L2a,"AUC(faulted, matched-clean) folded to [0.5,1.0]",0.914875,L2b,False,0.190000,5.7905,VALID,,6383676a3491dc82d70f2db20cdafb942e5c588a
20260744,P1,imu_dropout,suppress IMU,L2b,"AUC(faulted, matched-clean) folded to [0.5,1.0]",0.521750,L2b,False,0.190000,5.7905,VALID,,6383676a3491dc82d70f2db20cdafb942e5c588a
20260744,P1,imu_dropout,suppress IMU,L3,"AUC(faulted, matched-clean) folded to [0.5,1.0]",0.915362,L2b,False,0.190000,5.7905,VALID,,6383676a3491dc82d70f2db20cdafb942e5c588a
20260744,P1,imu_dropout,suppress IMU,L6,"AUC(faulted, matched-clean) folded to [0.5,1.0]",0.873125,L2b,False,0.190000,5.7905,VALID,,6383676a3491dc82d70f2db20cdafb942e5c588a
20260744,P1,imu_dropout,suppress IMU,L7,"AUC(faulted, matched-clean) folded to [0.5,1.0]",0.682500,L2b,False,0.190000,5.7905,VALID,,6383676a3491dc82d70f2db20cdafb942e5c588a
20260744,P1,imu_dropout,suppress IMU,L8,"AUC(faulted, matched-clean) folded to [0.5,1.0]",0.987500,L2b,False,0.190000,5.7905,VALID,,6383676a3491dc82d70f2db20cdafb942e5c588a
20260744,P1,position_bias,1.0 m,L1,"AUC(faulted, matched-clean) folded to [0.5,1.0]",1.000000,L2a,True,0.007500,10.4075,INVALID,ground-truth regeneration (ADR-0033): fault never reached the estimator,6383676a3491dc82d70f2db20cdafb942e5c588a
20260744,P1,position_bias,1.0 m,L2a,"AUC(faulted, matched-clean) folded to [0.5,1.0]",0.500000,L2a,True,0.007500,10.4075,INVALID,ground-truth regeneration (ADR-0033): fault never reached the estimator,6383676a3491dc82d70f2db20cdafb942e5c588a
20260744,P1,position_bias,1.0 m,L2b,"AUC(faulted, matched-clean) folded to [0.5,1.0]",0.500000,L2a,True,0.007500,10.4075,INVALID,ground-truth regeneration (ADR-0033): fault never reached the estimator,6383676a3491dc82d70f2db20cdafb942e5c588a
20260744,P1,position_bias,1.0 m,L3,"AUC(faulted, matched-clean) folded to [0.5,1.0]",0.500000,L2a,True,0.007500,10.4075,INVALID,ground-truth regeneration (ADR-0033): fault never reached the estimator,6383676a3491dc82d70f2db20cdafb942e5c588a
20260744,P1,position_bias,1.0 m,L6,"AUC(faulted, matched-clean) folded to [0.5,1.0]",0.500000,L2a,True,0.007500,10.4075,INVALID,ground-truth regeneration (ADR-0033): fault never reached the estimator,6383676a3491dc82d70f2db20cdafb942e5c588a
20260744,P1,position_bias,1.0 m,L7,"AUC(faulted, matched-clean) folded to [0.5,1.0]",0.500000,L2a,True,0.007500,10.4075,INVALID,ground-truth regeneration (ADR-0033): fault never reached the estimator,6383676a3491dc82d70f2db20cdafb942e5c588a
20260744,P1,position_bias,1.0 m,L8,"AUC(faulted, matched-clean) folded to [0.5,1.0]",0.500000,L2a,True,0.007500,10.4075,INVALID,ground-truth regeneration (ADR-0033): fault never reached the estimator,6383676a3491dc82d70f2db20cdafb942e5c588a
20260744,P1,position_drift,2.0 m final,L1,"AUC(faulted, matched-clean) folded to [0.5,1.0]",0.972938,L2a,True,0.007500,10.4075,INVALID,ground-truth regeneration (ADR-0033): fault never reached the estimator,6383676a3491dc82d70f2db20cdafb942e5c588a
20260744,P1,position_drift,2.0 m final,L2a,"AUC(faulted, matched-clean) folded to [0.5,1.0]",0.500000,L2a,True,0.007500,10.4075,INVALID,ground-truth regeneration (ADR-0033): fault never reached the estimator,6383676a3491dc82d70f2db20cdafb942e5c588a
20260744,P1,position_drift,2.0 m final,L2b,"AUC(faulted, matched-clean) folded to [0.5,1.0]",0.500000,L2a,True,0.007500,10.4075,INVALID,ground-truth regeneration (ADR-0033): fault never reached the estimator,6383676a3491dc82d70f2db20cdafb942e5c588a
20260744,P1,position_drift,2.0 m final,L3,"AUC(faulted, matched-clean) folded to [0.5,1.0]",0.500000,L2a,True,0.007500,10.4075,INVALID,ground-truth regeneration (ADR-0033): fault never reached the estimator,6383676a3491dc82d70f2db20cdafb942e5c588a
20260744,P1,position_drift,2.0 m final,L6,"AUC(faulted, matched-clean) folded to [0.5,1.0]",0.500000,L2a,True,0.007500,10.4075,INVALID,ground-truth regeneration (ADR-0033): fault never reached the estimator,6383676a3491dc82d70f2db20cdafb942e5c588a
20260744,P1,position_drift,2.0 m final,L7,"AUC(faulted, matched-clean) folded to [0.5,1.0]",0.500000,L2a,True,0.007500,10.4075,INVALID,ground-truth regeneration (ADR-0033): fault never reached the estimator,6383676a3491dc82d70f2db20cdafb942e5c588a
20260744,P1,position_drift,2.0 m final,L8,"AUC(faulted, matched-clean) folded to [0.5,1.0]",0.500000,L2a,True,0.007500,10.4075,INVALID,ground-truth regeneration (ADR-0033): fault never reached the estimator,6383676a3491dc82d70f2db20cdafb942e5c588a
20260744,P1,speed_stuck,hold,L1,"AUC(faulted, matched-clean) folded to [0.5,1.0]",0.952500,L2a,True,0.010000,10.4476,VALID,,6383676a3491dc82d70f2db20cdafb942e5c588a
20260744,P1,speed_stuck,hold,L2a,"AUC(faulted, matched-clean) folded to [0.5,1.0]",0.567238,L2a,True,0.010000,10.4476,VALID,,6383676a3491dc82d70f2db20cdafb942e5c588a
20260744,P1,speed_stuck,hold,L2b,"AUC(faulted, matched-clean) folded to [0.5,1.0]",0.516112,L2a,True,0.010000,10.4476,VALID,,6383676a3491dc82d70f2db20cdafb942e5c588a
20260744,P1,speed_stuck,hold,L3,"AUC(faulted, matched-clean) folded to [0.5,1.0]",0.566450,L2a,True,0.010000,10.4476,VALID,,6383676a3491dc82d70f2db20cdafb942e5c588a
20260744,P1,speed_stuck,hold,L6,"AUC(faulted, matched-clean) folded to [0.5,1.0]",0.552937,L2a,True,0.010000,10.4476,VALID,,6383676a3491dc82d70f2db20cdafb942e5c588a
20260744,P1,speed_stuck,hold,L7,"AUC(faulted, matched-clean) folded to [0.5,1.0]",0.502500,L2a,True,0.010000,10.4476,VALID,,6383676a3491dc82d70f2db20cdafb942e5c588a
20260744,P1,speed_stuck,hold,L8,"AUC(faulted, matched-clean) folded to [0.5,1.0]",0.500000,L2a,True,0.010000,10.4476,VALID,,6383676a3491dc82d70f2db20cdafb942e5c588a
20260744,P1,speed_bias,3.0 m/s,L1,"AUC(faulted, matched-clean) folded to [0.5,1.0]",1.000000,L2a,False,0.010000,10.0639,VALID,,6383676a3491dc82d70f2db20cdafb942e5c588a
20260744,P1,speed_bias,3.0 m/s,L2a,"AUC(faulted, matched-clean) folded to [0.5,1.0]",0.507200,L2a,False,0.010000,10.0639,VALID,,6383676a3491dc82d70f2db20cdafb942e5c588a
20260744,P1,speed_bias,3.0 m/s,L2b,"AUC(faulted, matched-clean) folded to [0.5,1.0]",0.693050,L2a,False,0.010000,10.0639,VALID,,6383676a3491dc82d70f2db20cdafb942e5c588a
20260744,P1,speed_bias,3.0 m/s,L3,"AUC(faulted, matched-clean) folded to [0.5,1.0]",0.502425,L2a,False,0.010000,10.0639,VALID,,6383676a3491dc82d70f2db20cdafb942e5c588a
20260744,P1,speed_bias,3.0 m/s,L6,"AUC(faulted, matched-clean) folded to [0.5,1.0]",0.703250,L2a,False,0.010000,10.0639,VALID,,6383676a3491dc82d70f2db20cdafb942e5c588a
20260744,P1,speed_bias,3.0 m/s,L7,"AUC(faulted, matched-clean) folded to [0.5,1.0]",0.502500,L2a,False,0.010000,10.0639,VALID,,6383676a3491dc82d70f2db20cdafb942e5c588a
20260744,P1,speed_bias,3.0 m/s,L8,"AUC(faulted, matched-clean) folded to [0.5,1.0]",0.500000,L2a,False,0.010000,10.0639,VALID,,6383676a3491dc82d70f2db20cdafb942e5c588a
20260744,P1,lateral_noise,sigma x25,L1,"AUC(faulted, matched-clean) folded to [0.5,1.0]",0.999700,L6,False,0.487500,7.1015,VALID,,6383676a3491dc82d70f2db20cdafb942e5c588a
20260744,P1,lateral_noise,sigma x25,L2a,"AUC(faulted, matched-clean) folded to [0.5,1.0]",0.978250,L6,False,0.487500,7.1015,VALID,,6383676a3491dc82d70f2db20cdafb942e5c588a
20260744,P1,lateral_noise,sigma x25,L2b,"AUC(faulted, matched-clean) folded to [0.5,1.0]",0.965313,L6,False,0.487500,7.1015,VALID,,6383676a3491dc82d70f2db20cdafb942e5c588a
20260744,P1,lateral_noise,sigma x25,L3,"AUC(faulted, matched-clean) folded to [0.5,1.0]",0.978237,L6,False,0.487500,7.1015,VALID,,6383676a3491dc82d70f2db20cdafb942e5c588a
20260744,P1,lateral_noise,sigma x25,L6,"AUC(faulted, matched-clean) folded to [0.5,1.0]",0.545900,L6,False,0.487500,7.1015,VALID,,6383676a3491dc82d70f2db20cdafb942e5c588a
20260744,P1,lateral_noise,sigma x25,L7,"AUC(faulted, matched-clean) folded to [0.5,1.0]",0.980000,L6,False,0.487500,7.1015,VALID,,6383676a3491dc82d70f2db20cdafb942e5c588a
20260744,P1,lateral_noise,sigma x25,L8,"AUC(faulted, matched-clean) folded to [0.5,1.0]",0.952500,L6,False,0.487500,7.1015,VALID,,6383676a3491dc82d70f2db20cdafb942e5c588a
20260745,P1,imu_dropout,suppress IMU,L1,"AUC(faulted, matched-clean) folded to [0.5,1.0]",0.997500,L7,False,0.045000,6.6927,VALID,,6383676a3491dc82d70f2db20cdafb942e5c588a
20260745,P1,imu_dropout,suppress IMU,L2a,"AUC(faulted, matched-clean) folded to [0.5,1.0]",0.741075,L7,False,0.045000,6.6927,VALID,,6383676a3491dc82d70f2db20cdafb942e5c588a
20260745,P1,imu_dropout,suppress IMU,L2b,"AUC(faulted, matched-clean) folded to [0.5,1.0]",0.719100,L7,False,0.045000,6.6927,VALID,,6383676a3491dc82d70f2db20cdafb942e5c588a
20260745,P1,imu_dropout,suppress IMU,L3,"AUC(faulted, matched-clean) folded to [0.5,1.0]",0.741013,L7,False,0.045000,6.6927,VALID,,6383676a3491dc82d70f2db20cdafb942e5c588a
20260745,P1,imu_dropout,suppress IMU,L6,"AUC(faulted, matched-clean) folded to [0.5,1.0]",0.746850,L7,False,0.045000,6.6927,VALID,,6383676a3491dc82d70f2db20cdafb942e5c588a
20260745,P1,imu_dropout,suppress IMU,L7,"AUC(faulted, matched-clean) folded to [0.5,1.0]",0.520000,L7,False,0.045000,6.6927,VALID,,6383676a3491dc82d70f2db20cdafb942e5c588a
20260745,P1,imu_dropout,suppress IMU,L8,"AUC(faulted, matched-clean) folded to [0.5,1.0]",0.987500,L7,False,0.045000,6.6927,VALID,,6383676a3491dc82d70f2db20cdafb942e5c588a
20260745,P1,position_bias,1.0 m,L1,"AUC(faulted, matched-clean) folded to [0.5,1.0]",1.000000,L2a,True,0.025000,11.6847,INVALID,ground-truth regeneration (ADR-0033): fault never reached the estimator,6383676a3491dc82d70f2db20cdafb942e5c588a
20260745,P1,position_bias,1.0 m,L2a,"AUC(faulted, matched-clean) folded to [0.5,1.0]",0.500000,L2a,True,0.025000,11.6847,INVALID,ground-truth regeneration (ADR-0033): fault never reached the estimator,6383676a3491dc82d70f2db20cdafb942e5c588a
20260745,P1,position_bias,1.0 m,L2b,"AUC(faulted, matched-clean) folded to [0.5,1.0]",0.500000,L2a,True,0.025000,11.6847,INVALID,ground-truth regeneration (ADR-0033): fault never reached the estimator,6383676a3491dc82d70f2db20cdafb942e5c588a
20260745,P1,position_bias,1.0 m,L3,"AUC(faulted, matched-clean) folded to [0.5,1.0]",0.500000,L2a,True,0.025000,11.6847,INVALID,ground-truth regeneration (ADR-0033): fault never reached the estimator,6383676a3491dc82d70f2db20cdafb942e5c588a
20260745,P1,position_bias,1.0 m,L6,"AUC(faulted, matched-clean) folded to [0.5,1.0]",0.500000,L2a,True,0.025000,11.6847,INVALID,ground-truth regeneration (ADR-0033): fault never reached the estimator,6383676a3491dc82d70f2db20cdafb942e5c588a
20260745,P1,position_bias,1.0 m,L7,"AUC(faulted, matched-clean) folded to [0.5,1.0]",0.500000,L2a,True,0.025000,11.6847,INVALID,ground-truth regeneration (ADR-0033): fault never reached the estimator,6383676a3491dc82d70f2db20cdafb942e5c588a
20260745,P1,position_bias,1.0 m,L8,"AUC(faulted, matched-clean) folded to [0.5,1.0]",0.500000,L2a,True,0.025000,11.6847,INVALID,ground-truth regeneration (ADR-0033): fault never reached the estimator,6383676a3491dc82d70f2db20cdafb942e5c588a
20260745,P1,position_drift,2.0 m final,L1,"AUC(faulted, matched-clean) folded to [0.5,1.0]",0.971662,L2a,True,0.025000,11.6847,INVALID,ground-truth regeneration (ADR-0033): fault never reached the estimator,6383676a3491dc82d70f2db20cdafb942e5c588a
20260745,P1,position_drift,2.0 m final,L2a,"AUC(faulted, matched-clean) folded to [0.5,1.0]",0.500000,L2a,True,0.025000,11.6847,INVALID,ground-truth regeneration (ADR-0033): fault never reached the estimator,6383676a3491dc82d70f2db20cdafb942e5c588a
20260745,P1,position_drift,2.0 m final,L2b,"AUC(faulted, matched-clean) folded to [0.5,1.0]",0.500000,L2a,True,0.025000,11.6847,INVALID,ground-truth regeneration (ADR-0033): fault never reached the estimator,6383676a3491dc82d70f2db20cdafb942e5c588a
20260745,P1,position_drift,2.0 m final,L3,"AUC(faulted, matched-clean) folded to [0.5,1.0]",0.500000,L2a,True,0.025000,11.6847,INVALID,ground-truth regeneration (ADR-0033): fault never reached the estimator,6383676a3491dc82d70f2db20cdafb942e5c588a
20260745,P1,position_drift,2.0 m final,L6,"AUC(faulted, matched-clean) folded to [0.5,1.0]",0.500000,L2a,True,0.025000,11.6847,INVALID,ground-truth regeneration (ADR-0033): fault never reached the estimator,6383676a3491dc82d70f2db20cdafb942e5c588a
20260745,P1,position_drift,2.0 m final,L7,"AUC(faulted, matched-clean) folded to [0.5,1.0]",0.500000,L2a,True,0.025000,11.6847,INVALID,ground-truth regeneration (ADR-0033): fault never reached the estimator,6383676a3491dc82d70f2db20cdafb942e5c588a
20260745,P1,position_drift,2.0 m final,L8,"AUC(faulted, matched-clean) folded to [0.5,1.0]",0.500000,L2a,True,0.025000,11.6847,INVALID,ground-truth regeneration (ADR-0033): fault never reached the estimator,6383676a3491dc82d70f2db20cdafb942e5c588a
20260745,P1,speed_stuck,hold,L1,"AUC(faulted, matched-clean) folded to [0.5,1.0]",0.852500,L2a,True,0.025000,11.7167,VALID,,6383676a3491dc82d70f2db20cdafb942e5c588a
20260745,P1,speed_stuck,hold,L2a,"AUC(faulted, matched-clean) folded to [0.5,1.0]",0.574887,L2a,True,0.025000,11.7167,VALID,,6383676a3491dc82d70f2db20cdafb942e5c588a
20260745,P1,speed_stuck,hold,L2b,"AUC(faulted, matched-clean) folded to [0.5,1.0]",0.529062,L2a,True,0.025000,11.7167,VALID,,6383676a3491dc82d70f2db20cdafb942e5c588a
20260745,P1,speed_stuck,hold,L3,"AUC(faulted, matched-clean) folded to [0.5,1.0]",0.574500,L2a,True,0.025000,11.7167,VALID,,6383676a3491dc82d70f2db20cdafb942e5c588a
20260745,P1,speed_stuck,hold,L6,"AUC(faulted, matched-clean) folded to [0.5,1.0]",0.532837,L2a,True,0.025000,11.7167,VALID,,6383676a3491dc82d70f2db20cdafb942e5c588a
20260745,P1,speed_stuck,hold,L7,"AUC(faulted, matched-clean) folded to [0.5,1.0]",0.500000,L2a,True,0.025000,11.7167,VALID,,6383676a3491dc82d70f2db20cdafb942e5c588a
20260745,P1,speed_stuck,hold,L8,"AUC(faulted, matched-clean) folded to [0.5,1.0]",0.500000,L2a,True,0.025000,11.7167,VALID,,6383676a3491dc82d70f2db20cdafb942e5c588a
20260745,P1,speed_bias,3.0 m/s,L1,"AUC(faulted, matched-clean) folded to [0.5,1.0]",1.000000,L2a,False,0.025000,11.3223,VALID,,6383676a3491dc82d70f2db20cdafb942e5c588a
20260745,P1,speed_bias,3.0 m/s,L2a,"AUC(faulted, matched-clean) folded to [0.5,1.0]",0.521825,L2a,False,0.025000,11.3223,VALID,,6383676a3491dc82d70f2db20cdafb942e5c588a
20260745,P1,speed_bias,3.0 m/s,L2b,"AUC(faulted, matched-clean) folded to [0.5,1.0]",0.717650,L2a,False,0.025000,11.3223,VALID,,6383676a3491dc82d70f2db20cdafb942e5c588a
20260745,P1,speed_bias,3.0 m/s,L3,"AUC(faulted, matched-clean) folded to [0.5,1.0]",0.517487,L2a,False,0.025000,11.3223,VALID,,6383676a3491dc82d70f2db20cdafb942e5c588a
20260745,P1,speed_bias,3.0 m/s,L6,"AUC(faulted, matched-clean) folded to [0.5,1.0]",0.618675,L2a,False,0.025000,11.3223,VALID,,6383676a3491dc82d70f2db20cdafb942e5c588a
20260745,P1,speed_bias,3.0 m/s,L7,"AUC(faulted, matched-clean) folded to [0.5,1.0]",0.500000,L2a,False,0.025000,11.3223,VALID,,6383676a3491dc82d70f2db20cdafb942e5c588a
20260745,P1,speed_bias,3.0 m/s,L8,"AUC(faulted, matched-clean) folded to [0.5,1.0]",0.500000,L2a,False,0.025000,11.3223,VALID,,6383676a3491dc82d70f2db20cdafb942e5c588a
20260745,P1,lateral_noise,sigma x25,L1,"AUC(faulted, matched-clean) folded to [0.5,1.0]",0.995300,L6,False,0.310000,9.3673,VALID,,6383676a3491dc82d70f2db20cdafb942e5c588a
20260745,P1,lateral_noise,sigma x25,L2a,"AUC(faulted, matched-clean) folded to [0.5,1.0]",0.981050,L6,False,0.310000,9.3673,VALID,,6383676a3491dc82d70f2db20cdafb942e5c588a
20260745,P1,lateral_noise,sigma x25,L2b,"AUC(faulted, matched-clean) folded to [0.5,1.0]",0.920225,L6,False,0.310000,9.3673,VALID,,6383676a3491dc82d70f2db20cdafb942e5c588a
20260745,P1,lateral_noise,sigma x25,L3,"AUC(faulted, matched-clean) folded to [0.5,1.0]",0.980938,L6,False,0.310000,9.3673,VALID,,6383676a3491dc82d70f2db20cdafb942e5c588a
20260745,P1,lateral_noise,sigma x25,L6,"AUC(faulted, matched-clean) folded to [0.5,1.0]",0.557150,L6,False,0.310000,9.3673,VALID,,6383676a3491dc82d70f2db20cdafb942e5c588a
20260745,P1,lateral_noise,sigma x25,L7,"AUC(faulted, matched-clean) folded to [0.5,1.0]",0.785000,L6,False,0.310000,9.3673,VALID,,6383676a3491dc82d70f2db20cdafb942e5c588a
20260745,P1,lateral_noise,sigma x25,L8,"AUC(faulted, matched-clean) folded to [0.5,1.0]",0.862500,L6,False,0.310000,9.3673,VALID,,6383676a3491dc82d70f2db20cdafb942e5c588a
20260746,P1,imu_dropout,suppress IMU,L1,"AUC(faulted, matched-clean) folded to [0.5,1.0]",0.997500,L7,False,0.072500,7.6437,VALID,,6383676a3491dc82d70f2db20cdafb942e5c588a
20260746,P1,imu_dropout,suppress IMU,L2a,"AUC(faulted, matched-clean) folded to [0.5,1.0]",0.852175,L7,False,0.072500,7.6437,VALID,,6383676a3491dc82d70f2db20cdafb942e5c588a
20260746,P1,imu_dropout,suppress IMU,L2b,"AUC(faulted, matched-clean) folded to [0.5,1.0]",0.716875,L7,False,0.072500,7.6437,VALID,,6383676a3491dc82d70f2db20cdafb942e5c588a
20260746,P1,imu_dropout,suppress IMU,L3,"AUC(faulted, matched-clean) folded to [0.5,1.0]",0.851675,L7,False,0.072500,7.6437,VALID,,6383676a3491dc82d70f2db20cdafb942e5c588a
20260746,P1,imu_dropout,suppress IMU,L6,"AUC(faulted, matched-clean) folded to [0.5,1.0]",0.675225,L7,False,0.072500,7.6437,VALID,,6383676a3491dc82d70f2db20cdafb942e5c588a
20260746,P1,imu_dropout,suppress IMU,L7,"AUC(faulted, matched-clean) folded to [0.5,1.0]",0.537500,L7,False,0.072500,7.6437,VALID,,6383676a3491dc82d70f2db20cdafb942e5c588a
20260746,P1,imu_dropout,suppress IMU,L8,"AUC(faulted, matched-clean) folded to [0.5,1.0]",0.987500,L7,False,0.072500,7.6437,VALID,,6383676a3491dc82d70f2db20cdafb942e5c588a
20260746,P1,position_bias,1.0 m,L1,"AUC(faulted, matched-clean) folded to [0.5,1.0]",1.000000,L2a,True,0.035000,12.8974,INVALID,ground-truth regeneration (ADR-0033): fault never reached the estimator,6383676a3491dc82d70f2db20cdafb942e5c588a
20260746,P1,position_bias,1.0 m,L2a,"AUC(faulted, matched-clean) folded to [0.5,1.0]",0.500000,L2a,True,0.035000,12.8974,INVALID,ground-truth regeneration (ADR-0033): fault never reached the estimator,6383676a3491dc82d70f2db20cdafb942e5c588a
20260746,P1,position_bias,1.0 m,L2b,"AUC(faulted, matched-clean) folded to [0.5,1.0]",0.500000,L2a,True,0.035000,12.8974,INVALID,ground-truth regeneration (ADR-0033): fault never reached the estimator,6383676a3491dc82d70f2db20cdafb942e5c588a
20260746,P1,position_bias,1.0 m,L3,"AUC(faulted, matched-clean) folded to [0.5,1.0]",0.500000,L2a,True,0.035000,12.8974,INVALID,ground-truth regeneration (ADR-0033): fault never reached the estimator,6383676a3491dc82d70f2db20cdafb942e5c588a
20260746,P1,position_bias,1.0 m,L6,"AUC(faulted, matched-clean) folded to [0.5,1.0]",0.500000,L2a,True,0.035000,12.8974,INVALID,ground-truth regeneration (ADR-0033): fault never reached the estimator,6383676a3491dc82d70f2db20cdafb942e5c588a
20260746,P1,position_bias,1.0 m,L7,"AUC(faulted, matched-clean) folded to [0.5,1.0]",0.500000,L2a,True,0.035000,12.8974,INVALID,ground-truth regeneration (ADR-0033): fault never reached the estimator,6383676a3491dc82d70f2db20cdafb942e5c588a
20260746,P1,position_bias,1.0 m,L8,"AUC(faulted, matched-clean) folded to [0.5,1.0]",0.500000,L2a,True,0.035000,12.8974,INVALID,ground-truth regeneration (ADR-0033): fault never reached the estimator,6383676a3491dc82d70f2db20cdafb942e5c588a
20260746,P1,position_drift,2.0 m final,L1,"AUC(faulted, matched-clean) folded to [0.5,1.0]",0.960612,L2a,True,0.035000,12.8974,INVALID,ground-truth regeneration (ADR-0033): fault never reached the estimator,6383676a3491dc82d70f2db20cdafb942e5c588a
20260746,P1,position_drift,2.0 m final,L2a,"AUC(faulted, matched-clean) folded to [0.5,1.0]",0.500000,L2a,True,0.035000,12.8974,INVALID,ground-truth regeneration (ADR-0033): fault never reached the estimator,6383676a3491dc82d70f2db20cdafb942e5c588a
20260746,P1,position_drift,2.0 m final,L2b,"AUC(faulted, matched-clean) folded to [0.5,1.0]",0.500000,L2a,True,0.035000,12.8974,INVALID,ground-truth regeneration (ADR-0033): fault never reached the estimator,6383676a3491dc82d70f2db20cdafb942e5c588a
20260746,P1,position_drift,2.0 m final,L3,"AUC(faulted, matched-clean) folded to [0.5,1.0]",0.500000,L2a,True,0.035000,12.8974,INVALID,ground-truth regeneration (ADR-0033): fault never reached the estimator,6383676a3491dc82d70f2db20cdafb942e5c588a
20260746,P1,position_drift,2.0 m final,L6,"AUC(faulted, matched-clean) folded to [0.5,1.0]",0.500000,L2a,True,0.035000,12.8974,INVALID,ground-truth regeneration (ADR-0033): fault never reached the estimator,6383676a3491dc82d70f2db20cdafb942e5c588a
20260746,P1,position_drift,2.0 m final,L7,"AUC(faulted, matched-clean) folded to [0.5,1.0]",0.500000,L2a,True,0.035000,12.8974,INVALID,ground-truth regeneration (ADR-0033): fault never reached the estimator,6383676a3491dc82d70f2db20cdafb942e5c588a
20260746,P1,position_drift,2.0 m final,L8,"AUC(faulted, matched-clean) folded to [0.5,1.0]",0.500000,L2a,True,0.035000,12.8974,INVALID,ground-truth regeneration (ADR-0033): fault never reached the estimator,6383676a3491dc82d70f2db20cdafb942e5c588a
20260746,P1,speed_stuck,hold,L1,"AUC(faulted, matched-clean) folded to [0.5,1.0]",0.997500,L2a,True,0.035000,12.8942,VALID,,6383676a3491dc82d70f2db20cdafb942e5c588a
20260746,P1,speed_stuck,hold,L2a,"AUC(faulted, matched-clean) folded to [0.5,1.0]",0.565412,L2a,True,0.035000,12.8942,VALID,,6383676a3491dc82d70f2db20cdafb942e5c588a
20260746,P1,speed_stuck,hold,L2b,"AUC(faulted, matched-clean) folded to [0.5,1.0]",0.578113,L2a,True,0.035000,12.8942,VALID,,6383676a3491dc82d70f2db20cdafb942e5c588a
20260746,P1,speed_stuck,hold,L3,"AUC(faulted, matched-clean) folded to [0.5,1.0]",0.566150,L2a,True,0.035000,12.8942,VALID,,6383676a3491dc82d70f2db20cdafb942e5c588a
20260746,P1,speed_stuck,hold,L6,"AUC(faulted, matched-clean) folded to [0.5,1.0]",0.504062,L2a,True,0.035000,12.8942,VALID,,6383676a3491dc82d70f2db20cdafb942e5c588a
20260746,P1,speed_stuck,hold,L7,"AUC(faulted, matched-clean) folded to [0.5,1.0]",0.500000,L2a,True,0.035000,12.8942,VALID,,6383676a3491dc82d70f2db20cdafb942e5c588a
20260746,P1,speed_stuck,hold,L8,"AUC(faulted, matched-clean) folded to [0.5,1.0]",0.500000,L2a,True,0.035000,12.8942,VALID,,6383676a3491dc82d70f2db20cdafb942e5c588a
20260746,P1,speed_bias,3.0 m/s,L1,"AUC(faulted, matched-clean) folded to [0.5,1.0]",1.000000,L2a,False,0.035000,12.5243,VALID,,6383676a3491dc82d70f2db20cdafb942e5c588a
20260746,P1,speed_bias,3.0 m/s,L2a,"AUC(faulted, matched-clean) folded to [0.5,1.0]",0.532575,L2a,False,0.035000,12.5243,VALID,,6383676a3491dc82d70f2db20cdafb942e5c588a
20260746,P1,speed_bias,3.0 m/s,L2b,"AUC(faulted, matched-clean) folded to [0.5,1.0]",0.709475,L2a,False,0.035000,12.5243,VALID,,6383676a3491dc82d70f2db20cdafb942e5c588a
20260746,P1,speed_bias,3.0 m/s,L3,"AUC(faulted, matched-clean) folded to [0.5,1.0]",0.527250,L2a,False,0.035000,12.5243,VALID,,6383676a3491dc82d70f2db20cdafb942e5c588a
20260746,P1,speed_bias,3.0 m/s,L6,"AUC(faulted, matched-clean) folded to [0.5,1.0]",0.516775,L2a,False,0.035000,12.5243,VALID,,6383676a3491dc82d70f2db20cdafb942e5c588a
20260746,P1,speed_bias,3.0 m/s,L7,"AUC(faulted, matched-clean) folded to [0.5,1.0]",0.500000,L2a,False,0.035000,12.5243,VALID,,6383676a3491dc82d70f2db20cdafb942e5c588a
20260746,P1,speed_bias,3.0 m/s,L8,"AUC(faulted, matched-clean) folded to [0.5,1.0]",0.500000,L2a,False,0.035000,12.5243,VALID,,6383676a3491dc82d70f2db20cdafb942e5c588a
20260746,P1,lateral_noise,sigma x25,L1,"AUC(faulted, matched-clean) folded to [0.5,1.0]",0.999075,,False,0.357500,9.6916,VALID,,6383676a3491dc82d70f2db20cdafb942e5c588a
20260746,P1,lateral_noise,sigma x25,L2a,"AUC(faulted, matched-clean) folded to [0.5,1.0]",0.985900,,False,0.357500,9.6916,VALID,,6383676a3491dc82d70f2db20cdafb942e5c588a
20260746,P1,lateral_noise,sigma x25,L2b,"AUC(faulted, matched-clean) folded to [0.5,1.0]",0.948925,,False,0.357500,9.6916,VALID,,6383676a3491dc82d70f2db20cdafb942e5c588a
20260746,P1,lateral_noise,sigma x25,L3,"AUC(faulted, matched-clean) folded to [0.5,1.0]",0.985888,,False,0.357500,9.6916,VALID,,6383676a3491dc82d70f2db20cdafb942e5c588a
20260746,P1,lateral_noise,sigma x25,L6,"AUC(faulted, matched-clean) folded to [0.5,1.0]",0.739525,,False,0.357500,9.6916,VALID,,6383676a3491dc82d70f2db20cdafb942e5c588a
20260746,P1,lateral_noise,sigma x25,L7,"AUC(faulted, matched-clean) folded to [0.5,1.0]",0.822500,,False,0.357500,9.6916,VALID,,6383676a3491dc82d70f2db20cdafb942e5c588a
20260746,P1,lateral_noise,sigma x25,L8,"AUC(faulted, matched-clean) folded to [0.5,1.0]",0.885000,,False,0.357500,9.6916,VALID,,6383676a3491dc82d70f2db20cdafb942e5c588a
20260747,P1,imu_dropout,suppress IMU,L1,"AUC(faulted, matched-clean) folded to [0.5,1.0]",0.997500,,False,0.462500,5.6202,VALID,,6383676a3491dc82d70f2db20cdafb942e5c588a
20260747,P1,imu_dropout,suppress IMU,L2a,"AUC(faulted, matched-clean) folded to [0.5,1.0]",0.994625,,False,0.462500,5.6202,VALID,,6383676a3491dc82d70f2db20cdafb942e5c588a
20260747,P1,imu_dropout,suppress IMU,L2b,"AUC(faulted, matched-clean) folded to [0.5,1.0]",0.979275,,False,0.462500,5.6202,VALID,,6383676a3491dc82d70f2db20cdafb942e5c588a
20260747,P1,imu_dropout,suppress IMU,L3,"AUC(faulted, matched-clean) folded to [0.5,1.0]",0.994675,,False,0.462500,5.6202,VALID,,6383676a3491dc82d70f2db20cdafb942e5c588a
20260747,P1,imu_dropout,suppress IMU,L6,"AUC(faulted, matched-clean) folded to [0.5,1.0]",0.988300,,False,0.462500,5.6202,VALID,,6383676a3491dc82d70f2db20cdafb942e5c588a
20260747,P1,imu_dropout,suppress IMU,L7,"AUC(faulted, matched-clean) folded to [0.5,1.0]",0.895000,,False,0.462500,5.6202,VALID,,6383676a3491dc82d70f2db20cdafb942e5c588a
20260747,P1,imu_dropout,suppress IMU,L8,"AUC(faulted, matched-clean) folded to [0.5,1.0]",0.987500,,False,0.462500,5.6202,VALID,,6383676a3491dc82d70f2db20cdafb942e5c588a
20260747,P1,position_bias,1.0 m,L1,"AUC(faulted, matched-clean) folded to [0.5,1.0]",1.000000,L2a,True,0.067500,10.1612,INVALID,ground-truth regeneration (ADR-0033): fault never reached the estimator,6383676a3491dc82d70f2db20cdafb942e5c588a
20260747,P1,position_bias,1.0 m,L2a,"AUC(faulted, matched-clean) folded to [0.5,1.0]",0.500000,L2a,True,0.067500,10.1612,INVALID,ground-truth regeneration (ADR-0033): fault never reached the estimator,6383676a3491dc82d70f2db20cdafb942e5c588a
20260747,P1,position_bias,1.0 m,L2b,"AUC(faulted, matched-clean) folded to [0.5,1.0]",0.500000,L2a,True,0.067500,10.1612,INVALID,ground-truth regeneration (ADR-0033): fault never reached the estimator,6383676a3491dc82d70f2db20cdafb942e5c588a
20260747,P1,position_bias,1.0 m,L3,"AUC(faulted, matched-clean) folded to [0.5,1.0]",0.500000,L2a,True,0.067500,10.1612,INVALID,ground-truth regeneration (ADR-0033): fault never reached the estimator,6383676a3491dc82d70f2db20cdafb942e5c588a
20260747,P1,position_bias,1.0 m,L6,"AUC(faulted, matched-clean) folded to [0.5,1.0]",0.500000,L2a,True,0.067500,10.1612,INVALID,ground-truth regeneration (ADR-0033): fault never reached the estimator,6383676a3491dc82d70f2db20cdafb942e5c588a
20260747,P1,position_bias,1.0 m,L7,"AUC(faulted, matched-clean) folded to [0.5,1.0]",0.500000,L2a,True,0.067500,10.1612,INVALID,ground-truth regeneration (ADR-0033): fault never reached the estimator,6383676a3491dc82d70f2db20cdafb942e5c588a
20260747,P1,position_bias,1.0 m,L8,"AUC(faulted, matched-clean) folded to [0.5,1.0]",0.500000,L2a,True,0.067500,10.1612,INVALID,ground-truth regeneration (ADR-0033): fault never reached the estimator,6383676a3491dc82d70f2db20cdafb942e5c588a
20260747,P1,position_drift,2.0 m final,L1,"AUC(faulted, matched-clean) folded to [0.5,1.0]",0.982962,L2a,True,0.067500,10.1612,INVALID,ground-truth regeneration (ADR-0033): fault never reached the estimator,6383676a3491dc82d70f2db20cdafb942e5c588a
20260747,P1,position_drift,2.0 m final,L2a,"AUC(faulted, matched-clean) folded to [0.5,1.0]",0.500000,L2a,True,0.067500,10.1612,INVALID,ground-truth regeneration (ADR-0033): fault never reached the estimator,6383676a3491dc82d70f2db20cdafb942e5c588a
20260747,P1,position_drift,2.0 m final,L2b,"AUC(faulted, matched-clean) folded to [0.5,1.0]",0.500000,L2a,True,0.067500,10.1612,INVALID,ground-truth regeneration (ADR-0033): fault never reached the estimator,6383676a3491dc82d70f2db20cdafb942e5c588a
20260747,P1,position_drift,2.0 m final,L3,"AUC(faulted, matched-clean) folded to [0.5,1.0]",0.500000,L2a,True,0.067500,10.1612,INVALID,ground-truth regeneration (ADR-0033): fault never reached the estimator,6383676a3491dc82d70f2db20cdafb942e5c588a
20260747,P1,position_drift,2.0 m final,L6,"AUC(faulted, matched-clean) folded to [0.5,1.0]",0.500000,L2a,True,0.067500,10.1612,INVALID,ground-truth regeneration (ADR-0033): fault never reached the estimator,6383676a3491dc82d70f2db20cdafb942e5c588a
20260747,P1,position_drift,2.0 m final,L7,"AUC(faulted, matched-clean) folded to [0.5,1.0]",0.500000,L2a,True,0.067500,10.1612,INVALID,ground-truth regeneration (ADR-0033): fault never reached the estimator,6383676a3491dc82d70f2db20cdafb942e5c588a
20260747,P1,position_drift,2.0 m final,L8,"AUC(faulted, matched-clean) folded to [0.5,1.0]",0.500000,L2a,True,0.067500,10.1612,INVALID,ground-truth regeneration (ADR-0033): fault never reached the estimator,6383676a3491dc82d70f2db20cdafb942e5c588a
20260747,P1,speed_stuck,hold,L1,"AUC(faulted, matched-clean) folded to [0.5,1.0]",0.917500,L2a,True,0.070000,10.2055,VALID,,6383676a3491dc82d70f2db20cdafb942e5c588a
20260747,P1,speed_stuck,hold,L2a,"AUC(faulted, matched-clean) folded to [0.5,1.0]",0.571887,L2a,True,0.070000,10.2055,VALID,,6383676a3491dc82d70f2db20cdafb942e5c588a
20260747,P1,speed_stuck,hold,L2b,"AUC(faulted, matched-clean) folded to [0.5,1.0]",0.500163,L2a,True,0.070000,10.2055,VALID,,6383676a3491dc82d70f2db20cdafb942e5c588a
20260747,P1,speed_stuck,hold,L3,"AUC(faulted, matched-clean) folded to [0.5,1.0]",0.570612,L2a,True,0.070000,10.2055,VALID,,6383676a3491dc82d70f2db20cdafb942e5c588a
20260747,P1,speed_stuck,hold,L6,"AUC(faulted, matched-clean) folded to [0.5,1.0]",0.559787,L2a,True,0.070000,10.2055,VALID,,6383676a3491dc82d70f2db20cdafb942e5c588a
20260747,P1,speed_stuck,hold,L7,"AUC(faulted, matched-clean) folded to [0.5,1.0]",0.502500,L2a,True,0.070000,10.2055,VALID,,6383676a3491dc82d70f2db20cdafb942e5c588a
20260747,P1,speed_stuck,hold,L8,"AUC(faulted, matched-clean) folded to [0.5,1.0]",0.500000,L2a,True,0.070000,10.2055,VALID,,6383676a3491dc82d70f2db20cdafb942e5c588a
20260747,P1,speed_bias,3.0 m/s,L1,"AUC(faulted, matched-clean) folded to [0.5,1.0]",1.000000,L2a,False,0.070000,9.8309,VALID,,6383676a3491dc82d70f2db20cdafb942e5c588a
20260747,P1,speed_bias,3.0 m/s,L2a,"AUC(faulted, matched-clean) folded to [0.5,1.0]",0.500575,L2a,False,0.070000,9.8309,VALID,,6383676a3491dc82d70f2db20cdafb942e5c588a
20260747,P1,speed_bias,3.0 m/s,L2b,"AUC(faulted, matched-clean) folded to [0.5,1.0]",0.659250,L2a,False,0.070000,9.8309,VALID,,6383676a3491dc82d70f2db20cdafb942e5c588a
20260747,P1,speed_bias,3.0 m/s,L3,"AUC(faulted, matched-clean) folded to [0.5,1.0]",0.505238,L2a,False,0.070000,9.8309,VALID,,6383676a3491dc82d70f2db20cdafb942e5c588a
20260747,P1,speed_bias,3.0 m/s,L6,"AUC(faulted, matched-clean) folded to [0.5,1.0]",0.696975,L2a,False,0.070000,9.8309,VALID,,6383676a3491dc82d70f2db20cdafb942e5c588a
20260747,P1,speed_bias,3.0 m/s,L7,"AUC(faulted, matched-clean) folded to [0.5,1.0]",0.502500,L2a,False,0.070000,9.8309,VALID,,6383676a3491dc82d70f2db20cdafb942e5c588a
20260747,P1,speed_bias,3.0 m/s,L8,"AUC(faulted, matched-clean) folded to [0.5,1.0]",0.500000,L2a,False,0.070000,9.8309,VALID,,6383676a3491dc82d70f2db20cdafb942e5c588a
20260747,P1,lateral_noise,sigma x25,L1,"AUC(faulted, matched-clean) folded to [0.5,1.0]",0.994775,L6,False,0.295000,7.9555,VALID,,6383676a3491dc82d70f2db20cdafb942e5c588a
20260747,P1,lateral_noise,sigma x25,L2a,"AUC(faulted, matched-clean) folded to [0.5,1.0]",0.959700,L6,False,0.295000,7.9555,VALID,,6383676a3491dc82d70f2db20cdafb942e5c588a
20260747,P1,lateral_noise,sigma x25,L2b,"AUC(faulted, matched-clean) folded to [0.5,1.0]",0.990300,L6,False,0.295000,7.9555,VALID,,6383676a3491dc82d70f2db20cdafb942e5c588a
20260747,P1,lateral_noise,sigma x25,L3,"AUC(faulted, matched-clean) folded to [0.5,1.0]",0.959812,L6,False,0.295000,7.9555,VALID,,6383676a3491dc82d70f2db20cdafb942e5c588a
20260747,P1,lateral_noise,sigma x25,L6,"AUC(faulted, matched-clean) folded to [0.5,1.0]",0.565100,L6,False,0.295000,7.9555,VALID,,6383676a3491dc82d70f2db20cdafb942e5c588a
20260747,P1,lateral_noise,sigma x25,L7,"AUC(faulted, matched-clean) folded to [0.5,1.0]",0.727500,L6,False,0.295000,7.9555,VALID,,6383676a3491dc82d70f2db20cdafb942e5c588a
20260747,P1,lateral_noise,sigma x25,L8,"AUC(faulted, matched-clean) folded to [0.5,1.0]",0.757500,L6,False,0.295000,7.9555,VALID,,6383676a3491dc82d70f2db20cdafb942e5c588a
20260748,P1,imu_dropout,suppress IMU,L1,"AUC(faulted, matched-clean) folded to [0.5,1.0]",0.997500,L7,False,0.035000,6.4830,VALID,,6383676a3491dc82d70f2db20cdafb942e5c588a
20260748,P1,imu_dropout,suppress IMU,L2a,"AUC(faulted, matched-clean) folded to [0.5,1.0]",0.887075,L7,False,0.035000,6.4830,VALID,,6383676a3491dc82d70f2db20cdafb942e5c588a
20260748,P1,imu_dropout,suppress IMU,L2b,"AUC(faulted, matched-clean) folded to [0.5,1.0]",0.914400,L7,False,0.035000,6.4830,VALID,,6383676a3491dc82d70f2db20cdafb942e5c588a
20260748,P1,imu_dropout,suppress IMU,L3,"AUC(faulted, matched-clean) folded to [0.5,1.0]",0.886800,L7,False,0.035000,6.4830,VALID,,6383676a3491dc82d70f2db20cdafb942e5c588a
20260748,P1,imu_dropout,suppress IMU,L6,"AUC(faulted, matched-clean) folded to [0.5,1.0]",0.775050,L7,False,0.035000,6.4830,VALID,,6383676a3491dc82d70f2db20cdafb942e5c588a
20260748,P1,imu_dropout,suppress IMU,L7,"AUC(faulted, matched-clean) folded to [0.5,1.0]",0.517500,L7,False,0.035000,6.4830,VALID,,6383676a3491dc82d70f2db20cdafb942e5c588a
20260748,P1,imu_dropout,suppress IMU,L8,"AUC(faulted, matched-clean) folded to [0.5,1.0]",0.987500,L7,False,0.035000,6.4830,VALID,,6383676a3491dc82d70f2db20cdafb942e5c588a
20260748,P1,position_bias,1.0 m,L1,"AUC(faulted, matched-clean) folded to [0.5,1.0]",1.000000,L2a,True,0.017500,11.3016,INVALID,ground-truth regeneration (ADR-0033): fault never reached the estimator,6383676a3491dc82d70f2db20cdafb942e5c588a
20260748,P1,position_bias,1.0 m,L2a,"AUC(faulted, matched-clean) folded to [0.5,1.0]",0.500000,L2a,True,0.017500,11.3016,INVALID,ground-truth regeneration (ADR-0033): fault never reached the estimator,6383676a3491dc82d70f2db20cdafb942e5c588a
20260748,P1,position_bias,1.0 m,L2b,"AUC(faulted, matched-clean) folded to [0.5,1.0]",0.500000,L2a,True,0.017500,11.3016,INVALID,ground-truth regeneration (ADR-0033): fault never reached the estimator,6383676a3491dc82d70f2db20cdafb942e5c588a
20260748,P1,position_bias,1.0 m,L3,"AUC(faulted, matched-clean) folded to [0.5,1.0]",0.500000,L2a,True,0.017500,11.3016,INVALID,ground-truth regeneration (ADR-0033): fault never reached the estimator,6383676a3491dc82d70f2db20cdafb942e5c588a
20260748,P1,position_bias,1.0 m,L6,"AUC(faulted, matched-clean) folded to [0.5,1.0]",0.500000,L2a,True,0.017500,11.3016,INVALID,ground-truth regeneration (ADR-0033): fault never reached the estimator,6383676a3491dc82d70f2db20cdafb942e5c588a
20260748,P1,position_bias,1.0 m,L7,"AUC(faulted, matched-clean) folded to [0.5,1.0]",0.500000,L2a,True,0.017500,11.3016,INVALID,ground-truth regeneration (ADR-0033): fault never reached the estimator,6383676a3491dc82d70f2db20cdafb942e5c588a
20260748,P1,position_bias,1.0 m,L8,"AUC(faulted, matched-clean) folded to [0.5,1.0]",0.500000,L2a,True,0.017500,11.3016,INVALID,ground-truth regeneration (ADR-0033): fault never reached the estimator,6383676a3491dc82d70f2db20cdafb942e5c588a
20260748,P1,position_drift,2.0 m final,L1,"AUC(faulted, matched-clean) folded to [0.5,1.0]",0.970187,L2a,True,0.017500,11.3016,INVALID,ground-truth regeneration (ADR-0033): fault never reached the estimator,6383676a3491dc82d70f2db20cdafb942e5c588a
20260748,P1,position_drift,2.0 m final,L2a,"AUC(faulted, matched-clean) folded to [0.5,1.0]",0.500000,L2a,True,0.017500,11.3016,INVALID,ground-truth regeneration (ADR-0033): fault never reached the estimator,6383676a3491dc82d70f2db20cdafb942e5c588a
20260748,P1,position_drift,2.0 m final,L2b,"AUC(faulted, matched-clean) folded to [0.5,1.0]",0.500000,L2a,True,0.017500,11.3016,INVALID,ground-truth regeneration (ADR-0033): fault never reached the estimator,6383676a3491dc82d70f2db20cdafb942e5c588a
20260748,P1,position_drift,2.0 m final,L3,"AUC(faulted, matched-clean) folded to [0.5,1.0]",0.500000,L2a,True,0.017500,11.3016,INVALID,ground-truth regeneration (ADR-0033): fault never reached the estimator,6383676a3491dc82d70f2db20cdafb942e5c588a
20260748,P1,position_drift,2.0 m final,L6,"AUC(faulted, matched-clean) folded to [0.5,1.0]",0.500000,L2a,True,0.017500,11.3016,INVALID,ground-truth regeneration (ADR-0033): fault never reached the estimator,6383676a3491dc82d70f2db20cdafb942e5c588a
20260748,P1,position_drift,2.0 m final,L7,"AUC(faulted, matched-clean) folded to [0.5,1.0]",0.500000,L2a,True,0.017500,11.3016,INVALID,ground-truth regeneration (ADR-0033): fault never reached the estimator,6383676a3491dc82d70f2db20cdafb942e5c588a
20260748,P1,position_drift,2.0 m final,L8,"AUC(faulted, matched-clean) folded to [0.5,1.0]",0.500000,L2a,True,0.017500,11.3016,INVALID,ground-truth regeneration (ADR-0033): fault never reached the estimator,6383676a3491dc82d70f2db20cdafb942e5c588a
20260748,P1,speed_stuck,hold,L1,"AUC(faulted, matched-clean) folded to [0.5,1.0]",0.997500,L2a,True,0.020000,11.3230,VALID,,6383676a3491dc82d70f2db20cdafb942e5c588a
20260748,P1,speed_stuck,hold,L2a,"AUC(faulted, matched-clean) folded to [0.5,1.0]",0.557538,L2a,True,0.020000,11.3230,VALID,,6383676a3491dc82d70f2db20cdafb942e5c588a
20260748,P1,speed_stuck,hold,L2b,"AUC(faulted, matched-clean) folded to [0.5,1.0]",0.535562,L2a,True,0.020000,11.3230,VALID,,6383676a3491dc82d70f2db20cdafb942e5c588a
20260748,P1,speed_stuck,hold,L3,"AUC(faulted, matched-clean) folded to [0.5,1.0]",0.555225,L2a,True,0.020000,11.3230,VALID,,6383676a3491dc82d70f2db20cdafb942e5c588a
20260748,P1,speed_stuck,hold,L6,"AUC(faulted, matched-clean) folded to [0.5,1.0]",0.506487,L2a,True,0.020000,11.3230,VALID,,6383676a3491dc82d70f2db20cdafb942e5c588a
20260748,P1,speed_stuck,hold,L7,"AUC(faulted, matched-clean) folded to [0.5,1.0]",0.502500,L2a,True,0.020000,11.3230,VALID,,6383676a3491dc82d70f2db20cdafb942e5c588a
20260748,P1,speed_stuck,hold,L8,"AUC(faulted, matched-clean) folded to [0.5,1.0]",0.500000,L2a,True,0.020000,11.3230,VALID,,6383676a3491dc82d70f2db20cdafb942e5c588a
20260748,P1,speed_bias,3.0 m/s,L1,"AUC(faulted, matched-clean) folded to [0.5,1.0]",1.000000,L2a,False,0.017500,10.9488,VALID,,6383676a3491dc82d70f2db20cdafb942e5c588a
20260748,P1,speed_bias,3.0 m/s,L2a,"AUC(faulted, matched-clean) folded to [0.5,1.0]",0.514775,L2a,False,0.017500,10.9488,VALID,,6383676a3491dc82d70f2db20cdafb942e5c588a
20260748,P1,speed_bias,3.0 m/s,L2b,"AUC(faulted, matched-clean) folded to [0.5,1.0]",0.669475,L2a,False,0.017500,10.9488,VALID,,6383676a3491dc82d70f2db20cdafb942e5c588a
20260748,P1,speed_bias,3.0 m/s,L3,"AUC(faulted, matched-clean) folded to [0.5,1.0]",0.510575,L2a,False,0.017500,10.9488,VALID,,6383676a3491dc82d70f2db20cdafb942e5c588a
20260748,P1,speed_bias,3.0 m/s,L6,"AUC(faulted, matched-clean) folded to [0.5,1.0]",0.612600,L2a,False,0.017500,10.9488,VALID,,6383676a3491dc82d70f2db20cdafb942e5c588a
20260748,P1,speed_bias,3.0 m/s,L7,"AUC(faulted, matched-clean) folded to [0.5,1.0]",0.500000,L2a,False,0.017500,10.9488,VALID,,6383676a3491dc82d70f2db20cdafb942e5c588a
20260748,P1,speed_bias,3.0 m/s,L8,"AUC(faulted, matched-clean) folded to [0.5,1.0]",0.500000,L2a,False,0.017500,10.9488,VALID,,6383676a3491dc82d70f2db20cdafb942e5c588a
20260748,P1,lateral_noise,sigma x25,L1,"AUC(faulted, matched-clean) folded to [0.5,1.0]",0.999800,L8,True,0.217500,9.5789,VALID,,6383676a3491dc82d70f2db20cdafb942e5c588a
20260748,P1,lateral_noise,sigma x25,L2a,"AUC(faulted, matched-clean) folded to [0.5,1.0]",0.976950,L8,True,0.217500,9.5789,VALID,,6383676a3491dc82d70f2db20cdafb942e5c588a
20260748,P1,lateral_noise,sigma x25,L2b,"AUC(faulted, matched-clean) folded to [0.5,1.0]",0.944187,L8,True,0.217500,9.5789,VALID,,6383676a3491dc82d70f2db20cdafb942e5c588a
20260748,P1,lateral_noise,sigma x25,L3,"AUC(faulted, matched-clean) folded to [0.5,1.0]",0.976950,L8,True,0.217500,9.5789,VALID,,6383676a3491dc82d70f2db20cdafb942e5c588a
20260748,P1,lateral_noise,sigma x25,L6,"AUC(faulted, matched-clean) folded to [0.5,1.0]",0.624550,L8,True,0.217500,9.5789,VALID,,6383676a3491dc82d70f2db20cdafb942e5c588a
20260748,P1,lateral_noise,sigma x25,L7,"AUC(faulted, matched-clean) folded to [0.5,1.0]",0.700000,L8,True,0.217500,9.5789,VALID,,6383676a3491dc82d70f2db20cdafb942e5c588a
20260748,P1,lateral_noise,sigma x25,L8,"AUC(faulted, matched-clean) folded to [0.5,1.0]",0.535000,L8,True,0.217500,9.5789,VALID,,6383676a3491dc82d70f2db20cdafb942e5c588a
20260749,P1,imu_dropout,suppress IMU,L1,"AUC(faulted, matched-clean) folded to [0.5,1.0]",0.997500,L7,False,0.092500,7.2335,VALID,,6383676a3491dc82d70f2db20cdafb942e5c588a
20260749,P1,imu_dropout,suppress IMU,L2a,"AUC(faulted, matched-clean) folded to [0.5,1.0]",0.875700,L7,False,0.092500,7.2335,VALID,,6383676a3491dc82d70f2db20cdafb942e5c588a
20260749,P1,imu_dropout,suppress IMU,L2b,"AUC(faulted, matched-clean) folded to [0.5,1.0]",0.908375,L7,False,0.092500,7.2335,VALID,,6383676a3491dc82d70f2db20cdafb942e5c588a
20260749,P1,imu_dropout,suppress IMU,L3,"AUC(faulted, matched-clean) folded to [0.5,1.0]",0.875563,L7,False,0.092500,7.2335,VALID,,6383676a3491dc82d70f2db20cdafb942e5c588a
20260749,P1,imu_dropout,suppress IMU,L6,"AUC(faulted, matched-clean) folded to [0.5,1.0]",0.841750,L7,False,0.092500,7.2335,VALID,,6383676a3491dc82d70f2db20cdafb942e5c588a
20260749,P1,imu_dropout,suppress IMU,L7,"AUC(faulted, matched-clean) folded to [0.5,1.0]",0.532500,L7,False,0.092500,7.2335,VALID,,6383676a3491dc82d70f2db20cdafb942e5c588a
20260749,P1,imu_dropout,suppress IMU,L8,"AUC(faulted, matched-clean) folded to [0.5,1.0]",0.987500,L7,False,0.092500,7.2335,VALID,,6383676a3491dc82d70f2db20cdafb942e5c588a
20260749,P1,position_bias,1.0 m,L1,"AUC(faulted, matched-clean) folded to [0.5,1.0]",1.000000,L2a,True,0.060000,12.4356,INVALID,ground-truth regeneration (ADR-0033): fault never reached the estimator,6383676a3491dc82d70f2db20cdafb942e5c588a
20260749,P1,position_bias,1.0 m,L2a,"AUC(faulted, matched-clean) folded to [0.5,1.0]",0.500000,L2a,True,0.060000,12.4356,INVALID,ground-truth regeneration (ADR-0033): fault never reached the estimator,6383676a3491dc82d70f2db20cdafb942e5c588a
20260749,P1,position_bias,1.0 m,L2b,"AUC(faulted, matched-clean) folded to [0.5,1.0]",0.500000,L2a,True,0.060000,12.4356,INVALID,ground-truth regeneration (ADR-0033): fault never reached the estimator,6383676a3491dc82d70f2db20cdafb942e5c588a
20260749,P1,position_bias,1.0 m,L3,"AUC(faulted, matched-clean) folded to [0.5,1.0]",0.500000,L2a,True,0.060000,12.4356,INVALID,ground-truth regeneration (ADR-0033): fault never reached the estimator,6383676a3491dc82d70f2db20cdafb942e5c588a
20260749,P1,position_bias,1.0 m,L6,"AUC(faulted, matched-clean) folded to [0.5,1.0]",0.500000,L2a,True,0.060000,12.4356,INVALID,ground-truth regeneration (ADR-0033): fault never reached the estimator,6383676a3491dc82d70f2db20cdafb942e5c588a
20260749,P1,position_bias,1.0 m,L7,"AUC(faulted, matched-clean) folded to [0.5,1.0]",0.500000,L2a,True,0.060000,12.4356,INVALID,ground-truth regeneration (ADR-0033): fault never reached the estimator,6383676a3491dc82d70f2db20cdafb942e5c588a
20260749,P1,position_bias,1.0 m,L8,"AUC(faulted, matched-clean) folded to [0.5,1.0]",0.500000,L2a,True,0.060000,12.4356,INVALID,ground-truth regeneration (ADR-0033): fault never reached the estimator,6383676a3491dc82d70f2db20cdafb942e5c588a
20260749,P1,position_drift,2.0 m final,L1,"AUC(faulted, matched-clean) folded to [0.5,1.0]",0.982463,L2a,True,0.060000,12.4356,INVALID,ground-truth regeneration (ADR-0033): fault never reached the estimator,6383676a3491dc82d70f2db20cdafb942e5c588a
20260749,P1,position_drift,2.0 m final,L2a,"AUC(faulted, matched-clean) folded to [0.5,1.0]",0.500000,L2a,True,0.060000,12.4356,INVALID,ground-truth regeneration (ADR-0033): fault never reached the estimator,6383676a3491dc82d70f2db20cdafb942e5c588a
20260749,P1,position_drift,2.0 m final,L2b,"AUC(faulted, matched-clean) folded to [0.5,1.0]",0.500000,L2a,True,0.060000,12.4356,INVALID,ground-truth regeneration (ADR-0033): fault never reached the estimator,6383676a3491dc82d70f2db20cdafb942e5c588a
20260749,P1,position_drift,2.0 m final,L3,"AUC(faulted, matched-clean) folded to [0.5,1.0]",0.500000,L2a,True,0.060000,12.4356,INVALID,ground-truth regeneration (ADR-0033): fault never reached the estimator,6383676a3491dc82d70f2db20cdafb942e5c588a
20260749,P1,position_drift,2.0 m final,L6,"AUC(faulted, matched-clean) folded to [0.5,1.0]",0.500000,L2a,True,0.060000,12.4356,INVALID,ground-truth regeneration (ADR-0033): fault never reached the estimator,6383676a3491dc82d70f2db20cdafb942e5c588a
20260749,P1,position_drift,2.0 m final,L7,"AUC(faulted, matched-clean) folded to [0.5,1.0]",0.500000,L2a,True,0.060000,12.4356,INVALID,ground-truth regeneration (ADR-0033): fault never reached the estimator,6383676a3491dc82d70f2db20cdafb942e5c588a
20260749,P1,position_drift,2.0 m final,L8,"AUC(faulted, matched-clean) folded to [0.5,1.0]",0.500000,L2a,True,0.060000,12.4356,INVALID,ground-truth regeneration (ADR-0033): fault never reached the estimator,6383676a3491dc82d70f2db20cdafb942e5c588a
20260749,P1,speed_stuck,hold,L1,"AUC(faulted, matched-clean) folded to [0.5,1.0]",0.992500,L2a,True,0.060000,12.4402,VALID,,6383676a3491dc82d70f2db20cdafb942e5c588a
20260749,P1,speed_stuck,hold,L2a,"AUC(faulted, matched-clean) folded to [0.5,1.0]",0.553438,L2a,True,0.060000,12.4402,VALID,,6383676a3491dc82d70f2db20cdafb942e5c588a
20260749,P1,speed_stuck,hold,L2b,"AUC(faulted, matched-clean) folded to [0.5,1.0]",0.552712,L2a,True,0.060000,12.4402,VALID,,6383676a3491dc82d70f2db20cdafb942e5c588a
20260749,P1,speed_stuck,hold,L3,"AUC(faulted, matched-clean) folded to [0.5,1.0]",0.552987,L2a,True,0.060000,12.4402,VALID,,6383676a3491dc82d70f2db20cdafb942e5c588a
20260749,P1,speed_stuck,hold,L6,"AUC(faulted, matched-clean) folded to [0.5,1.0]",0.502112,L2a,True,0.060000,12.4402,VALID,,6383676a3491dc82d70f2db20cdafb942e5c588a
20260749,P1,speed_stuck,hold,L7,"AUC(faulted, matched-clean) folded to [0.5,1.0]",0.500000,L2a,True,0.060000,12.4402,VALID,,6383676a3491dc82d70f2db20cdafb942e5c588a
20260749,P1,speed_stuck,hold,L8,"AUC(faulted, matched-clean) folded to [0.5,1.0]",0.500000,L2a,True,0.060000,12.4402,VALID,,6383676a3491dc82d70f2db20cdafb942e5c588a
20260749,P1,speed_bias,3.0 m/s,L1,"AUC(faulted, matched-clean) folded to [0.5,1.0]",1.000000,L2a,False,0.060000,12.0665,VALID,,6383676a3491dc82d70f2db20cdafb942e5c588a
20260749,P1,speed_bias,3.0 m/s,L2a,"AUC(faulted, matched-clean) folded to [0.5,1.0]",0.522625,L2a,False,0.060000,12.0665,VALID,,6383676a3491dc82d70f2db20cdafb942e5c588a
20260749,P1,speed_bias,3.0 m/s,L2b,"AUC(faulted, matched-clean) folded to [0.5,1.0]",0.715400,L2a,False,0.060000,12.0665,VALID,,6383676a3491dc82d70f2db20cdafb942e5c588a
20260749,P1,speed_bias,3.0 m/s,L3,"AUC(faulted, matched-clean) folded to [0.5,1.0]",0.518275,L2a,False,0.060000,12.0665,VALID,,6383676a3491dc82d70f2db20cdafb942e5c588a
20260749,P1,speed_bias,3.0 m/s,L6,"AUC(faulted, matched-clean) folded to [0.5,1.0]",0.544700,L2a,False,0.060000,12.0665,VALID,,6383676a3491dc82d70f2db20cdafb942e5c588a
20260749,P1,speed_bias,3.0 m/s,L7,"AUC(faulted, matched-clean) folded to [0.5,1.0]",0.500000,L2a,False,0.060000,12.0665,VALID,,6383676a3491dc82d70f2db20cdafb942e5c588a
20260749,P1,speed_bias,3.0 m/s,L8,"AUC(faulted, matched-clean) folded to [0.5,1.0]",0.500000,L2a,False,0.060000,12.0665,VALID,,6383676a3491dc82d70f2db20cdafb942e5c588a
20260749,P1,lateral_noise,sigma x25,L1,"AUC(faulted, matched-clean) folded to [0.5,1.0]",1.000000,,False,0.277500,10.7824,VALID,,6383676a3491dc82d70f2db20cdafb942e5c588a
20260749,P1,lateral_noise,sigma x25,L2a,"AUC(faulted, matched-clean) folded to [0.5,1.0]",0.975525,,False,0.277500,10.7824,VALID,,6383676a3491dc82d70f2db20cdafb942e5c588a
20260749,P1,lateral_noise,sigma x25,L2b,"AUC(faulted, matched-clean) folded to [0.5,1.0]",0.850950,,False,0.277500,10.7824,VALID,,6383676a3491dc82d70f2db20cdafb942e5c588a
20260749,P1,lateral_noise,sigma x25,L3,"AUC(faulted, matched-clean) folded to [0.5,1.0]",0.975600,,False,0.277500,10.7824,VALID,,6383676a3491dc82d70f2db20cdafb942e5c588a
20260749,P1,lateral_noise,sigma x25,L6,"AUC(faulted, matched-clean) folded to [0.5,1.0]",0.698350,,False,0.277500,10.7824,VALID,,6383676a3491dc82d70f2db20cdafb942e5c588a
20260749,P1,lateral_noise,sigma x25,L7,"AUC(faulted, matched-clean) folded to [0.5,1.0]",0.717500,,False,0.277500,10.7824,VALID,,6383676a3491dc82d70f2db20cdafb942e5c588a
20260749,P1,lateral_noise,sigma x25,L8,"AUC(faulted, matched-clean) folded to [0.5,1.0]",0.635000,,False,0.277500,10.7824,VALID,,6383676a3491dc82d70f2db20cdafb942e5c588a
20260750,P1,imu_dropout,suppress IMU,L1,"AUC(faulted, matched-clean) folded to [0.5,1.0]",0.997500,L7,False,0.075000,5.9016,VALID,,6383676a3491dc82d70f2db20cdafb942e5c588a
20260750,P1,imu_dropout,suppress IMU,L2a,"AUC(faulted, matched-clean) folded to [0.5,1.0]",0.904650,L7,False,0.075000,5.9016,VALID,,6383676a3491dc82d70f2db20cdafb942e5c588a
20260750,P1,imu_dropout,suppress IMU,L2b,"AUC(faulted, matched-clean) folded to [0.5,1.0]",0.830750,L7,False,0.075000,5.9016,VALID,,6383676a3491dc82d70f2db20cdafb942e5c588a
20260750,P1,imu_dropout,suppress IMU,L3,"AUC(faulted, matched-clean) folded to [0.5,1.0]",0.904687,L7,False,0.075000,5.9016,VALID,,6383676a3491dc82d70f2db20cdafb942e5c588a
20260750,P1,imu_dropout,suppress IMU,L6,"AUC(faulted, matched-clean) folded to [0.5,1.0]",0.871700,L7,False,0.075000,5.9016,VALID,,6383676a3491dc82d70f2db20cdafb942e5c588a
20260750,P1,imu_dropout,suppress IMU,L7,"AUC(faulted, matched-clean) folded to [0.5,1.0]",0.560000,L7,False,0.075000,5.9016,VALID,,6383676a3491dc82d70f2db20cdafb942e5c588a
20260750,P1,imu_dropout,suppress IMU,L8,"AUC(faulted, matched-clean) folded to [0.5,1.0]",0.987500,L7,False,0.075000,5.9016,VALID,,6383676a3491dc82d70f2db20cdafb942e5c588a
20260750,P1,position_bias,1.0 m,L1,"AUC(faulted, matched-clean) folded to [0.5,1.0]",1.000000,L2a,True,0.015000,10.5348,INVALID,ground-truth regeneration (ADR-0033): fault never reached the estimator,6383676a3491dc82d70f2db20cdafb942e5c588a
20260750,P1,position_bias,1.0 m,L2a,"AUC(faulted, matched-clean) folded to [0.5,1.0]",0.500000,L2a,True,0.015000,10.5348,INVALID,ground-truth regeneration (ADR-0033): fault never reached the estimator,6383676a3491dc82d70f2db20cdafb942e5c588a
20260750,P1,position_bias,1.0 m,L2b,"AUC(faulted, matched-clean) folded to [0.5,1.0]",0.500000,L2a,True,0.015000,10.5348,INVALID,ground-truth regeneration (ADR-0033): fault never reached the estimator,6383676a3491dc82d70f2db20cdafb942e5c588a
20260750,P1,position_bias,1.0 m,L3,"AUC(faulted, matched-clean) folded to [0.5,1.0]",0.500000,L2a,True,0.015000,10.5348,INVALID,ground-truth regeneration (ADR-0033): fault never reached the estimator,6383676a3491dc82d70f2db20cdafb942e5c588a
20260750,P1,position_bias,1.0 m,L6,"AUC(faulted, matched-clean) folded to [0.5,1.0]",0.500000,L2a,True,0.015000,10.5348,INVALID,ground-truth regeneration (ADR-0033): fault never reached the estimator,6383676a3491dc82d70f2db20cdafb942e5c588a
20260750,P1,position_bias,1.0 m,L7,"AUC(faulted, matched-clean) folded to [0.5,1.0]",0.500000,L2a,True,0.015000,10.5348,INVALID,ground-truth regeneration (ADR-0033): fault never reached the estimator,6383676a3491dc82d70f2db20cdafb942e5c588a
20260750,P1,position_bias,1.0 m,L8,"AUC(faulted, matched-clean) folded to [0.5,1.0]",0.500000,L2a,True,0.015000,10.5348,INVALID,ground-truth regeneration (ADR-0033): fault never reached the estimator,6383676a3491dc82d70f2db20cdafb942e5c588a
20260750,P1,position_drift,2.0 m final,L1,"AUC(faulted, matched-clean) folded to [0.5,1.0]",0.967712,L2a,True,0.015000,10.5348,INVALID,ground-truth regeneration (ADR-0033): fault never reached the estimator,6383676a3491dc82d70f2db20cdafb942e5c588a
20260750,P1,position_drift,2.0 m final,L2a,"AUC(faulted, matched-clean) folded to [0.5,1.0]",0.500000,L2a,True,0.015000,10.5348,INVALID,ground-truth regeneration (ADR-0033): fault never reached the estimator,6383676a3491dc82d70f2db20cdafb942e5c588a
20260750,P1,position_drift,2.0 m final,L2b,"AUC(faulted, matched-clean) folded to [0.5,1.0]",0.500000,L2a,True,0.015000,10.5348,INVALID,ground-truth regeneration (ADR-0033): fault never reached the estimator,6383676a3491dc82d70f2db20cdafb942e5c588a
20260750,P1,position_drift,2.0 m final,L3,"AUC(faulted, matched-clean) folded to [0.5,1.0]",0.500000,L2a,True,0.015000,10.5348,INVALID,ground-truth regeneration (ADR-0033): fault never reached the estimator,6383676a3491dc82d70f2db20cdafb942e5c588a
20260750,P1,position_drift,2.0 m final,L6,"AUC(faulted, matched-clean) folded to [0.5,1.0]",0.500000,L2a,True,0.015000,10.5348,INVALID,ground-truth regeneration (ADR-0033): fault never reached the estimator,6383676a3491dc82d70f2db20cdafb942e5c588a
20260750,P1,position_drift,2.0 m final,L7,"AUC(faulted, matched-clean) folded to [0.5,1.0]",0.500000,L2a,True,0.015000,10.5348,INVALID,ground-truth regeneration (ADR-0033): fault never reached the estimator,6383676a3491dc82d70f2db20cdafb942e5c588a
20260750,P1,position_drift,2.0 m final,L8,"AUC(faulted, matched-clean) folded to [0.5,1.0]",0.500000,L2a,True,0.015000,10.5348,INVALID,ground-truth regeneration (ADR-0033): fault never reached the estimator,6383676a3491dc82d70f2db20cdafb942e5c588a
20260750,P1,speed_stuck,hold,L1,"AUC(faulted, matched-clean) folded to [0.5,1.0]",0.892500,L2a,True,0.017500,10.5725,VALID,,6383676a3491dc82d70f2db20cdafb942e5c588a
20260750,P1,speed_stuck,hold,L2a,"AUC(faulted, matched-clean) folded to [0.5,1.0]",0.584062,L2a,True,0.017500,10.5725,VALID,,6383676a3491dc82d70f2db20cdafb942e5c588a
20260750,P1,speed_stuck,hold,L2b,"AUC(faulted, matched-clean) folded to [0.5,1.0]",0.518637,L2a,True,0.017500,10.5725,VALID,,6383676a3491dc82d70f2db20cdafb942e5c588a
20260750,P1,speed_stuck,hold,L3,"AUC(faulted, matched-clean) folded to [0.5,1.0]",0.582187,L2a,True,0.017500,10.5725,VALID,,6383676a3491dc82d70f2db20cdafb942e5c588a
20260750,P1,speed_stuck,hold,L6,"AUC(faulted, matched-clean) folded to [0.5,1.0]",0.534563,L2a,True,0.017500,10.5725,VALID,,6383676a3491dc82d70f2db20cdafb942e5c588a
20260750,P1,speed_stuck,hold,L7,"AUC(faulted, matched-clean) folded to [0.5,1.0]",0.502500,L2a,True,0.017500,10.5725,VALID,,6383676a3491dc82d70f2db20cdafb942e5c588a
20260750,P1,speed_stuck,hold,L8,"AUC(faulted, matched-clean) folded to [0.5,1.0]",0.500000,L2a,True,0.017500,10.5725,VALID,,6383676a3491dc82d70f2db20cdafb942e5c588a
20260750,P1,speed_bias,3.0 m/s,L1,"AUC(faulted, matched-clean) folded to [0.5,1.0]",1.000000,L2a,False,0.012500,10.1918,VALID,,6383676a3491dc82d70f2db20cdafb942e5c588a
20260750,P1,speed_bias,3.0 m/s,L2a,"AUC(faulted, matched-clean) folded to [0.5,1.0]",0.502775,L2a,False,0.012500,10.1918,VALID,,6383676a3491dc82d70f2db20cdafb942e5c588a
20260750,P1,speed_bias,3.0 m/s,L2b,"AUC(faulted, matched-clean) folded to [0.5,1.0]",0.670550,L2a,False,0.012500,10.1918,VALID,,6383676a3491dc82d70f2db20cdafb942e5c588a
20260750,P1,speed_bias,3.0 m/s,L3,"AUC(faulted, matched-clean) folded to [0.5,1.0]",0.501138,L2a,False,0.012500,10.1918,VALID,,6383676a3491dc82d70f2db20cdafb942e5c588a
20260750,P1,speed_bias,3.0 m/s,L6,"AUC(faulted, matched-clean) folded to [0.5,1.0]",0.677250,L2a,False,0.012500,10.1918,VALID,,6383676a3491dc82d70f2db20cdafb942e5c588a
20260750,P1,speed_bias,3.0 m/s,L7,"AUC(faulted, matched-clean) folded to [0.5,1.0]",0.502500,L2a,False,0.012500,10.1918,VALID,,6383676a3491dc82d70f2db20cdafb942e5c588a
20260750,P1,speed_bias,3.0 m/s,L8,"AUC(faulted, matched-clean) folded to [0.5,1.0]",0.500000,L2a,False,0.012500,10.1918,VALID,,6383676a3491dc82d70f2db20cdafb942e5c588a
20260750,P1,lateral_noise,sigma x25,L1,"AUC(faulted, matched-clean) folded to [0.5,1.0]",0.995775,L6,False,0.292500,8.3298,VALID,,6383676a3491dc82d70f2db20cdafb942e5c588a
20260750,P1,lateral_noise,sigma x25,L2a,"AUC(faulted, matched-clean) folded to [0.5,1.0]",0.976750,L6,False,0.292500,8.3298,VALID,,6383676a3491dc82d70f2db20cdafb942e5c588a
20260750,P1,lateral_noise,sigma x25,L2b,"AUC(faulted, matched-clean) folded to [0.5,1.0]",0.884275,L6,False,0.292500,8.3298,VALID,,6383676a3491dc82d70f2db20cdafb942e5c588a
20260750,P1,lateral_noise,sigma x25,L3,"AUC(faulted, matched-clean) folded to [0.5,1.0]",0.976775,L6,False,0.292500,8.3298,VALID,,6383676a3491dc82d70f2db20cdafb942e5c588a
20260750,P1,lateral_noise,sigma x25,L6,"AUC(faulted, matched-clean) folded to [0.5,1.0]",0.519825,L6,False,0.292500,8.3298,VALID,,6383676a3491dc82d70f2db20cdafb942e5c588a
20260750,P1,lateral_noise,sigma x25,L7,"AUC(faulted, matched-clean) folded to [0.5,1.0]",0.777500,L6,False,0.292500,8.3298,VALID,,6383676a3491dc82d70f2db20cdafb942e5c588a
20260750,P1,lateral_noise,sigma x25,L8,"AUC(faulted, matched-clean) folded to [0.5,1.0]",0.835000,L6,False,0.292500,8.3298,VALID,,6383676a3491dc82d70f2db20cdafb942e5c588a
20260751,P1,imu_dropout,suppress IMU,L1,"AUC(faulted, matched-clean) folded to [0.5,1.0]",0.997500,L2a,False,0.070000,5.9380,VALID,,6383676a3491dc82d70f2db20cdafb942e5c588a
20260751,P1,imu_dropout,suppress IMU,L2a,"AUC(faulted, matched-clean) folded to [0.5,1.0]",0.509925,L2a,False,0.070000,5.9380,VALID,,6383676a3491dc82d70f2db20cdafb942e5c588a
20260751,P1,imu_dropout,suppress IMU,L2b,"AUC(faulted, matched-clean) folded to [0.5,1.0]",0.518400,L2a,False,0.070000,5.9380,VALID,,6383676a3491dc82d70f2db20cdafb942e5c588a
20260751,P1,imu_dropout,suppress IMU,L3,"AUC(faulted, matched-clean) folded to [0.5,1.0]",0.508675,L2a,False,0.070000,5.9380,VALID,,6383676a3491dc82d70f2db20cdafb942e5c588a
20260751,P1,imu_dropout,suppress IMU,L6,"AUC(faulted, matched-clean) folded to [0.5,1.0]",0.524875,L2a,False,0.070000,5.9380,VALID,,6383676a3491dc82d70f2db20cdafb942e5c588a
20260751,P1,imu_dropout,suppress IMU,L7,"AUC(faulted, matched-clean) folded to [0.5,1.0]",0.502500,L2a,False,0.070000,5.9380,VALID,,6383676a3491dc82d70f2db20cdafb942e5c588a
20260751,P1,imu_dropout,suppress IMU,L8,"AUC(faulted, matched-clean) folded to [0.5,1.0]",0.987500,L2a,False,0.070000,5.9380,VALID,,6383676a3491dc82d70f2db20cdafb942e5c588a
20260751,P1,position_bias,1.0 m,L1,"AUC(faulted, matched-clean) folded to [0.5,1.0]",1.000000,L2a,True,0.067500,10.5283,INVALID,ground-truth regeneration (ADR-0033): fault never reached the estimator,6383676a3491dc82d70f2db20cdafb942e5c588a
20260751,P1,position_bias,1.0 m,L2a,"AUC(faulted, matched-clean) folded to [0.5,1.0]",0.500000,L2a,True,0.067500,10.5283,INVALID,ground-truth regeneration (ADR-0033): fault never reached the estimator,6383676a3491dc82d70f2db20cdafb942e5c588a
20260751,P1,position_bias,1.0 m,L2b,"AUC(faulted, matched-clean) folded to [0.5,1.0]",0.500000,L2a,True,0.067500,10.5283,INVALID,ground-truth regeneration (ADR-0033): fault never reached the estimator,6383676a3491dc82d70f2db20cdafb942e5c588a
20260751,P1,position_bias,1.0 m,L3,"AUC(faulted, matched-clean) folded to [0.5,1.0]",0.500000,L2a,True,0.067500,10.5283,INVALID,ground-truth regeneration (ADR-0033): fault never reached the estimator,6383676a3491dc82d70f2db20cdafb942e5c588a
20260751,P1,position_bias,1.0 m,L6,"AUC(faulted, matched-clean) folded to [0.5,1.0]",0.500000,L2a,True,0.067500,10.5283,INVALID,ground-truth regeneration (ADR-0033): fault never reached the estimator,6383676a3491dc82d70f2db20cdafb942e5c588a
20260751,P1,position_bias,1.0 m,L7,"AUC(faulted, matched-clean) folded to [0.5,1.0]",0.500000,L2a,True,0.067500,10.5283,INVALID,ground-truth regeneration (ADR-0033): fault never reached the estimator,6383676a3491dc82d70f2db20cdafb942e5c588a
20260751,P1,position_bias,1.0 m,L8,"AUC(faulted, matched-clean) folded to [0.5,1.0]",0.500000,L2a,True,0.067500,10.5283,INVALID,ground-truth regeneration (ADR-0033): fault never reached the estimator,6383676a3491dc82d70f2db20cdafb942e5c588a
20260751,P1,position_drift,2.0 m final,L1,"AUC(faulted, matched-clean) folded to [0.5,1.0]",0.973562,L2a,True,0.067500,10.5283,INVALID,ground-truth regeneration (ADR-0033): fault never reached the estimator,6383676a3491dc82d70f2db20cdafb942e5c588a
20260751,P1,position_drift,2.0 m final,L2a,"AUC(faulted, matched-clean) folded to [0.5,1.0]",0.500000,L2a,True,0.067500,10.5283,INVALID,ground-truth regeneration (ADR-0033): fault never reached the estimator,6383676a3491dc82d70f2db20cdafb942e5c588a
20260751,P1,position_drift,2.0 m final,L2b,"AUC(faulted, matched-clean) folded to [0.5,1.0]",0.500000,L2a,True,0.067500,10.5283,INVALID,ground-truth regeneration (ADR-0033): fault never reached the estimator,6383676a3491dc82d70f2db20cdafb942e5c588a
20260751,P1,position_drift,2.0 m final,L3,"AUC(faulted, matched-clean) folded to [0.5,1.0]",0.500000,L2a,True,0.067500,10.5283,INVALID,ground-truth regeneration (ADR-0033): fault never reached the estimator,6383676a3491dc82d70f2db20cdafb942e5c588a
20260751,P1,position_drift,2.0 m final,L6,"AUC(faulted, matched-clean) folded to [0.5,1.0]",0.500000,L2a,True,0.067500,10.5283,INVALID,ground-truth regeneration (ADR-0033): fault never reached the estimator,6383676a3491dc82d70f2db20cdafb942e5c588a
20260751,P1,position_drift,2.0 m final,L7,"AUC(faulted, matched-clean) folded to [0.5,1.0]",0.500000,L2a,True,0.067500,10.5283,INVALID,ground-truth regeneration (ADR-0033): fault never reached the estimator,6383676a3491dc82d70f2db20cdafb942e5c588a
20260751,P1,position_drift,2.0 m final,L8,"AUC(faulted, matched-clean) folded to [0.5,1.0]",0.500000,L2a,True,0.067500,10.5283,INVALID,ground-truth regeneration (ADR-0033): fault never reached the estimator,6383676a3491dc82d70f2db20cdafb942e5c588a
20260751,P1,speed_stuck,hold,L1,"AUC(faulted, matched-clean) folded to [0.5,1.0]",0.897500,L2a,True,0.067500,10.5677,VALID,,6383676a3491dc82d70f2db20cdafb942e5c588a
20260751,P1,speed_stuck,hold,L2a,"AUC(faulted, matched-clean) folded to [0.5,1.0]",0.561837,L2a,True,0.067500,10.5677,VALID,,6383676a3491dc82d70f2db20cdafb942e5c588a
20260751,P1,speed_stuck,hold,L2b,"AUC(faulted, matched-clean) folded to [0.5,1.0]",0.525012,L2a,True,0.067500,10.5677,VALID,,6383676a3491dc82d70f2db20cdafb942e5c588a
20260751,P1,speed_stuck,hold,L3,"AUC(faulted, matched-clean) folded to [0.5,1.0]",0.559787,L2a,True,0.067500,10.5677,VALID,,6383676a3491dc82d70f2db20cdafb942e5c588a
20260751,P1,speed_stuck,hold,L6,"AUC(faulted, matched-clean) folded to [0.5,1.0]",0.540212,L2a,True,0.067500,10.5677,VALID,,6383676a3491dc82d70f2db20cdafb942e5c588a
20260751,P1,speed_stuck,hold,L7,"AUC(faulted, matched-clean) folded to [0.5,1.0]",0.500000,L2a,True,0.067500,10.5677,VALID,,6383676a3491dc82d70f2db20cdafb942e5c588a
20260751,P1,speed_stuck,hold,L8,"AUC(faulted, matched-clean) folded to [0.5,1.0]",0.500000,L2a,True,0.067500,10.5677,VALID,,6383676a3491dc82d70f2db20cdafb942e5c588a
20260751,P1,speed_bias,3.0 m/s,L1,"AUC(faulted, matched-clean) folded to [0.5,1.0]",1.000000,L2a,False,0.067500,10.1810,VALID,,6383676a3491dc82d70f2db20cdafb942e5c588a
20260751,P1,speed_bias,3.0 m/s,L2a,"AUC(faulted, matched-clean) folded to [0.5,1.0]",0.508150,L2a,False,0.067500,10.1810,VALID,,6383676a3491dc82d70f2db20cdafb942e5c588a
20260751,P1,speed_bias,3.0 m/s,L2b,"AUC(faulted, matched-clean) folded to [0.5,1.0]",0.715625,L2a,False,0.067500,10.1810,VALID,,6383676a3491dc82d70f2db20cdafb942e5c588a
20260751,P1,speed_bias,3.0 m/s,L3,"AUC(faulted, matched-clean) folded to [0.5,1.0]",0.504075,L2a,False,0.067500,10.1810,VALID,,6383676a3491dc82d70f2db20cdafb942e5c588a
20260751,P1,speed_bias,3.0 m/s,L6,"AUC(faulted, matched-clean) folded to [0.5,1.0]",0.706850,L2a,False,0.067500,10.1810,VALID,,6383676a3491dc82d70f2db20cdafb942e5c588a
20260751,P1,speed_bias,3.0 m/s,L7,"AUC(faulted, matched-clean) folded to [0.5,1.0]",0.500000,L2a,False,0.067500,10.1810,VALID,,6383676a3491dc82d70f2db20cdafb942e5c588a
20260751,P1,speed_bias,3.0 m/s,L8,"AUC(faulted, matched-clean) folded to [0.5,1.0]",0.500000,L2a,False,0.067500,10.1810,VALID,,6383676a3491dc82d70f2db20cdafb942e5c588a
20260751,P1,lateral_noise,sigma x25,L1,"AUC(faulted, matched-clean) folded to [0.5,1.0]",1.000000,L8,True,0.257500,8.8799,VALID,,6383676a3491dc82d70f2db20cdafb942e5c588a
20260751,P1,lateral_noise,sigma x25,L2a,"AUC(faulted, matched-clean) folded to [0.5,1.0]",0.979125,L8,True,0.257500,8.8799,VALID,,6383676a3491dc82d70f2db20cdafb942e5c588a
20260751,P1,lateral_noise,sigma x25,L2b,"AUC(faulted, matched-clean) folded to [0.5,1.0]",0.948800,L8,True,0.257500,8.8799,VALID,,6383676a3491dc82d70f2db20cdafb942e5c588a
20260751,P1,lateral_noise,sigma x25,L3,"AUC(faulted, matched-clean) folded to [0.5,1.0]",0.979175,L8,True,0.257500,8.8799,VALID,,6383676a3491dc82d70f2db20cdafb942e5c588a
20260751,P1,lateral_noise,sigma x25,L6,"AUC(faulted, matched-clean) folded to [0.5,1.0]",0.673850,L8,True,0.257500,8.8799,VALID,,6383676a3491dc82d70f2db20cdafb942e5c588a
20260751,P1,lateral_noise,sigma x25,L7,"AUC(faulted, matched-clean) folded to [0.5,1.0]",0.690000,L8,True,0.257500,8.8799,VALID,,6383676a3491dc82d70f2db20cdafb942e5c588a
20260751,P1,lateral_noise,sigma x25,L8,"AUC(faulted, matched-clean) folded to [0.5,1.0]",0.570000,L8,True,0.257500,8.8799,VALID,,6383676a3491dc82d70f2db20cdafb942e5c588a
20260752,P1,imu_dropout,suppress IMU,L1,"AUC(faulted, matched-clean) folded to [0.5,1.0]",0.997500,L7,False,0.082500,8.1717,VALID,,6383676a3491dc82d70f2db20cdafb942e5c588a
20260752,P1,imu_dropout,suppress IMU,L2a,"AUC(faulted, matched-clean) folded to [0.5,1.0]",0.909850,L7,False,0.082500,8.1717,VALID,,6383676a3491dc82d70f2db20cdafb942e5c588a
20260752,P1,imu_dropout,suppress IMU,L2b,"AUC(faulted, matched-clean) folded to [0.5,1.0]",0.978025,L7,False,0.082500,8.1717,VALID,,6383676a3491dc82d70f2db20cdafb942e5c588a
20260752,P1,imu_dropout,suppress IMU,L3,"AUC(faulted, matched-clean) folded to [0.5,1.0]",0.909663,L7,False,0.082500,8.1717,VALID,,6383676a3491dc82d70f2db20cdafb942e5c588a
20260752,P1,imu_dropout,suppress IMU,L6,"AUC(faulted, matched-clean) folded to [0.5,1.0]",0.729075,L7,False,0.082500,8.1717,VALID,,6383676a3491dc82d70f2db20cdafb942e5c588a
20260752,P1,imu_dropout,suppress IMU,L7,"AUC(faulted, matched-clean) folded to [0.5,1.0]",0.555000,L7,False,0.082500,8.1717,VALID,,6383676a3491dc82d70f2db20cdafb942e5c588a
20260752,P1,imu_dropout,suppress IMU,L8,"AUC(faulted, matched-clean) folded to [0.5,1.0]",0.987500,L7,False,0.082500,8.1717,VALID,,6383676a3491dc82d70f2db20cdafb942e5c588a
20260752,P1,position_bias,1.0 m,L1,"AUC(faulted, matched-clean) folded to [0.5,1.0]",1.000000,L2a,True,0.027500,13.5957,INVALID,ground-truth regeneration (ADR-0033): fault never reached the estimator,6383676a3491dc82d70f2db20cdafb942e5c588a
20260752,P1,position_bias,1.0 m,L2a,"AUC(faulted, matched-clean) folded to [0.5,1.0]",0.500000,L2a,True,0.027500,13.5957,INVALID,ground-truth regeneration (ADR-0033): fault never reached the estimator,6383676a3491dc82d70f2db20cdafb942e5c588a
20260752,P1,position_bias,1.0 m,L2b,"AUC(faulted, matched-clean) folded to [0.5,1.0]",0.500000,L2a,True,0.027500,13.5957,INVALID,ground-truth regeneration (ADR-0033): fault never reached the estimator,6383676a3491dc82d70f2db20cdafb942e5c588a
20260752,P1,position_bias,1.0 m,L3,"AUC(faulted, matched-clean) folded to [0.5,1.0]",0.500000,L2a,True,0.027500,13.5957,INVALID,ground-truth regeneration (ADR-0033): fault never reached the estimator,6383676a3491dc82d70f2db20cdafb942e5c588a
20260752,P1,position_bias,1.0 m,L6,"AUC(faulted, matched-clean) folded to [0.5,1.0]",0.500000,L2a,True,0.027500,13.5957,INVALID,ground-truth regeneration (ADR-0033): fault never reached the estimator,6383676a3491dc82d70f2db20cdafb942e5c588a
20260752,P1,position_bias,1.0 m,L7,"AUC(faulted, matched-clean) folded to [0.5,1.0]",0.500000,L2a,True,0.027500,13.5957,INVALID,ground-truth regeneration (ADR-0033): fault never reached the estimator,6383676a3491dc82d70f2db20cdafb942e5c588a
20260752,P1,position_bias,1.0 m,L8,"AUC(faulted, matched-clean) folded to [0.5,1.0]",0.500000,L2a,True,0.027500,13.5957,INVALID,ground-truth regeneration (ADR-0033): fault never reached the estimator,6383676a3491dc82d70f2db20cdafb942e5c588a
20260752,P1,position_drift,2.0 m final,L1,"AUC(faulted, matched-clean) folded to [0.5,1.0]",0.975163,L2a,True,0.027500,13.5957,INVALID,ground-truth regeneration (ADR-0033): fault never reached the estimator,6383676a3491dc82d70f2db20cdafb942e5c588a
20260752,P1,position_drift,2.0 m final,L2a,"AUC(faulted, matched-clean) folded to [0.5,1.0]",0.500000,L2a,True,0.027500,13.5957,INVALID,ground-truth regeneration (ADR-0033): fault never reached the estimator,6383676a3491dc82d70f2db20cdafb942e5c588a
20260752,P1,position_drift,2.0 m final,L2b,"AUC(faulted, matched-clean) folded to [0.5,1.0]",0.500000,L2a,True,0.027500,13.5957,INVALID,ground-truth regeneration (ADR-0033): fault never reached the estimator,6383676a3491dc82d70f2db20cdafb942e5c588a
20260752,P1,position_drift,2.0 m final,L3,"AUC(faulted, matched-clean) folded to [0.5,1.0]",0.500000,L2a,True,0.027500,13.5957,INVALID,ground-truth regeneration (ADR-0033): fault never reached the estimator,6383676a3491dc82d70f2db20cdafb942e5c588a
20260752,P1,position_drift,2.0 m final,L6,"AUC(faulted, matched-clean) folded to [0.5,1.0]",0.500000,L2a,True,0.027500,13.5957,INVALID,ground-truth regeneration (ADR-0033): fault never reached the estimator,6383676a3491dc82d70f2db20cdafb942e5c588a
20260752,P1,position_drift,2.0 m final,L7,"AUC(faulted, matched-clean) folded to [0.5,1.0]",0.500000,L2a,True,0.027500,13.5957,INVALID,ground-truth regeneration (ADR-0033): fault never reached the estimator,6383676a3491dc82d70f2db20cdafb942e5c588a
20260752,P1,position_drift,2.0 m final,L8,"AUC(faulted, matched-clean) folded to [0.5,1.0]",0.500000,L2a,True,0.027500,13.5957,INVALID,ground-truth regeneration (ADR-0033): fault never reached the estimator,6383676a3491dc82d70f2db20cdafb942e5c588a
20260752,P1,speed_stuck,hold,L1,"AUC(faulted, matched-clean) folded to [0.5,1.0]",0.997500,L2a,True,0.027500,13.5817,VALID,,6383676a3491dc82d70f2db20cdafb942e5c588a
20260752,P1,speed_stuck,hold,L2a,"AUC(faulted, matched-clean) folded to [0.5,1.0]",0.572113,L2a,True,0.027500,13.5817,VALID,,6383676a3491dc82d70f2db20cdafb942e5c588a
20260752,P1,speed_stuck,hold,L2b,"AUC(faulted, matched-clean) folded to [0.5,1.0]",0.569813,L2a,True,0.027500,13.5817,VALID,,6383676a3491dc82d70f2db20cdafb942e5c588a
20260752,P1,speed_stuck,hold,L3,"AUC(faulted, matched-clean) folded to [0.5,1.0]",0.570762,L2a,True,0.027500,13.5817,VALID,,6383676a3491dc82d70f2db20cdafb942e5c588a
20260752,P1,speed_stuck,hold,L6,"AUC(faulted, matched-clean) folded to [0.5,1.0]",0.511338,L2a,True,0.027500,13.5817,VALID,,6383676a3491dc82d70f2db20cdafb942e5c588a
20260752,P1,speed_stuck,hold,L7,"AUC(faulted, matched-clean) folded to [0.5,1.0]",0.500000,L2a,True,0.027500,13.5817,VALID,,6383676a3491dc82d70f2db20cdafb942e5c588a
20260752,P1,speed_stuck,hold,L8,"AUC(faulted, matched-clean) folded to [0.5,1.0]",0.500000,L2a,True,0.027500,13.5817,VALID,,6383676a3491dc82d70f2db20cdafb942e5c588a
20260752,P1,speed_bias,3.0 m/s,L1,"AUC(faulted, matched-clean) folded to [0.5,1.0]",1.000000,L2a,False,0.027500,13.2200,VALID,,6383676a3491dc82d70f2db20cdafb942e5c588a
20260752,P1,speed_bias,3.0 m/s,L2a,"AUC(faulted, matched-clean) folded to [0.5,1.0]",0.538150,L2a,False,0.027500,13.2200,VALID,,6383676a3491dc82d70f2db20cdafb942e5c588a
20260752,P1,speed_bias,3.0 m/s,L2b,"AUC(faulted, matched-clean) folded to [0.5,1.0]",0.646975,L2a,False,0.027500,13.2200,VALID,,6383676a3491dc82d70f2db20cdafb942e5c588a
20260752,P1,speed_bias,3.0 m/s,L3,"AUC(faulted, matched-clean) folded to [0.5,1.0]",0.533338,L2a,False,0.027500,13.2200,VALID,,6383676a3491dc82d70f2db20cdafb942e5c588a
20260752,P1,speed_bias,3.0 m/s,L6,"AUC(faulted, matched-clean) folded to [0.5,1.0]",0.557125,L2a,False,0.027500,13.2200,VALID,,6383676a3491dc82d70f2db20cdafb942e5c588a
20260752,P1,speed_bias,3.0 m/s,L7,"AUC(faulted, matched-clean) folded to [0.5,1.0]",0.500000,L2a,False,0.027500,13.2200,VALID,,6383676a3491dc82d70f2db20cdafb942e5c588a
20260752,P1,speed_bias,3.0 m/s,L8,"AUC(faulted, matched-clean) folded to [0.5,1.0]",0.500000,L2a,False,0.027500,13.2200,VALID,,6383676a3491dc82d70f2db20cdafb942e5c588a
20260752,P1,lateral_noise,sigma x25,L1,"AUC(faulted, matched-clean) folded to [0.5,1.0]",0.999175,L6,False,0.480000,9.9663,VALID,,6383676a3491dc82d70f2db20cdafb942e5c588a
20260752,P1,lateral_noise,sigma x25,L2a,"AUC(faulted, matched-clean) folded to [0.5,1.0]",0.984350,L6,False,0.480000,9.9663,VALID,,6383676a3491dc82d70f2db20cdafb942e5c588a
20260752,P1,lateral_noise,sigma x25,L2b,"AUC(faulted, matched-clean) folded to [0.5,1.0]",0.975025,L6,False,0.480000,9.9663,VALID,,6383676a3491dc82d70f2db20cdafb942e5c588a
20260752,P1,lateral_noise,sigma x25,L3,"AUC(faulted, matched-clean) folded to [0.5,1.0]",0.984287,L6,False,0.480000,9.9663,VALID,,6383676a3491dc82d70f2db20cdafb942e5c588a
20260752,P1,lateral_noise,sigma x25,L6,"AUC(faulted, matched-clean) folded to [0.5,1.0]",0.570350,L6,False,0.480000,9.9663,VALID,,6383676a3491dc82d70f2db20cdafb942e5c588a
20260752,P1,lateral_noise,sigma x25,L7,"AUC(faulted, matched-clean) folded to [0.5,1.0]",0.952500,L6,False,0.480000,9.9663,VALID,,6383676a3491dc82d70f2db20cdafb942e5c588a
20260752,P1,lateral_noise,sigma x25,L8,"AUC(faulted, matched-clean) folded to [0.5,1.0]",0.912500,L6,False,0.480000,9.9663,VALID,,6383676a3491dc82d70f2db20cdafb942e5c588a
20260753,P1,imu_dropout,suppress IMU,L1,"AUC(faulted, matched-clean) folded to [0.5,1.0]",0.997500,,False,0.495000,6.9404,VALID,,6383676a3491dc82d70f2db20cdafb942e5c588a
20260753,P1,imu_dropout,suppress IMU,L2a,"AUC(faulted, matched-clean) folded to [0.5,1.0]",0.999750,,False,0.495000,6.9404,VALID,,6383676a3491dc82d70f2db20cdafb942e5c588a
20260753,P1,imu_dropout,suppress IMU,L2b,"AUC(faulted, matched-clean) folded to [0.5,1.0]",0.944150,,False,0.495000,6.9404,VALID,,6383676a3491dc82d70f2db20cdafb942e5c588a
20260753,P1,imu_dropout,suppress IMU,L3,"AUC(faulted, matched-clean) folded to [0.5,1.0]",0.999750,,False,0.495000,6.9404,VALID,,6383676a3491dc82d70f2db20cdafb942e5c588a
20260753,P1,imu_dropout,suppress IMU,L6,"AUC(faulted, matched-clean) folded to [0.5,1.0]",0.741000,,False,0.495000,6.9404,VALID,,6383676a3491dc82d70f2db20cdafb942e5c588a
20260753,P1,imu_dropout,suppress IMU,L7,"AUC(faulted, matched-clean) folded to [0.5,1.0]",0.967500,,False,0.495000,6.9404,VALID,,6383676a3491dc82d70f2db20cdafb942e5c588a
20260753,P1,imu_dropout,suppress IMU,L8,"AUC(faulted, matched-clean) folded to [0.5,1.0]",0.987500,,False,0.495000,6.9404,VALID,,6383676a3491dc82d70f2db20cdafb942e5c588a
20260753,P1,position_bias,1.0 m,L1,"AUC(faulted, matched-clean) folded to [0.5,1.0]",1.000000,L2a,True,0.027500,11.9793,INVALID,ground-truth regeneration (ADR-0033): fault never reached the estimator,6383676a3491dc82d70f2db20cdafb942e5c588a
20260753,P1,position_bias,1.0 m,L2a,"AUC(faulted, matched-clean) folded to [0.5,1.0]",0.500000,L2a,True,0.027500,11.9793,INVALID,ground-truth regeneration (ADR-0033): fault never reached the estimator,6383676a3491dc82d70f2db20cdafb942e5c588a
20260753,P1,position_bias,1.0 m,L2b,"AUC(faulted, matched-clean) folded to [0.5,1.0]",0.500000,L2a,True,0.027500,11.9793,INVALID,ground-truth regeneration (ADR-0033): fault never reached the estimator,6383676a3491dc82d70f2db20cdafb942e5c588a
20260753,P1,position_bias,1.0 m,L3,"AUC(faulted, matched-clean) folded to [0.5,1.0]",0.500000,L2a,True,0.027500,11.9793,INVALID,ground-truth regeneration (ADR-0033): fault never reached the estimator,6383676a3491dc82d70f2db20cdafb942e5c588a
20260753,P1,position_bias,1.0 m,L6,"AUC(faulted, matched-clean) folded to [0.5,1.0]",0.500000,L2a,True,0.027500,11.9793,INVALID,ground-truth regeneration (ADR-0033): fault never reached the estimator,6383676a3491dc82d70f2db20cdafb942e5c588a
20260753,P1,position_bias,1.0 m,L7,"AUC(faulted, matched-clean) folded to [0.5,1.0]",0.500000,L2a,True,0.027500,11.9793,INVALID,ground-truth regeneration (ADR-0033): fault never reached the estimator,6383676a3491dc82d70f2db20cdafb942e5c588a
20260753,P1,position_bias,1.0 m,L8,"AUC(faulted, matched-clean) folded to [0.5,1.0]",0.500000,L2a,True,0.027500,11.9793,INVALID,ground-truth regeneration (ADR-0033): fault never reached the estimator,6383676a3491dc82d70f2db20cdafb942e5c588a
20260753,P1,position_drift,2.0 m final,L1,"AUC(faulted, matched-clean) folded to [0.5,1.0]",0.963712,L2a,True,0.027500,11.9793,INVALID,ground-truth regeneration (ADR-0033): fault never reached the estimator,6383676a3491dc82d70f2db20cdafb942e5c588a
20260753,P1,position_drift,2.0 m final,L2a,"AUC(faulted, matched-clean) folded to [0.5,1.0]",0.500000,L2a,True,0.027500,11.9793,INVALID,ground-truth regeneration (ADR-0033): fault never reached the estimator,6383676a3491dc82d70f2db20cdafb942e5c588a
20260753,P1,position_drift,2.0 m final,L2b,"AUC(faulted, matched-clean) folded to [0.5,1.0]",0.500000,L2a,True,0.027500,11.9793,INVALID,ground-truth regeneration (ADR-0033): fault never reached the estimator,6383676a3491dc82d70f2db20cdafb942e5c588a
20260753,P1,position_drift,2.0 m final,L3,"AUC(faulted, matched-clean) folded to [0.5,1.0]",0.500000,L2a,True,0.027500,11.9793,INVALID,ground-truth regeneration (ADR-0033): fault never reached the estimator,6383676a3491dc82d70f2db20cdafb942e5c588a
20260753,P1,position_drift,2.0 m final,L6,"AUC(faulted, matched-clean) folded to [0.5,1.0]",0.500000,L2a,True,0.027500,11.9793,INVALID,ground-truth regeneration (ADR-0033): fault never reached the estimator,6383676a3491dc82d70f2db20cdafb942e5c588a
20260753,P1,position_drift,2.0 m final,L7,"AUC(faulted, matched-clean) folded to [0.5,1.0]",0.500000,L2a,True,0.027500,11.9793,INVALID,ground-truth regeneration (ADR-0033): fault never reached the estimator,6383676a3491dc82d70f2db20cdafb942e5c588a
20260753,P1,position_drift,2.0 m final,L8,"AUC(faulted, matched-clean) folded to [0.5,1.0]",0.500000,L2a,True,0.027500,11.9793,INVALID,ground-truth regeneration (ADR-0033): fault never reached the estimator,6383676a3491dc82d70f2db20cdafb942e5c588a
20260753,P1,speed_stuck,hold,L1,"AUC(faulted, matched-clean) folded to [0.5,1.0]",0.997500,L2a,True,0.027500,11.9886,VALID,,6383676a3491dc82d70f2db20cdafb942e5c588a
20260753,P1,speed_stuck,hold,L2a,"AUC(faulted, matched-clean) folded to [0.5,1.0]",0.563588,L2a,True,0.027500,11.9886,VALID,,6383676a3491dc82d70f2db20cdafb942e5c588a
20260753,P1,speed_stuck,hold,L2b,"AUC(faulted, matched-clean) folded to [0.5,1.0]",0.551087,L2a,True,0.027500,11.9886,VALID,,6383676a3491dc82d70f2db20cdafb942e5c588a
20260753,P1,speed_stuck,hold,L3,"AUC(faulted, matched-clean) folded to [0.5,1.0]",0.561688,L2a,True,0.027500,11.9886,VALID,,6383676a3491dc82d70f2db20cdafb942e5c588a
20260753,P1,speed_stuck,hold,L6,"AUC(faulted, matched-clean) folded to [0.5,1.0]",0.501487,L2a,True,0.027500,11.9886,VALID,,6383676a3491dc82d70f2db20cdafb942e5c588a
20260753,P1,speed_stuck,hold,L7,"AUC(faulted, matched-clean) folded to [0.5,1.0]",0.500000,L2a,True,0.027500,11.9886,VALID,,6383676a3491dc82d70f2db20cdafb942e5c588a
20260753,P1,speed_stuck,hold,L8,"AUC(faulted, matched-clean) folded to [0.5,1.0]",0.500000,L2a,True,0.027500,11.9886,VALID,,6383676a3491dc82d70f2db20cdafb942e5c588a
20260753,P1,speed_bias,3.0 m/s,L1,"AUC(faulted, matched-clean) folded to [0.5,1.0]",1.000000,L2a,False,0.027500,11.6172,VALID,,6383676a3491dc82d70f2db20cdafb942e5c588a
20260753,P1,speed_bias,3.0 m/s,L2a,"AUC(faulted, matched-clean) folded to [0.5,1.0]",0.523200,L2a,False,0.027500,11.6172,VALID,,6383676a3491dc82d70f2db20cdafb942e5c588a
20260753,P1,speed_bias,3.0 m/s,L2b,"AUC(faulted, matched-clean) folded to [0.5,1.0]",0.696325,L2a,False,0.027500,11.6172,VALID,,6383676a3491dc82d70f2db20cdafb942e5c588a
20260753,P1,speed_bias,3.0 m/s,L3,"AUC(faulted, matched-clean) folded to [0.5,1.0]",0.518850,L2a,False,0.027500,11.6172,VALID,,6383676a3491dc82d70f2db20cdafb942e5c588a
20260753,P1,speed_bias,3.0 m/s,L6,"AUC(faulted, matched-clean) folded to [0.5,1.0]",0.576175,L2a,False,0.027500,11.6172,VALID,,6383676a3491dc82d70f2db20cdafb942e5c588a
20260753,P1,speed_bias,3.0 m/s,L7,"AUC(faulted, matched-clean) folded to [0.5,1.0]",0.500000,L2a,False,0.027500,11.6172,VALID,,6383676a3491dc82d70f2db20cdafb942e5c588a
20260753,P1,speed_bias,3.0 m/s,L8,"AUC(faulted, matched-clean) folded to [0.5,1.0]",0.500000,L2a,False,0.027500,11.6172,VALID,,6383676a3491dc82d70f2db20cdafb942e5c588a
20260753,P1,lateral_noise,sigma x25,L1,"AUC(faulted, matched-clean) folded to [0.5,1.0]",0.999275,L6,False,0.492500,8.4471,VALID,,6383676a3491dc82d70f2db20cdafb942e5c588a
20260753,P1,lateral_noise,sigma x25,L2a,"AUC(faulted, matched-clean) folded to [0.5,1.0]",0.982725,L6,False,0.492500,8.4471,VALID,,6383676a3491dc82d70f2db20cdafb942e5c588a
20260753,P1,lateral_noise,sigma x25,L2b,"AUC(faulted, matched-clean) folded to [0.5,1.0]",0.986675,L6,False,0.492500,8.4471,VALID,,6383676a3491dc82d70f2db20cdafb942e5c588a
20260753,P1,lateral_noise,sigma x25,L3,"AUC(faulted, matched-clean) folded to [0.5,1.0]",0.982638,L6,False,0.492500,8.4471,VALID,,6383676a3491dc82d70f2db20cdafb942e5c588a
20260753,P1,lateral_noise,sigma x25,L6,"AUC(faulted, matched-clean) folded to [0.5,1.0]",0.536775,L6,False,0.492500,8.4471,VALID,,6383676a3491dc82d70f2db20cdafb942e5c588a
20260753,P1,lateral_noise,sigma x25,L7,"AUC(faulted, matched-clean) folded to [0.5,1.0]",0.965000,L6,False,0.492500,8.4471,VALID,,6383676a3491dc82d70f2db20cdafb942e5c588a
20260753,P1,lateral_noise,sigma x25,L8,"AUC(faulted, matched-clean) folded to [0.5,1.0]",0.940000,L6,False,0.492500,8.4471,VALID,,6383676a3491dc82d70f2db20cdafb942e5c588a
20260754,P1,imu_dropout,suppress IMU,L1,"AUC(faulted, matched-clean) folded to [0.5,1.0]",0.997500,L2a,False,0.027500,6.2745,VALID,,6383676a3491dc82d70f2db20cdafb942e5c588a
20260754,P1,imu_dropout,suppress IMU,L2a,"AUC(faulted, matched-clean) folded to [0.5,1.0]",0.592250,L2a,False,0.027500,6.2745,VALID,,6383676a3491dc82d70f2db20cdafb942e5c588a
20260754,P1,imu_dropout,suppress IMU,L2b,"AUC(faulted, matched-clean) folded to [0.5,1.0]",0.699725,L2a,False,0.027500,6.2745,VALID,,6383676a3491dc82d70f2db20cdafb942e5c588a
20260754,P1,imu_dropout,suppress IMU,L3,"AUC(faulted, matched-clean) folded to [0.5,1.0]",0.592250,L2a,False,0.027500,6.2745,VALID,,6383676a3491dc82d70f2db20cdafb942e5c588a
20260754,P1,imu_dropout,suppress IMU,L6,"AUC(faulted, matched-clean) folded to [0.5,1.0]",0.551150,L2a,False,0.027500,6.2745,VALID,,6383676a3491dc82d70f2db20cdafb942e5c588a
20260754,P1,imu_dropout,suppress IMU,L7,"AUC(faulted, matched-clean) folded to [0.5,1.0]",0.505000,L2a,False,0.027500,6.2745,VALID,,6383676a3491dc82d70f2db20cdafb942e5c588a
20260754,P1,imu_dropout,suppress IMU,L8,"AUC(faulted, matched-clean) folded to [0.5,1.0]",0.987500,L2a,False,0.027500,6.2745,VALID,,6383676a3491dc82d70f2db20cdafb942e5c588a
20260754,P1,position_bias,1.0 m,L1,"AUC(faulted, matched-clean) folded to [0.5,1.0]",1.000000,L2a,True,0.022500,10.9538,INVALID,ground-truth regeneration (ADR-0033): fault never reached the estimator,6383676a3491dc82d70f2db20cdafb942e5c588a
20260754,P1,position_bias,1.0 m,L2a,"AUC(faulted, matched-clean) folded to [0.5,1.0]",0.500000,L2a,True,0.022500,10.9538,INVALID,ground-truth regeneration (ADR-0033): fault never reached the estimator,6383676a3491dc82d70f2db20cdafb942e5c588a
20260754,P1,position_bias,1.0 m,L2b,"AUC(faulted, matched-clean) folded to [0.5,1.0]",0.500000,L2a,True,0.022500,10.9538,INVALID,ground-truth regeneration (ADR-0033): fault never reached the estimator,6383676a3491dc82d70f2db20cdafb942e5c588a
20260754,P1,position_bias,1.0 m,L3,"AUC(faulted, matched-clean) folded to [0.5,1.0]",0.500000,L2a,True,0.022500,10.9538,INVALID,ground-truth regeneration (ADR-0033): fault never reached the estimator,6383676a3491dc82d70f2db20cdafb942e5c588a
20260754,P1,position_bias,1.0 m,L6,"AUC(faulted, matched-clean) folded to [0.5,1.0]",0.500000,L2a,True,0.022500,10.9538,INVALID,ground-truth regeneration (ADR-0033): fault never reached the estimator,6383676a3491dc82d70f2db20cdafb942e5c588a
20260754,P1,position_bias,1.0 m,L7,"AUC(faulted, matched-clean) folded to [0.5,1.0]",0.500000,L2a,True,0.022500,10.9538,INVALID,ground-truth regeneration (ADR-0033): fault never reached the estimator,6383676a3491dc82d70f2db20cdafb942e5c588a
20260754,P1,position_bias,1.0 m,L8,"AUC(faulted, matched-clean) folded to [0.5,1.0]",0.500000,L2a,True,0.022500,10.9538,INVALID,ground-truth regeneration (ADR-0033): fault never reached the estimator,6383676a3491dc82d70f2db20cdafb942e5c588a
20260754,P1,position_drift,2.0 m final,L1,"AUC(faulted, matched-clean) folded to [0.5,1.0]",0.972063,L2a,True,0.022500,10.9538,INVALID,ground-truth regeneration (ADR-0033): fault never reached the estimator,6383676a3491dc82d70f2db20cdafb942e5c588a
20260754,P1,position_drift,2.0 m final,L2a,"AUC(faulted, matched-clean) folded to [0.5,1.0]",0.500000,L2a,True,0.022500,10.9538,INVALID,ground-truth regeneration (ADR-0033): fault never reached the estimator,6383676a3491dc82d70f2db20cdafb942e5c588a
20260754,P1,position_drift,2.0 m final,L2b,"AUC(faulted, matched-clean) folded to [0.5,1.0]",0.500000,L2a,True,0.022500,10.9538,INVALID,ground-truth regeneration (ADR-0033): fault never reached the estimator,6383676a3491dc82d70f2db20cdafb942e5c588a
20260754,P1,position_drift,2.0 m final,L3,"AUC(faulted, matched-clean) folded to [0.5,1.0]",0.500000,L2a,True,0.022500,10.9538,INVALID,ground-truth regeneration (ADR-0033): fault never reached the estimator,6383676a3491dc82d70f2db20cdafb942e5c588a
20260754,P1,position_drift,2.0 m final,L6,"AUC(faulted, matched-clean) folded to [0.5,1.0]",0.500000,L2a,True,0.022500,10.9538,INVALID,ground-truth regeneration (ADR-0033): fault never reached the estimator,6383676a3491dc82d70f2db20cdafb942e5c588a
20260754,P1,position_drift,2.0 m final,L7,"AUC(faulted, matched-clean) folded to [0.5,1.0]",0.500000,L2a,True,0.022500,10.9538,INVALID,ground-truth regeneration (ADR-0033): fault never reached the estimator,6383676a3491dc82d70f2db20cdafb942e5c588a
20260754,P1,position_drift,2.0 m final,L8,"AUC(faulted, matched-clean) folded to [0.5,1.0]",0.500000,L2a,True,0.022500,10.9538,INVALID,ground-truth regeneration (ADR-0033): fault never reached the estimator,6383676a3491dc82d70f2db20cdafb942e5c588a
20260754,P1,speed_stuck,hold,L1,"AUC(faulted, matched-clean) folded to [0.5,1.0]",0.972500,L2a,True,0.022500,10.9743,VALID,,6383676a3491dc82d70f2db20cdafb942e5c588a
20260754,P1,speed_stuck,hold,L2a,"AUC(faulted, matched-clean) folded to [0.5,1.0]",0.560963,L2a,True,0.022500,10.9743,VALID,,6383676a3491dc82d70f2db20cdafb942e5c588a
20260754,P1,speed_stuck,hold,L2b,"AUC(faulted, matched-clean) folded to [0.5,1.0]",0.534262,L2a,True,0.022500,10.9743,VALID,,6383676a3491dc82d70f2db20cdafb942e5c588a
20260754,P1,speed_stuck,hold,L3,"AUC(faulted, matched-clean) folded to [0.5,1.0]",0.559975,L2a,True,0.022500,10.9743,VALID,,6383676a3491dc82d70f2db20cdafb942e5c588a
20260754,P1,speed_stuck,hold,L6,"AUC(faulted, matched-clean) folded to [0.5,1.0]",0.507888,L2a,True,0.022500,10.9743,VALID,,6383676a3491dc82d70f2db20cdafb942e5c588a
20260754,P1,speed_stuck,hold,L7,"AUC(faulted, matched-clean) folded to [0.5,1.0]",0.500000,L2a,True,0.022500,10.9743,VALID,,6383676a3491dc82d70f2db20cdafb942e5c588a
20260754,P1,speed_stuck,hold,L8,"AUC(faulted, matched-clean) folded to [0.5,1.0]",0.500000,L2a,True,0.022500,10.9743,VALID,,6383676a3491dc82d70f2db20cdafb942e5c588a
20260754,P1,speed_bias,3.0 m/s,L1,"AUC(faulted, matched-clean) folded to [0.5,1.0]",1.000000,L2a,False,0.022500,10.6103,VALID,,6383676a3491dc82d70f2db20cdafb942e5c588a
20260754,P1,speed_bias,3.0 m/s,L2a,"AUC(faulted, matched-clean) folded to [0.5,1.0]",0.508900,L2a,False,0.022500,10.6103,VALID,,6383676a3491dc82d70f2db20cdafb942e5c588a
20260754,P1,speed_bias,3.0 m/s,L2b,"AUC(faulted, matched-clean) folded to [0.5,1.0]",0.701600,L2a,False,0.022500,10.6103,VALID,,6383676a3491dc82d70f2db20cdafb942e5c588a
20260754,P1,speed_bias,3.0 m/s,L3,"AUC(faulted, matched-clean) folded to [0.5,1.0]",0.503700,L2a,False,0.022500,10.6103,VALID,,6383676a3491dc82d70f2db20cdafb942e5c588a
20260754,P1,speed_bias,3.0 m/s,L6,"AUC(faulted, matched-clean) folded to [0.5,1.0]",0.659500,L2a,False,0.022500,10.6103,VALID,,6383676a3491dc82d70f2db20cdafb942e5c588a
20260754,P1,speed_bias,3.0 m/s,L7,"AUC(faulted, matched-clean) folded to [0.5,1.0]",0.500000,L2a,False,0.022500,10.6103,VALID,,6383676a3491dc82d70f2db20cdafb942e5c588a
20260754,P1,speed_bias,3.0 m/s,L8,"AUC(faulted, matched-clean) folded to [0.5,1.0]",0.500000,L2a,False,0.022500,10.6103,VALID,,6383676a3491dc82d70f2db20cdafb942e5c588a
20260754,P1,lateral_noise,sigma x25,L1,"AUC(faulted, matched-clean) folded to [0.5,1.0]",0.999875,,False,0.452500,8.2319,VALID,,6383676a3491dc82d70f2db20cdafb942e5c588a
20260754,P1,lateral_noise,sigma x25,L2a,"AUC(faulted, matched-clean) folded to [0.5,1.0]",0.974650,,False,0.452500,8.2319,VALID,,6383676a3491dc82d70f2db20cdafb942e5c588a
20260754,P1,lateral_noise,sigma x25,L2b,"AUC(faulted, matched-clean) folded to [0.5,1.0]",0.988825,,False,0.452500,8.2319,VALID,,6383676a3491dc82d70f2db20cdafb942e5c588a
20260754,P1,lateral_noise,sigma x25,L3,"AUC(faulted, matched-clean) folded to [0.5,1.0]",0.974688,,False,0.452500,8.2319,VALID,,6383676a3491dc82d70f2db20cdafb942e5c588a
20260754,P1,lateral_noise,sigma x25,L6,"AUC(faulted, matched-clean) folded to [0.5,1.0]",0.646075,,False,0.452500,8.2319,VALID,,6383676a3491dc82d70f2db20cdafb942e5c588a
20260754,P1,lateral_noise,sigma x25,L7,"AUC(faulted, matched-clean) folded to [0.5,1.0]",0.930000,,False,0.452500,8.2319,VALID,,6383676a3491dc82d70f2db20cdafb942e5c588a
20260754,P1,lateral_noise,sigma x25,L8,"AUC(faulted, matched-clean) folded to [0.5,1.0]",0.872500,,False,0.452500,8.2319,VALID,,6383676a3491dc82d70f2db20cdafb942e5c588a
20260755,P1,imu_dropout,suppress IMU,L1,"AUC(faulted, matched-clean) folded to [0.5,1.0]",0.997500,L7,False,0.062500,6.1689,VALID,,6383676a3491dc82d70f2db20cdafb942e5c588a
20260755,P1,imu_dropout,suppress IMU,L2a,"AUC(faulted, matched-clean) folded to [0.5,1.0]",0.902225,L7,False,0.062500,6.1689,VALID,,6383676a3491dc82d70f2db20cdafb942e5c588a
20260755,P1,imu_dropout,suppress IMU,L2b,"AUC(faulted, matched-clean) folded to [0.5,1.0]",0.733400,L7,False,0.062500,6.1689,VALID,,6383676a3491dc82d70f2db20cdafb942e5c588a
20260755,P1,imu_dropout,suppress IMU,L3,"AUC(faulted, matched-clean) folded to [0.5,1.0]",0.902425,L7,False,0.062500,6.1689,VALID,,6383676a3491dc82d70f2db20cdafb942e5c588a
20260755,P1,imu_dropout,suppress IMU,L6,"AUC(faulted, matched-clean) folded to [0.5,1.0]",0.869725,L7,False,0.062500,6.1689,VALID,,6383676a3491dc82d70f2db20cdafb942e5c588a
20260755,P1,imu_dropout,suppress IMU,L7,"AUC(faulted, matched-clean) folded to [0.5,1.0]",0.557500,L7,False,0.062500,6.1689,VALID,,6383676a3491dc82d70f2db20cdafb942e5c588a
20260755,P1,imu_dropout,suppress IMU,L8,"AUC(faulted, matched-clean) folded to [0.5,1.0]",0.987500,L7,False,0.062500,6.1689,VALID,,6383676a3491dc82d70f2db20cdafb942e5c588a
20260755,P1,position_bias,1.0 m,L1,"AUC(faulted, matched-clean) folded to [0.5,1.0]",1.000000,L2a,True,0.005000,10.9546,INVALID,ground-truth regeneration (ADR-0033): fault never reached the estimator,6383676a3491dc82d70f2db20cdafb942e5c588a
20260755,P1,position_bias,1.0 m,L2a,"AUC(faulted, matched-clean) folded to [0.5,1.0]",0.500000,L2a,True,0.005000,10.9546,INVALID,ground-truth regeneration (ADR-0033): fault never reached the estimator,6383676a3491dc82d70f2db20cdafb942e5c588a
20260755,P1,position_bias,1.0 m,L2b,"AUC(faulted, matched-clean) folded to [0.5,1.0]",0.500000,L2a,True,0.005000,10.9546,INVALID,ground-truth regeneration (ADR-0033): fault never reached the estimator,6383676a3491dc82d70f2db20cdafb942e5c588a
20260755,P1,position_bias,1.0 m,L3,"AUC(faulted, matched-clean) folded to [0.5,1.0]",0.500000,L2a,True,0.005000,10.9546,INVALID,ground-truth regeneration (ADR-0033): fault never reached the estimator,6383676a3491dc82d70f2db20cdafb942e5c588a
20260755,P1,position_bias,1.0 m,L6,"AUC(faulted, matched-clean) folded to [0.5,1.0]",0.500000,L2a,True,0.005000,10.9546,INVALID,ground-truth regeneration (ADR-0033): fault never reached the estimator,6383676a3491dc82d70f2db20cdafb942e5c588a
20260755,P1,position_bias,1.0 m,L7,"AUC(faulted, matched-clean) folded to [0.5,1.0]",0.500000,L2a,True,0.005000,10.9546,INVALID,ground-truth regeneration (ADR-0033): fault never reached the estimator,6383676a3491dc82d70f2db20cdafb942e5c588a
20260755,P1,position_bias,1.0 m,L8,"AUC(faulted, matched-clean) folded to [0.5,1.0]",0.500000,L2a,True,0.005000,10.9546,INVALID,ground-truth regeneration (ADR-0033): fault never reached the estimator,6383676a3491dc82d70f2db20cdafb942e5c588a
20260755,P1,position_drift,2.0 m final,L1,"AUC(faulted, matched-clean) folded to [0.5,1.0]",0.984938,L2a,True,0.005000,10.9546,INVALID,ground-truth regeneration (ADR-0033): fault never reached the estimator,6383676a3491dc82d70f2db20cdafb942e5c588a
20260755,P1,position_drift,2.0 m final,L2a,"AUC(faulted, matched-clean) folded to [0.5,1.0]",0.500000,L2a,True,0.005000,10.9546,INVALID,ground-truth regeneration (ADR-0033): fault never reached the estimator,6383676a3491dc82d70f2db20cdafb942e5c588a
20260755,P1,position_drift,2.0 m final,L2b,"AUC(faulted, matched-clean) folded to [0.5,1.0]",0.500000,L2a,True,0.005000,10.9546,INVALID,ground-truth regeneration (ADR-0033): fault never reached the estimator,6383676a3491dc82d70f2db20cdafb942e5c588a
20260755,P1,position_drift,2.0 m final,L3,"AUC(faulted, matched-clean) folded to [0.5,1.0]",0.500000,L2a,True,0.005000,10.9546,INVALID,ground-truth regeneration (ADR-0033): fault never reached the estimator,6383676a3491dc82d70f2db20cdafb942e5c588a
20260755,P1,position_drift,2.0 m final,L6,"AUC(faulted, matched-clean) folded to [0.5,1.0]",0.500000,L2a,True,0.005000,10.9546,INVALID,ground-truth regeneration (ADR-0033): fault never reached the estimator,6383676a3491dc82d70f2db20cdafb942e5c588a
20260755,P1,position_drift,2.0 m final,L7,"AUC(faulted, matched-clean) folded to [0.5,1.0]",0.500000,L2a,True,0.005000,10.9546,INVALID,ground-truth regeneration (ADR-0033): fault never reached the estimator,6383676a3491dc82d70f2db20cdafb942e5c588a
20260755,P1,position_drift,2.0 m final,L8,"AUC(faulted, matched-clean) folded to [0.5,1.0]",0.500000,L2a,True,0.005000,10.9546,INVALID,ground-truth regeneration (ADR-0033): fault never reached the estimator,6383676a3491dc82d70f2db20cdafb942e5c588a
20260755,P1,speed_stuck,hold,L1,"AUC(faulted, matched-clean) folded to [0.5,1.0]",0.987500,L2a,True,0.005000,10.9847,VALID,,6383676a3491dc82d70f2db20cdafb942e5c588a
20260755,P1,speed_stuck,hold,L2a,"AUC(faulted, matched-clean) folded to [0.5,1.0]",0.562037,L2a,True,0.005000,10.9847,VALID,,6383676a3491dc82d70f2db20cdafb942e5c588a
20260755,P1,speed_stuck,hold,L2b,"AUC(faulted, matched-clean) folded to [0.5,1.0]",0.504938,L2a,True,0.005000,10.9847,VALID,,6383676a3491dc82d70f2db20cdafb942e5c588a
20260755,P1,speed_stuck,hold,L3,"AUC(faulted, matched-clean) folded to [0.5,1.0]",0.558375,L2a,True,0.005000,10.9847,VALID,,6383676a3491dc82d70f2db20cdafb942e5c588a
20260755,P1,speed_stuck,hold,L6,"AUC(faulted, matched-clean) folded to [0.5,1.0]",0.535188,L2a,True,0.005000,10.9847,VALID,,6383676a3491dc82d70f2db20cdafb942e5c588a
20260755,P1,speed_stuck,hold,L7,"AUC(faulted, matched-clean) folded to [0.5,1.0]",0.500000,L2a,True,0.005000,10.9847,VALID,,6383676a3491dc82d70f2db20cdafb942e5c588a
20260755,P1,speed_stuck,hold,L8,"AUC(faulted, matched-clean) folded to [0.5,1.0]",0.500000,L2a,True,0.005000,10.9847,VALID,,6383676a3491dc82d70f2db20cdafb942e5c588a
20260755,P1,speed_bias,3.0 m/s,L1,"AUC(faulted, matched-clean) folded to [0.5,1.0]",1.000000,L2a,False,0.005000,10.6014,VALID,,6383676a3491dc82d70f2db20cdafb942e5c588a
20260755,P1,speed_bias,3.0 m/s,L2a,"AUC(faulted, matched-clean) folded to [0.5,1.0]",0.511075,L2a,False,0.005000,10.6014,VALID,,6383676a3491dc82d70f2db20cdafb942e5c588a
20260755,P1,speed_bias,3.0 m/s,L2b,"AUC(faulted, matched-clean) folded to [0.5,1.0]",0.710750,L2a,False,0.005000,10.6014,VALID,,6383676a3491dc82d70f2db20cdafb942e5c588a
20260755,P1,speed_bias,3.0 m/s,L3,"AUC(faulted, matched-clean) folded to [0.5,1.0]",0.505525,L2a,False,0.005000,10.6014,VALID,,6383676a3491dc82d70f2db20cdafb942e5c588a
20260755,P1,speed_bias,3.0 m/s,L6,"AUC(faulted, matched-clean) folded to [0.5,1.0]",0.661800,L2a,False,0.005000,10.6014,VALID,,6383676a3491dc82d70f2db20cdafb942e5c588a
20260755,P1,speed_bias,3.0 m/s,L7,"AUC(faulted, matched-clean) folded to [0.5,1.0]",0.500000,L2a,False,0.005000,10.6014,VALID,,6383676a3491dc82d70f2db20cdafb942e5c588a
20260755,P1,speed_bias,3.0 m/s,L8,"AUC(faulted, matched-clean) folded to [0.5,1.0]",0.500000,L2a,False,0.005000,10.6014,VALID,,6383676a3491dc82d70f2db20cdafb942e5c588a
20260755,P1,lateral_noise,sigma x25,L1,"AUC(faulted, matched-clean) folded to [0.5,1.0]",0.997225,,False,0.212500,9.3079,VALID,,6383676a3491dc82d70f2db20cdafb942e5c588a
20260755,P1,lateral_noise,sigma x25,L2a,"AUC(faulted, matched-clean) folded to [0.5,1.0]",0.972900,,False,0.212500,9.3079,VALID,,6383676a3491dc82d70f2db20cdafb942e5c588a
20260755,P1,lateral_noise,sigma x25,L2b,"AUC(faulted, matched-clean) folded to [0.5,1.0]",0.951313,,False,0.212500,9.3079,VALID,,6383676a3491dc82d70f2db20cdafb942e5c588a
20260755,P1,lateral_noise,sigma x25,L3,"AUC(faulted, matched-clean) folded to [0.5,1.0]",0.973063,,False,0.212500,9.3079,VALID,,6383676a3491dc82d70f2db20cdafb942e5c588a
20260755,P1,lateral_noise,sigma x25,L6,"AUC(faulted, matched-clean) folded to [0.5,1.0]",0.724300,,False,0.212500,9.3079,VALID,,6383676a3491dc82d70f2db20cdafb942e5c588a
20260755,P1,lateral_noise,sigma x25,L7,"AUC(faulted, matched-clean) folded to [0.5,1.0]",0.707500,,False,0.212500,9.3079,VALID,,6383676a3491dc82d70f2db20cdafb942e5c588a
20260755,P1,lateral_noise,sigma x25,L8,"AUC(faulted, matched-clean) folded to [0.5,1.0]",0.722500,,False,0.212500,9.3079,VALID,,6383676a3491dc82d70f2db20cdafb942e5c588a
20260756,P1,imu_dropout,suppress IMU,L1,"AUC(faulted, matched-clean) folded to [0.5,1.0]",0.997500,,False,0.142500,5.6522,VALID,,6383676a3491dc82d70f2db20cdafb942e5c588a
20260756,P1,imu_dropout,suppress IMU,L2a,"AUC(faulted, matched-clean) folded to [0.5,1.0]",0.892750,,False,0.142500,5.6522,VALID,,6383676a3491dc82d70f2db20cdafb942e5c588a
20260756,P1,imu_dropout,suppress IMU,L2b,"AUC(faulted, matched-clean) folded to [0.5,1.0]",0.726850,,False,0.142500,5.6522,VALID,,6383676a3491dc82d70f2db20cdafb942e5c588a
20260756,P1,imu_dropout,suppress IMU,L3,"AUC(faulted, matched-clean) folded to [0.5,1.0]",0.892525,,False,0.142500,5.6522,VALID,,6383676a3491dc82d70f2db20cdafb942e5c588a
20260756,P1,imu_dropout,suppress IMU,L6,"AUC(faulted, matched-clean) folded to [0.5,1.0]",0.857550,,False,0.142500,5.6522,VALID,,6383676a3491dc82d70f2db20cdafb942e5c588a
20260756,P1,imu_dropout,suppress IMU,L7,"AUC(faulted, matched-clean) folded to [0.5,1.0]",0.637500,,False,0.142500,5.6522,VALID,,6383676a3491dc82d70f2db20cdafb942e5c588a
20260756,P1,imu_dropout,suppress IMU,L8,"AUC(faulted, matched-clean) folded to [0.5,1.0]",0.987500,,False,0.142500,5.6522,VALID,,6383676a3491dc82d70f2db20cdafb942e5c588a
20260756,P1,position_bias,1.0 m,L1,"AUC(faulted, matched-clean) folded to [0.5,1.0]",1.000000,L2a,True,0.005000,10.2194,INVALID,ground-truth regeneration (ADR-0033): fault never reached the estimator,6383676a3491dc82d70f2db20cdafb942e5c588a
20260756,P1,position_bias,1.0 m,L2a,"AUC(faulted, matched-clean) folded to [0.5,1.0]",0.500000,L2a,True,0.005000,10.2194,INVALID,ground-truth regeneration (ADR-0033): fault never reached the estimator,6383676a3491dc82d70f2db20cdafb942e5c588a
20260756,P1,position_bias,1.0 m,L2b,"AUC(faulted, matched-clean) folded to [0.5,1.0]",0.500000,L2a,True,0.005000,10.2194,INVALID,ground-truth regeneration (ADR-0033): fault never reached the estimator,6383676a3491dc82d70f2db20cdafb942e5c588a
20260756,P1,position_bias,1.0 m,L3,"AUC(faulted, matched-clean) folded to [0.5,1.0]",0.500000,L2a,True,0.005000,10.2194,INVALID,ground-truth regeneration (ADR-0033): fault never reached the estimator,6383676a3491dc82d70f2db20cdafb942e5c588a
20260756,P1,position_bias,1.0 m,L6,"AUC(faulted, matched-clean) folded to [0.5,1.0]",0.500000,L2a,True,0.005000,10.2194,INVALID,ground-truth regeneration (ADR-0033): fault never reached the estimator,6383676a3491dc82d70f2db20cdafb942e5c588a
20260756,P1,position_bias,1.0 m,L7,"AUC(faulted, matched-clean) folded to [0.5,1.0]",0.500000,L2a,True,0.005000,10.2194,INVALID,ground-truth regeneration (ADR-0033): fault never reached the estimator,6383676a3491dc82d70f2db20cdafb942e5c588a
20260756,P1,position_bias,1.0 m,L8,"AUC(faulted, matched-clean) folded to [0.5,1.0]",0.500000,L2a,True,0.005000,10.2194,INVALID,ground-truth regeneration (ADR-0033): fault never reached the estimator,6383676a3491dc82d70f2db20cdafb942e5c588a
20260756,P1,position_drift,2.0 m final,L1,"AUC(faulted, matched-clean) folded to [0.5,1.0]",0.963987,L2a,True,0.005000,10.2194,INVALID,ground-truth regeneration (ADR-0033): fault never reached the estimator,6383676a3491dc82d70f2db20cdafb942e5c588a
20260756,P1,position_drift,2.0 m final,L2a,"AUC(faulted, matched-clean) folded to [0.5,1.0]",0.500000,L2a,True,0.005000,10.2194,INVALID,ground-truth regeneration (ADR-0033): fault never reached the estimator,6383676a3491dc82d70f2db20cdafb942e5c588a
20260756,P1,position_drift,2.0 m final,L2b,"AUC(faulted, matched-clean) folded to [0.5,1.0]",0.500000,L2a,True,0.005000,10.2194,INVALID,ground-truth regeneration (ADR-0033): fault never reached the estimator,6383676a3491dc82d70f2db20cdafb942e5c588a
20260756,P1,position_drift,2.0 m final,L3,"AUC(faulted, matched-clean) folded to [0.5,1.0]",0.500000,L2a,True,0.005000,10.2194,INVALID,ground-truth regeneration (ADR-0033): fault never reached the estimator,6383676a3491dc82d70f2db20cdafb942e5c588a
20260756,P1,position_drift,2.0 m final,L6,"AUC(faulted, matched-clean) folded to [0.5,1.0]",0.500000,L2a,True,0.005000,10.2194,INVALID,ground-truth regeneration (ADR-0033): fault never reached the estimator,6383676a3491dc82d70f2db20cdafb942e5c588a
20260756,P1,position_drift,2.0 m final,L7,"AUC(faulted, matched-clean) folded to [0.5,1.0]",0.500000,L2a,True,0.005000,10.2194,INVALID,ground-truth regeneration (ADR-0033): fault never reached the estimator,6383676a3491dc82d70f2db20cdafb942e5c588a
20260756,P1,position_drift,2.0 m final,L8,"AUC(faulted, matched-clean) folded to [0.5,1.0]",0.500000,L2a,True,0.005000,10.2194,INVALID,ground-truth regeneration (ADR-0033): fault never reached the estimator,6383676a3491dc82d70f2db20cdafb942e5c588a
20260756,P1,speed_stuck,hold,L1,"AUC(faulted, matched-clean) folded to [0.5,1.0]",0.997500,L2a,True,0.005000,10.2643,VALID,,6383676a3491dc82d70f2db20cdafb942e5c588a
20260756,P1,speed_stuck,hold,L2a,"AUC(faulted, matched-clean) folded to [0.5,1.0]",0.564137,L2a,True,0.005000,10.2643,VALID,,6383676a3491dc82d70f2db20cdafb942e5c588a
20260756,P1,speed_stuck,hold,L2b,"AUC(faulted, matched-clean) folded to [0.5,1.0]",0.506563,L2a,True,0.005000,10.2643,VALID,,6383676a3491dc82d70f2db20cdafb942e5c588a
20260756,P1,speed_stuck,hold,L3,"AUC(faulted, matched-clean) folded to [0.5,1.0]",0.562837,L2a,True,0.005000,10.2643,VALID,,6383676a3491dc82d70f2db20cdafb942e5c588a
20260756,P1,speed_stuck,hold,L6,"AUC(faulted, matched-clean) folded to [0.5,1.0]",0.557887,L2a,True,0.005000,10.2643,VALID,,6383676a3491dc82d70f2db20cdafb942e5c588a
20260756,P1,speed_stuck,hold,L7,"AUC(faulted, matched-clean) folded to [0.5,1.0]",0.500000,L2a,True,0.005000,10.2643,VALID,,6383676a3491dc82d70f2db20cdafb942e5c588a
20260756,P1,speed_stuck,hold,L8,"AUC(faulted, matched-clean) folded to [0.5,1.0]",0.500000,L2a,True,0.005000,10.2643,VALID,,6383676a3491dc82d70f2db20cdafb942e5c588a
20260756,P1,speed_bias,3.0 m/s,L1,"AUC(faulted, matched-clean) folded to [0.5,1.0]",1.000000,L2a,False,0.005000,9.8755,VALID,,6383676a3491dc82d70f2db20cdafb942e5c588a
20260756,P1,speed_bias,3.0 m/s,L2a,"AUC(faulted, matched-clean) folded to [0.5,1.0]",0.506850,L2a,False,0.005000,9.8755,VALID,,6383676a3491dc82d70f2db20cdafb942e5c588a
20260756,P1,speed_bias,3.0 m/s,L2b,"AUC(faulted, matched-clean) folded to [0.5,1.0]",0.704300,L2a,False,0.005000,9.8755,VALID,,6383676a3491dc82d70f2db20cdafb942e5c588a
20260756,P1,speed_bias,3.0 m/s,L3,"AUC(faulted, matched-clean) folded to [0.5,1.0]",0.502475,L2a,False,0.005000,9.8755,VALID,,6383676a3491dc82d70f2db20cdafb942e5c588a
20260756,P1,speed_bias,3.0 m/s,L6,"AUC(faulted, matched-clean) folded to [0.5,1.0]",0.716825,L2a,False,0.005000,9.8755,VALID,,6383676a3491dc82d70f2db20cdafb942e5c588a
20260756,P1,speed_bias,3.0 m/s,L7,"AUC(faulted, matched-clean) folded to [0.5,1.0]",0.500000,L2a,False,0.005000,9.8755,VALID,,6383676a3491dc82d70f2db20cdafb942e5c588a
20260756,P1,speed_bias,3.0 m/s,L8,"AUC(faulted, matched-clean) folded to [0.5,1.0]",0.500000,L2a,False,0.005000,9.8755,VALID,,6383676a3491dc82d70f2db20cdafb942e5c588a
20260756,P1,lateral_noise,sigma x25,L1,"AUC(faulted, matched-clean) folded to [0.5,1.0]",0.999925,L6,False,0.245000,8.5794,VALID,,6383676a3491dc82d70f2db20cdafb942e5c588a
20260756,P1,lateral_noise,sigma x25,L2a,"AUC(faulted, matched-clean) folded to [0.5,1.0]",0.978050,L6,False,0.245000,8.5794,VALID,,6383676a3491dc82d70f2db20cdafb942e5c588a
20260756,P1,lateral_noise,sigma x25,L2b,"AUC(faulted, matched-clean) folded to [0.5,1.0]",0.928550,L6,False,0.245000,8.5794,VALID,,6383676a3491dc82d70f2db20cdafb942e5c588a
20260756,P1,lateral_noise,sigma x25,L3,"AUC(faulted, matched-clean) folded to [0.5,1.0]",0.978075,L6,False,0.245000,8.5794,VALID,,6383676a3491dc82d70f2db20cdafb942e5c588a
20260756,P1,lateral_noise,sigma x25,L6,"AUC(faulted, matched-clean) folded to [0.5,1.0]",0.550650,L6,False,0.245000,8.5794,VALID,,6383676a3491dc82d70f2db20cdafb942e5c588a
20260756,P1,lateral_noise,sigma x25,L7,"AUC(faulted, matched-clean) folded to [0.5,1.0]",0.740000,L6,False,0.245000,8.5794,VALID,,6383676a3491dc82d70f2db20cdafb942e5c588a
20260756,P1,lateral_noise,sigma x25,L8,"AUC(faulted, matched-clean) folded to [0.5,1.0]",0.732500,L6,False,0.245000,8.5794,VALID,,6383676a3491dc82d70f2db20cdafb942e5c588a
20260757,P1,imu_dropout,suppress IMU,L1,"AUC(faulted, matched-clean) folded to [0.5,1.0]",0.997500,L7,False,0.047500,6.3493,VALID,,6383676a3491dc82d70f2db20cdafb942e5c588a
20260757,P1,imu_dropout,suppress IMU,L2a,"AUC(faulted, matched-clean) folded to [0.5,1.0]",0.848725,L7,False,0.047500,6.3493,VALID,,6383676a3491dc82d70f2db20cdafb942e5c588a
20260757,P1,imu_dropout,suppress IMU,L2b,"AUC(faulted, matched-clean) folded to [0.5,1.0]",0.988850,L7,False,0.047500,6.3493,VALID,,6383676a3491dc82d70f2db20cdafb942e5c588a
20260757,P1,imu_dropout,suppress IMU,L3,"AUC(faulted, matched-clean) folded to [0.5,1.0]",0.849562,L7,False,0.047500,6.3493,VALID,,6383676a3491dc82d70f2db20cdafb942e5c588a
20260757,P1,imu_dropout,suppress IMU,L6,"AUC(faulted, matched-clean) folded to [0.5,1.0]",0.816000,L7,False,0.047500,6.3493,VALID,,6383676a3491dc82d70f2db20cdafb942e5c588a
20260757,P1,imu_dropout,suppress IMU,L7,"AUC(faulted, matched-clean) folded to [0.5,1.0]",0.530000,L7,False,0.047500,6.3493,VALID,,6383676a3491dc82d70f2db20cdafb942e5c588a
20260757,P1,imu_dropout,suppress IMU,L8,"AUC(faulted, matched-clean) folded to [0.5,1.0]",0.987500,L7,False,0.047500,6.3493,VALID,,6383676a3491dc82d70f2db20cdafb942e5c588a
20260757,P1,position_bias,1.0 m,L1,"AUC(faulted, matched-clean) folded to [0.5,1.0]",1.000000,L2a,True,0.017500,11.1673,INVALID,ground-truth regeneration (ADR-0033): fault never reached the estimator,6383676a3491dc82d70f2db20cdafb942e5c588a
20260757,P1,position_bias,1.0 m,L2a,"AUC(faulted, matched-clean) folded to [0.5,1.0]",0.500000,L2a,True,0.017500,11.1673,INVALID,ground-truth regeneration (ADR-0033): fault never reached the estimator,6383676a3491dc82d70f2db20cdafb942e5c588a
20260757,P1,position_bias,1.0 m,L2b,"AUC(faulted, matched-clean) folded to [0.5,1.0]",0.500000,L2a,True,0.017500,11.1673,INVALID,ground-truth regeneration (ADR-0033): fault never reached the estimator,6383676a3491dc82d70f2db20cdafb942e5c588a
20260757,P1,position_bias,1.0 m,L3,"AUC(faulted, matched-clean) folded to [0.5,1.0]",0.500000,L2a,True,0.017500,11.1673,INVALID,ground-truth regeneration (ADR-0033): fault never reached the estimator,6383676a3491dc82d70f2db20cdafb942e5c588a
20260757,P1,position_bias,1.0 m,L6,"AUC(faulted, matched-clean) folded to [0.5,1.0]",0.500000,L2a,True,0.017500,11.1673,INVALID,ground-truth regeneration (ADR-0033): fault never reached the estimator,6383676a3491dc82d70f2db20cdafb942e5c588a
20260757,P1,position_bias,1.0 m,L7,"AUC(faulted, matched-clean) folded to [0.5,1.0]",0.500000,L2a,True,0.017500,11.1673,INVALID,ground-truth regeneration (ADR-0033): fault never reached the estimator,6383676a3491dc82d70f2db20cdafb942e5c588a
20260757,P1,position_bias,1.0 m,L8,"AUC(faulted, matched-clean) folded to [0.5,1.0]",0.500000,L2a,True,0.017500,11.1673,INVALID,ground-truth regeneration (ADR-0033): fault never reached the estimator,6383676a3491dc82d70f2db20cdafb942e5c588a
20260757,P1,position_drift,2.0 m final,L1,"AUC(faulted, matched-clean) folded to [0.5,1.0]",0.971137,L2a,True,0.017500,11.1673,INVALID,ground-truth regeneration (ADR-0033): fault never reached the estimator,6383676a3491dc82d70f2db20cdafb942e5c588a
20260757,P1,position_drift,2.0 m final,L2a,"AUC(faulted, matched-clean) folded to [0.5,1.0]",0.500000,L2a,True,0.017500,11.1673,INVALID,ground-truth regeneration (ADR-0033): fault never reached the estimator,6383676a3491dc82d70f2db20cdafb942e5c588a
20260757,P1,position_drift,2.0 m final,L2b,"AUC(faulted, matched-clean) folded to [0.5,1.0]",0.500000,L2a,True,0.017500,11.1673,INVALID,ground-truth regeneration (ADR-0033): fault never reached the estimator,6383676a3491dc82d70f2db20cdafb942e5c588a
20260757,P1,position_drift,2.0 m final,L3,"AUC(faulted, matched-clean) folded to [0.5,1.0]",0.500000,L2a,True,0.017500,11.1673,INVALID,ground-truth regeneration (ADR-0033): fault never reached the estimator,6383676a3491dc82d70f2db20cdafb942e5c588a
20260757,P1,position_drift,2.0 m final,L6,"AUC(faulted, matched-clean) folded to [0.5,1.0]",0.500000,L2a,True,0.017500,11.1673,INVALID,ground-truth regeneration (ADR-0033): fault never reached the estimator,6383676a3491dc82d70f2db20cdafb942e5c588a
20260757,P1,position_drift,2.0 m final,L7,"AUC(faulted, matched-clean) folded to [0.5,1.0]",0.500000,L2a,True,0.017500,11.1673,INVALID,ground-truth regeneration (ADR-0033): fault never reached the estimator,6383676a3491dc82d70f2db20cdafb942e5c588a
20260757,P1,position_drift,2.0 m final,L8,"AUC(faulted, matched-clean) folded to [0.5,1.0]",0.500000,L2a,True,0.017500,11.1673,INVALID,ground-truth regeneration (ADR-0033): fault never reached the estimator,6383676a3491dc82d70f2db20cdafb942e5c588a
20260757,P1,speed_stuck,hold,L1,"AUC(faulted, matched-clean) folded to [0.5,1.0]",0.902500,L2a,True,0.017500,11.1966,VALID,,6383676a3491dc82d70f2db20cdafb942e5c588a
20260757,P1,speed_stuck,hold,L2a,"AUC(faulted, matched-clean) folded to [0.5,1.0]",0.571788,L2a,True,0.017500,11.1966,VALID,,6383676a3491dc82d70f2db20cdafb942e5c588a
20260757,P1,speed_stuck,hold,L2b,"AUC(faulted, matched-clean) folded to [0.5,1.0]",0.519062,L2a,True,0.017500,11.1966,VALID,,6383676a3491dc82d70f2db20cdafb942e5c588a
20260757,P1,speed_stuck,hold,L3,"AUC(faulted, matched-clean) folded to [0.5,1.0]",0.571013,L2a,True,0.017500,11.1966,VALID,,6383676a3491dc82d70f2db20cdafb942e5c588a
20260757,P1,speed_stuck,hold,L6,"AUC(faulted, matched-clean) folded to [0.5,1.0]",0.525887,L2a,True,0.017500,11.1966,VALID,,6383676a3491dc82d70f2db20cdafb942e5c588a
20260757,P1,speed_stuck,hold,L7,"AUC(faulted, matched-clean) folded to [0.5,1.0]",0.500000,L2a,True,0.017500,11.1966,VALID,,6383676a3491dc82d70f2db20cdafb942e5c588a
20260757,P1,speed_stuck,hold,L8,"AUC(faulted, matched-clean) folded to [0.5,1.0]",0.500000,L2a,True,0.017500,11.1966,VALID,,6383676a3491dc82d70f2db20cdafb942e5c588a
20260757,P1,speed_bias,3.0 m/s,L1,"AUC(faulted, matched-clean) folded to [0.5,1.0]",1.000000,L2a,False,0.017500,10.8119,VALID,,6383676a3491dc82d70f2db20cdafb942e5c588a
20260757,P1,speed_bias,3.0 m/s,L2a,"AUC(faulted, matched-clean) folded to [0.5,1.0]",0.512575,L2a,False,0.017500,10.8119,VALID,,6383676a3491dc82d70f2db20cdafb942e5c588a
20260757,P1,speed_bias,3.0 m/s,L2b,"AUC(faulted, matched-clean) folded to [0.5,1.0]",0.673375,L2a,False,0.017500,10.8119,VALID,,6383676a3491dc82d70f2db20cdafb942e5c588a
20260757,P1,speed_bias,3.0 m/s,L3,"AUC(faulted, matched-clean) folded to [0.5,1.0]",0.508163,L2a,False,0.017500,10.8119,VALID,,6383676a3491dc82d70f2db20cdafb942e5c588a
20260757,P1,speed_bias,3.0 m/s,L6,"AUC(faulted, matched-clean) folded to [0.5,1.0]",0.638050,L2a,False,0.017500,10.8119,VALID,,6383676a3491dc82d70f2db20cdafb942e5c588a
20260757,P1,speed_bias,3.0 m/s,L7,"AUC(faulted, matched-clean) folded to [0.5,1.0]",0.500000,L2a,False,0.017500,10.8119,VALID,,6383676a3491dc82d70f2db20cdafb942e5c588a
20260757,P1,speed_bias,3.0 m/s,L8,"AUC(faulted, matched-clean) folded to [0.5,1.0]",0.500000,L2a,False,0.017500,10.8119,VALID,,6383676a3491dc82d70f2db20cdafb942e5c588a
20260757,P1,lateral_noise,sigma x25,L1,"AUC(faulted, matched-clean) folded to [0.5,1.0]",0.999750,,False,0.235000,9.6586,VALID,,6383676a3491dc82d70f2db20cdafb942e5c588a
20260757,P1,lateral_noise,sigma x25,L2a,"AUC(faulted, matched-clean) folded to [0.5,1.0]",0.967850,,False,0.235000,9.6586,VALID,,6383676a3491dc82d70f2db20cdafb942e5c588a
20260757,P1,lateral_noise,sigma x25,L2b,"AUC(faulted, matched-clean) folded to [0.5,1.0]",0.984850,,False,0.235000,9.6586,VALID,,6383676a3491dc82d70f2db20cdafb942e5c588a
20260757,P1,lateral_noise,sigma x25,L3,"AUC(faulted, matched-clean) folded to [0.5,1.0]",0.968050,,False,0.235000,9.6586,VALID,,6383676a3491dc82d70f2db20cdafb942e5c588a
20260757,P1,lateral_noise,sigma x25,L6,"AUC(faulted, matched-clean) folded to [0.5,1.0]",0.761350,,False,0.235000,9.6586,VALID,,6383676a3491dc82d70f2db20cdafb942e5c588a
20260757,P1,lateral_noise,sigma x25,L7,"AUC(faulted, matched-clean) folded to [0.5,1.0]",0.717500,,False,0.235000,9.6586,VALID,,6383676a3491dc82d70f2db20cdafb942e5c588a
20260757,P1,lateral_noise,sigma x25,L8,"AUC(faulted, matched-clean) folded to [0.5,1.0]",0.715000,,False,0.235000,9.6586,VALID,,6383676a3491dc82d70f2db20cdafb942e5c588a
20260758,P1,imu_dropout,suppress IMU,L1,"AUC(faulted, matched-clean) folded to [0.5,1.0]",0.997500,L2a,False,0.077500,7.5971,VALID,,6383676a3491dc82d70f2db20cdafb942e5c588a
20260758,P1,imu_dropout,suppress IMU,L2a,"AUC(faulted, matched-clean) folded to [0.5,1.0]",0.589925,L2a,False,0.077500,7.5971,VALID,,6383676a3491dc82d70f2db20cdafb942e5c588a
20260758,P1,imu_dropout,suppress IMU,L2b,"AUC(faulted, matched-clean) folded to [0.5,1.0]",0.658350,L2a,False,0.077500,7.5971,VALID,,6383676a3491dc82d70f2db20cdafb942e5c588a
20260758,P1,imu_dropout,suppress IMU,L3,"AUC(faulted, matched-clean) folded to [0.5,1.0]",0.586788,L2a,False,0.077500,7.5971,VALID,,6383676a3491dc82d70f2db20cdafb942e5c588a
20260758,P1,imu_dropout,suppress IMU,L6,"AUC(faulted, matched-clean) folded to [0.5,1.0]",0.607450,L2a,False,0.077500,7.5971,VALID,,6383676a3491dc82d70f2db20cdafb942e5c588a
20260758,P1,imu_dropout,suppress IMU,L7,"AUC(faulted, matched-clean) folded to [0.5,1.0]",0.502500,L2a,False,0.077500,7.5971,VALID,,6383676a3491dc82d70f2db20cdafb942e5c588a
20260758,P1,imu_dropout,suppress IMU,L8,"AUC(faulted, matched-clean) folded to [0.5,1.0]",0.987500,L2a,False,0.077500,7.5971,VALID,,6383676a3491dc82d70f2db20cdafb942e5c588a
20260758,P1,position_bias,1.0 m,L1,"AUC(faulted, matched-clean) folded to [0.5,1.0]",1.000000,L2a,True,0.075000,12.9039,INVALID,ground-truth regeneration (ADR-0033): fault never reached the estimator,6383676a3491dc82d70f2db20cdafb942e5c588a
20260758,P1,position_bias,1.0 m,L2a,"AUC(faulted, matched-clean) folded to [0.5,1.0]",0.500000,L2a,True,0.075000,12.9039,INVALID,ground-truth regeneration (ADR-0033): fault never reached the estimator,6383676a3491dc82d70f2db20cdafb942e5c588a
20260758,P1,position_bias,1.0 m,L2b,"AUC(faulted, matched-clean) folded to [0.5,1.0]",0.500000,L2a,True,0.075000,12.9039,INVALID,ground-truth regeneration (ADR-0033): fault never reached the estimator,6383676a3491dc82d70f2db20cdafb942e5c588a
20260758,P1,position_bias,1.0 m,L3,"AUC(faulted, matched-clean) folded to [0.5,1.0]",0.500000,L2a,True,0.075000,12.9039,INVALID,ground-truth regeneration (ADR-0033): fault never reached the estimator,6383676a3491dc82d70f2db20cdafb942e5c588a
20260758,P1,position_bias,1.0 m,L6,"AUC(faulted, matched-clean) folded to [0.5,1.0]",0.500000,L2a,True,0.075000,12.9039,INVALID,ground-truth regeneration (ADR-0033): fault never reached the estimator,6383676a3491dc82d70f2db20cdafb942e5c588a
20260758,P1,position_bias,1.0 m,L7,"AUC(faulted, matched-clean) folded to [0.5,1.0]",0.500000,L2a,True,0.075000,12.9039,INVALID,ground-truth regeneration (ADR-0033): fault never reached the estimator,6383676a3491dc82d70f2db20cdafb942e5c588a
20260758,P1,position_bias,1.0 m,L8,"AUC(faulted, matched-clean) folded to [0.5,1.0]",0.500000,L2a,True,0.075000,12.9039,INVALID,ground-truth regeneration (ADR-0033): fault never reached the estimator,6383676a3491dc82d70f2db20cdafb942e5c588a
20260758,P1,position_drift,2.0 m final,L1,"AUC(faulted, matched-clean) folded to [0.5,1.0]",0.962538,L2a,True,0.075000,12.9039,INVALID,ground-truth regeneration (ADR-0033): fault never reached the estimator,6383676a3491dc82d70f2db20cdafb942e5c588a
20260758,P1,position_drift,2.0 m final,L2a,"AUC(faulted, matched-clean) folded to [0.5,1.0]",0.500000,L2a,True,0.075000,12.9039,INVALID,ground-truth regeneration (ADR-0033): fault never reached the estimator,6383676a3491dc82d70f2db20cdafb942e5c588a
20260758,P1,position_drift,2.0 m final,L2b,"AUC(faulted, matched-clean) folded to [0.5,1.0]",0.500000,L2a,True,0.075000,12.9039,INVALID,ground-truth regeneration (ADR-0033): fault never reached the estimator,6383676a3491dc82d70f2db20cdafb942e5c588a
20260758,P1,position_drift,2.0 m final,L3,"AUC(faulted, matched-clean) folded to [0.5,1.0]",0.500000,L2a,True,0.075000,12.9039,INVALID,ground-truth regeneration (ADR-0033): fault never reached the estimator,6383676a3491dc82d70f2db20cdafb942e5c588a
20260758,P1,position_drift,2.0 m final,L6,"AUC(faulted, matched-clean) folded to [0.5,1.0]",0.500000,L2a,True,0.075000,12.9039,INVALID,ground-truth regeneration (ADR-0033): fault never reached the estimator,6383676a3491dc82d70f2db20cdafb942e5c588a
20260758,P1,position_drift,2.0 m final,L7,"AUC(faulted, matched-clean) folded to [0.5,1.0]",0.500000,L2a,True,0.075000,12.9039,INVALID,ground-truth regeneration (ADR-0033): fault never reached the estimator,6383676a3491dc82d70f2db20cdafb942e5c588a
20260758,P1,position_drift,2.0 m final,L8,"AUC(faulted, matched-clean) folded to [0.5,1.0]",0.500000,L2a,True,0.075000,12.9039,INVALID,ground-truth regeneration (ADR-0033): fault never reached the estimator,6383676a3491dc82d70f2db20cdafb942e5c588a
20260758,P1,speed_stuck,hold,L1,"AUC(faulted, matched-clean) folded to [0.5,1.0]",0.997500,L2a,True,0.072500,12.9029,VALID,,6383676a3491dc82d70f2db20cdafb942e5c588a
20260758,P1,speed_stuck,hold,L2a,"AUC(faulted, matched-clean) folded to [0.5,1.0]",0.561762,L2a,True,0.072500,12.9029,VALID,,6383676a3491dc82d70f2db20cdafb942e5c588a
20260758,P1,speed_stuck,hold,L2b,"AUC(faulted, matched-clean) folded to [0.5,1.0]",0.540037,L2a,True,0.072500,12.9029,VALID,,6383676a3491dc82d70f2db20cdafb942e5c588a
20260758,P1,speed_stuck,hold,L3,"AUC(faulted, matched-clean) folded to [0.5,1.0]",0.560013,L2a,True,0.072500,12.9029,VALID,,6383676a3491dc82d70f2db20cdafb942e5c588a
20260758,P1,speed_stuck,hold,L6,"AUC(faulted, matched-clean) folded to [0.5,1.0]",0.500263,L2a,True,0.072500,12.9029,VALID,,6383676a3491dc82d70f2db20cdafb942e5c588a
20260758,P1,speed_stuck,hold,L7,"AUC(faulted, matched-clean) folded to [0.5,1.0]",0.502500,L2a,True,0.072500,12.9029,VALID,,6383676a3491dc82d70f2db20cdafb942e5c588a
20260758,P1,speed_stuck,hold,L8,"AUC(faulted, matched-clean) folded to [0.5,1.0]",0.500000,L2a,True,0.072500,12.9029,VALID,,6383676a3491dc82d70f2db20cdafb942e5c588a
20260758,P1,speed_bias,3.0 m/s,L1,"AUC(faulted, matched-clean) folded to [0.5,1.0]",1.000000,L2a,False,0.075000,12.5363,VALID,,6383676a3491dc82d70f2db20cdafb942e5c588a
20260758,P1,speed_bias,3.0 m/s,L2a,"AUC(faulted, matched-clean) folded to [0.5,1.0]",0.525400,L2a,False,0.075000,12.5363,VALID,,6383676a3491dc82d70f2db20cdafb942e5c588a
20260758,P1,speed_bias,3.0 m/s,L2b,"AUC(faulted, matched-clean) folded to [0.5,1.0]",0.625125,L2a,False,0.075000,12.5363,VALID,,6383676a3491dc82d70f2db20cdafb942e5c588a
20260758,P1,speed_bias,3.0 m/s,L3,"AUC(faulted, matched-clean) folded to [0.5,1.0]",0.519962,L2a,False,0.075000,12.5363,VALID,,6383676a3491dc82d70f2db20cdafb942e5c588a
20260758,P1,speed_bias,3.0 m/s,L6,"AUC(faulted, matched-clean) folded to [0.5,1.0]",0.508300,L2a,False,0.075000,12.5363,VALID,,6383676a3491dc82d70f2db20cdafb942e5c588a
20260758,P1,speed_bias,3.0 m/s,L7,"AUC(faulted, matched-clean) folded to [0.5,1.0]",0.500000,L2a,False,0.075000,12.5363,VALID,,6383676a3491dc82d70f2db20cdafb942e5c588a
20260758,P1,speed_bias,3.0 m/s,L8,"AUC(faulted, matched-clean) folded to [0.5,1.0]",0.500000,L2a,False,0.075000,12.5363,VALID,,6383676a3491dc82d70f2db20cdafb942e5c588a
20260758,P1,lateral_noise,sigma x25,L1,"AUC(faulted, matched-clean) folded to [0.5,1.0]",0.999550,,False,0.300000,11.1750,VALID,,6383676a3491dc82d70f2db20cdafb942e5c588a
20260758,P1,lateral_noise,sigma x25,L2a,"AUC(faulted, matched-clean) folded to [0.5,1.0]",0.987975,,False,0.300000,11.1750,VALID,,6383676a3491dc82d70f2db20cdafb942e5c588a
20260758,P1,lateral_noise,sigma x25,L2b,"AUC(faulted, matched-clean) folded to [0.5,1.0]",0.843825,,False,0.300000,11.1750,VALID,,6383676a3491dc82d70f2db20cdafb942e5c588a
20260758,P1,lateral_noise,sigma x25,L3,"AUC(faulted, matched-clean) folded to [0.5,1.0]",0.987925,,False,0.300000,11.1750,VALID,,6383676a3491dc82d70f2db20cdafb942e5c588a
20260758,P1,lateral_noise,sigma x25,L6,"AUC(faulted, matched-clean) folded to [0.5,1.0]",0.652350,,False,0.300000,11.1750,VALID,,6383676a3491dc82d70f2db20cdafb942e5c588a
20260758,P1,lateral_noise,sigma x25,L7,"AUC(faulted, matched-clean) folded to [0.5,1.0]",0.725000,,False,0.300000,11.1750,VALID,,6383676a3491dc82d70f2db20cdafb942e5c588a
20260758,P1,lateral_noise,sigma x25,L8,"AUC(faulted, matched-clean) folded to [0.5,1.0]",0.637500,,False,0.300000,11.1750,VALID,,6383676a3491dc82d70f2db20cdafb942e5c588a
20260759,P1,imu_dropout,suppress IMU,L1,"AUC(faulted, matched-clean) folded to [0.5,1.0]",0.997500,L7,False,0.060000,7.6074,VALID,,6383676a3491dc82d70f2db20cdafb942e5c588a
20260759,P1,imu_dropout,suppress IMU,L2a,"AUC(faulted, matched-clean) folded to [0.5,1.0]",0.893850,L7,False,0.060000,7.6074,VALID,,6383676a3491dc82d70f2db20cdafb942e5c588a
20260759,P1,imu_dropout,suppress IMU,L2b,"AUC(faulted, matched-clean) folded to [0.5,1.0]",0.874300,L7,False,0.060000,7.6074,VALID,,6383676a3491dc82d70f2db20cdafb942e5c588a
20260759,P1,imu_dropout,suppress IMU,L3,"AUC(faulted, matched-clean) folded to [0.5,1.0]",0.894225,L7,False,0.060000,7.6074,VALID,,6383676a3491dc82d70f2db20cdafb942e5c588a
20260759,P1,imu_dropout,suppress IMU,L6,"AUC(faulted, matched-clean) folded to [0.5,1.0]",0.732875,L7,False,0.060000,7.6074,VALID,,6383676a3491dc82d70f2db20cdafb942e5c588a
20260759,P1,imu_dropout,suppress IMU,L7,"AUC(faulted, matched-clean) folded to [0.5,1.0]",0.542500,L7,False,0.060000,7.6074,VALID,,6383676a3491dc82d70f2db20cdafb942e5c588a
20260759,P1,imu_dropout,suppress IMU,L8,"AUC(faulted, matched-clean) folded to [0.5,1.0]",0.987500,L7,False,0.060000,7.6074,VALID,,6383676a3491dc82d70f2db20cdafb942e5c588a
20260759,P1,position_bias,1.0 m,L1,"AUC(faulted, matched-clean) folded to [0.5,1.0]",1.000000,L2a,True,0.017500,12.8782,INVALID,ground-truth regeneration (ADR-0033): fault never reached the estimator,6383676a3491dc82d70f2db20cdafb942e5c588a
20260759,P1,position_bias,1.0 m,L2a,"AUC(faulted, matched-clean) folded to [0.5,1.0]",0.500000,L2a,True,0.017500,12.8782,INVALID,ground-truth regeneration (ADR-0033): fault never reached the estimator,6383676a3491dc82d70f2db20cdafb942e5c588a
20260759,P1,position_bias,1.0 m,L2b,"AUC(faulted, matched-clean) folded to [0.5,1.0]",0.500000,L2a,True,0.017500,12.8782,INVALID,ground-truth regeneration (ADR-0033): fault never reached the estimator,6383676a3491dc82d70f2db20cdafb942e5c588a
20260759,P1,position_bias,1.0 m,L3,"AUC(faulted, matched-clean) folded to [0.5,1.0]",0.500000,L2a,True,0.017500,12.8782,INVALID,ground-truth regeneration (ADR-0033): fault never reached the estimator,6383676a3491dc82d70f2db20cdafb942e5c588a
20260759,P1,position_bias,1.0 m,L6,"AUC(faulted, matched-clean) folded to [0.5,1.0]",0.500000,L2a,True,0.017500,12.8782,INVALID,ground-truth regeneration (ADR-0033): fault never reached the estimator,6383676a3491dc82d70f2db20cdafb942e5c588a
20260759,P1,position_bias,1.0 m,L7,"AUC(faulted, matched-clean) folded to [0.5,1.0]",0.500000,L2a,True,0.017500,12.8782,INVALID,ground-truth regeneration (ADR-0033): fault never reached the estimator,6383676a3491dc82d70f2db20cdafb942e5c588a
20260759,P1,position_bias,1.0 m,L8,"AUC(faulted, matched-clean) folded to [0.5,1.0]",0.500000,L2a,True,0.017500,12.8782,INVALID,ground-truth regeneration (ADR-0033): fault never reached the estimator,6383676a3491dc82d70f2db20cdafb942e5c588a
20260759,P1,position_drift,2.0 m final,L1,"AUC(faulted, matched-clean) folded to [0.5,1.0]",0.947662,L2a,True,0.017500,12.8782,INVALID,ground-truth regeneration (ADR-0033): fault never reached the estimator,6383676a3491dc82d70f2db20cdafb942e5c588a
20260759,P1,position_drift,2.0 m final,L2a,"AUC(faulted, matched-clean) folded to [0.5,1.0]",0.500000,L2a,True,0.017500,12.8782,INVALID,ground-truth regeneration (ADR-0033): fault never reached the estimator,6383676a3491dc82d70f2db20cdafb942e5c588a
20260759,P1,position_drift,2.0 m final,L2b,"AUC(faulted, matched-clean) folded to [0.5,1.0]",0.500000,L2a,True,0.017500,12.8782,INVALID,ground-truth regeneration (ADR-0033): fault never reached the estimator,6383676a3491dc82d70f2db20cdafb942e5c588a
20260759,P1,position_drift,2.0 m final,L3,"AUC(faulted, matched-clean) folded to [0.5,1.0]",0.500000,L2a,True,0.017500,12.8782,INVALID,ground-truth regeneration (ADR-0033): fault never reached the estimator,6383676a3491dc82d70f2db20cdafb942e5c588a
20260759,P1,position_drift,2.0 m final,L6,"AUC(faulted, matched-clean) folded to [0.5,1.0]",0.500000,L2a,True,0.017500,12.8782,INVALID,ground-truth regeneration (ADR-0033): fault never reached the estimator,6383676a3491dc82d70f2db20cdafb942e5c588a
20260759,P1,position_drift,2.0 m final,L7,"AUC(faulted, matched-clean) folded to [0.5,1.0]",0.500000,L2a,True,0.017500,12.8782,INVALID,ground-truth regeneration (ADR-0033): fault never reached the estimator,6383676a3491dc82d70f2db20cdafb942e5c588a
20260759,P1,position_drift,2.0 m final,L8,"AUC(faulted, matched-clean) folded to [0.5,1.0]",0.500000,L2a,True,0.017500,12.8782,INVALID,ground-truth regeneration (ADR-0033): fault never reached the estimator,6383676a3491dc82d70f2db20cdafb942e5c588a
20260759,P1,speed_stuck,hold,L1,"AUC(faulted, matched-clean) folded to [0.5,1.0]",0.982500,L2a,True,0.017500,12.8703,VALID,,6383676a3491dc82d70f2db20cdafb942e5c588a
20260759,P1,speed_stuck,hold,L2a,"AUC(faulted, matched-clean) folded to [0.5,1.0]",0.565837,L2a,True,0.017500,12.8703,VALID,,6383676a3491dc82d70f2db20cdafb942e5c588a
20260759,P1,speed_stuck,hold,L2b,"AUC(faulted, matched-clean) folded to [0.5,1.0]",0.569362,L2a,True,0.017500,12.8703,VALID,,6383676a3491dc82d70f2db20cdafb942e5c588a
20260759,P1,speed_stuck,hold,L3,"AUC(faulted, matched-clean) folded to [0.5,1.0]",0.564213,L2a,True,0.017500,12.8703,VALID,,6383676a3491dc82d70f2db20cdafb942e5c588a
20260759,P1,speed_stuck,hold,L6,"AUC(faulted, matched-clean) folded to [0.5,1.0]",0.501113,L2a,True,0.017500,12.8703,VALID,,6383676a3491dc82d70f2db20cdafb942e5c588a
20260759,P1,speed_stuck,hold,L7,"AUC(faulted, matched-clean) folded to [0.5,1.0]",0.500000,L2a,True,0.017500,12.8703,VALID,,6383676a3491dc82d70f2db20cdafb942e5c588a
20260759,P1,speed_stuck,hold,L8,"AUC(faulted, matched-clean) folded to [0.5,1.0]",0.500000,L2a,True,0.017500,12.8703,VALID,,6383676a3491dc82d70f2db20cdafb942e5c588a
20260759,P1,speed_bias,3.0 m/s,L1,"AUC(faulted, matched-clean) folded to [0.5,1.0]",1.000000,L2a,False,0.017500,12.5092,VALID,,6383676a3491dc82d70f2db20cdafb942e5c588a
20260759,P1,speed_bias,3.0 m/s,L2a,"AUC(faulted, matched-clean) folded to [0.5,1.0]",0.524700,L2a,False,0.017500,12.5092,VALID,,6383676a3491dc82d70f2db20cdafb942e5c588a
20260759,P1,speed_bias,3.0 m/s,L2b,"AUC(faulted, matched-clean) folded to [0.5,1.0]",0.681375,L2a,False,0.017500,12.5092,VALID,,6383676a3491dc82d70f2db20cdafb942e5c588a
20260759,P1,speed_bias,3.0 m/s,L3,"AUC(faulted, matched-clean) folded to [0.5,1.0]",0.520475,L2a,False,0.017500,12.5092,VALID,,6383676a3491dc82d70f2db20cdafb942e5c588a
20260759,P1,speed_bias,3.0 m/s,L6,"AUC(faulted, matched-clean) folded to [0.5,1.0]",0.507725,L2a,False,0.017500,12.5092,VALID,,6383676a3491dc82d70f2db20cdafb942e5c588a
20260759,P1,speed_bias,3.0 m/s,L7,"AUC(faulted, matched-clean) folded to [0.5,1.0]",0.500000,L2a,False,0.017500,12.5092,VALID,,6383676a3491dc82d70f2db20cdafb942e5c588a
20260759,P1,speed_bias,3.0 m/s,L8,"AUC(faulted, matched-clean) folded to [0.5,1.0]",0.500000,L2a,False,0.017500,12.5092,VALID,,6383676a3491dc82d70f2db20cdafb942e5c588a
20260759,P1,lateral_noise,sigma x25,L1,"AUC(faulted, matched-clean) folded to [0.5,1.0]",1.000000,,False,0.240000,11.3284,VALID,,6383676a3491dc82d70f2db20cdafb942e5c588a
20260759,P1,lateral_noise,sigma x25,L2a,"AUC(faulted, matched-clean) folded to [0.5,1.0]",0.980450,,False,0.240000,11.3284,VALID,,6383676a3491dc82d70f2db20cdafb942e5c588a
20260759,P1,lateral_noise,sigma x25,L2b,"AUC(faulted, matched-clean) folded to [0.5,1.0]",0.920625,,False,0.240000,11.3284,VALID,,6383676a3491dc82d70f2db20cdafb942e5c588a
20260759,P1,lateral_noise,sigma x25,L3,"AUC(faulted, matched-clean) folded to [0.5,1.0]",0.980413,,False,0.240000,11.3284,VALID,,6383676a3491dc82d70f2db20cdafb942e5c588a
20260759,P1,lateral_noise,sigma x25,L6,"AUC(faulted, matched-clean) folded to [0.5,1.0]",0.657700,,False,0.240000,11.3284,VALID,,6383676a3491dc82d70f2db20cdafb942e5c588a
20260759,P1,lateral_noise,sigma x25,L7,"AUC(faulted, matched-clean) folded to [0.5,1.0]",0.722500,,False,0.240000,11.3284,VALID,,6383676a3491dc82d70f2db20cdafb942e5c588a
20260759,P1,lateral_noise,sigma x25,L8,"AUC(faulted, matched-clean) folded to [0.5,1.0]",0.647500,,False,0.240000,11.3284,VALID,,6383676a3491dc82d70f2db20cdafb942e5c588a
20260760,P1,imu_dropout,suppress IMU,L1,"AUC(faulted, matched-clean) folded to [0.5,1.0]",0.997500,L2b,False,0.045000,8.1055,VALID,,6383676a3491dc82d70f2db20cdafb942e5c588a
20260760,P1,imu_dropout,suppress IMU,L2a,"AUC(faulted, matched-clean) folded to [0.5,1.0]",0.675725,L2b,False,0.045000,8.1055,VALID,,6383676a3491dc82d70f2db20cdafb942e5c588a
20260760,P1,imu_dropout,suppress IMU,L2b,"AUC(faulted, matched-clean) folded to [0.5,1.0]",0.556175,L2b,False,0.045000,8.1055,VALID,,6383676a3491dc82d70f2db20cdafb942e5c588a
20260760,P1,imu_dropout,suppress IMU,L3,"AUC(faulted, matched-clean) folded to [0.5,1.0]",0.675837,L2b,False,0.045000,8.1055,VALID,,6383676a3491dc82d70f2db20cdafb942e5c588a
20260760,P1,imu_dropout,suppress IMU,L6,"AUC(faulted, matched-clean) folded to [0.5,1.0]",0.627850,L2b,False,0.045000,8.1055,VALID,,6383676a3491dc82d70f2db20cdafb942e5c588a
20260760,P1,imu_dropout,suppress IMU,L7,"AUC(faulted, matched-clean) folded to [0.5,1.0]",0.530000,L2b,False,0.045000,8.1055,VALID,,6383676a3491dc82d70f2db20cdafb942e5c588a
20260760,P1,imu_dropout,suppress IMU,L8,"AUC(faulted, matched-clean) folded to [0.5,1.0]",0.987500,L2b,False,0.045000,8.1055,VALID,,6383676a3491dc82d70f2db20cdafb942e5c588a
20260760,P1,position_bias,1.0 m,L1,"AUC(faulted, matched-clean) folded to [0.5,1.0]",1.000000,L2a,True,0.015000,13.4702,INVALID,ground-truth regeneration (ADR-0033): fault never reached the estimator,6383676a3491dc82d70f2db20cdafb942e5c588a
20260760,P1,position_bias,1.0 m,L2a,"AUC(faulted, matched-clean) folded to [0.5,1.0]",0.500000,L2a,True,0.015000,13.4702,INVALID,ground-truth regeneration (ADR-0033): fault never reached the estimator,6383676a3491dc82d70f2db20cdafb942e5c588a
20260760,P1,position_bias,1.0 m,L2b,"AUC(faulted, matched-clean) folded to [0.5,1.0]",0.500000,L2a,True,0.015000,13.4702,INVALID,ground-truth regeneration (ADR-0033): fault never reached the estimator,6383676a3491dc82d70f2db20cdafb942e5c588a
20260760,P1,position_bias,1.0 m,L3,"AUC(faulted, matched-clean) folded to [0.5,1.0]",0.500000,L2a,True,0.015000,13.4702,INVALID,ground-truth regeneration (ADR-0033): fault never reached the estimator,6383676a3491dc82d70f2db20cdafb942e5c588a
20260760,P1,position_bias,1.0 m,L6,"AUC(faulted, matched-clean) folded to [0.5,1.0]",0.500000,L2a,True,0.015000,13.4702,INVALID,ground-truth regeneration (ADR-0033): fault never reached the estimator,6383676a3491dc82d70f2db20cdafb942e5c588a
20260760,P1,position_bias,1.0 m,L7,"AUC(faulted, matched-clean) folded to [0.5,1.0]",0.500000,L2a,True,0.015000,13.4702,INVALID,ground-truth regeneration (ADR-0033): fault never reached the estimator,6383676a3491dc82d70f2db20cdafb942e5c588a
20260760,P1,position_bias,1.0 m,L8,"AUC(faulted, matched-clean) folded to [0.5,1.0]",0.500000,L2a,True,0.015000,13.4702,INVALID,ground-truth regeneration (ADR-0033): fault never reached the estimator,6383676a3491dc82d70f2db20cdafb942e5c588a
20260760,P1,position_drift,2.0 m final,L1,"AUC(faulted, matched-clean) folded to [0.5,1.0]",0.963987,L2a,True,0.015000,13.4702,INVALID,ground-truth regeneration (ADR-0033): fault never reached the estimator,6383676a3491dc82d70f2db20cdafb942e5c588a
20260760,P1,position_drift,2.0 m final,L2a,"AUC(faulted, matched-clean) folded to [0.5,1.0]",0.500000,L2a,True,0.015000,13.4702,INVALID,ground-truth regeneration (ADR-0033): fault never reached the estimator,6383676a3491dc82d70f2db20cdafb942e5c588a
20260760,P1,position_drift,2.0 m final,L2b,"AUC(faulted, matched-clean) folded to [0.5,1.0]",0.500000,L2a,True,0.015000,13.4702,INVALID,ground-truth regeneration (ADR-0033): fault never reached the estimator,6383676a3491dc82d70f2db20cdafb942e5c588a
20260760,P1,position_drift,2.0 m final,L3,"AUC(faulted, matched-clean) folded to [0.5,1.0]",0.500000,L2a,True,0.015000,13.4702,INVALID,ground-truth regeneration (ADR-0033): fault never reached the estimator,6383676a3491dc82d70f2db20cdafb942e5c588a
20260760,P1,position_drift,2.0 m final,L6,"AUC(faulted, matched-clean) folded to [0.5,1.0]",0.500000,L2a,True,0.015000,13.4702,INVALID,ground-truth regeneration (ADR-0033): fault never reached the estimator,6383676a3491dc82d70f2db20cdafb942e5c588a
20260760,P1,position_drift,2.0 m final,L7,"AUC(faulted, matched-clean) folded to [0.5,1.0]",0.500000,L2a,True,0.015000,13.4702,INVALID,ground-truth regeneration (ADR-0033): fault never reached the estimator,6383676a3491dc82d70f2db20cdafb942e5c588a
20260760,P1,position_drift,2.0 m final,L8,"AUC(faulted, matched-clean) folded to [0.5,1.0]",0.500000,L2a,True,0.015000,13.4702,INVALID,ground-truth regeneration (ADR-0033): fault never reached the estimator,6383676a3491dc82d70f2db20cdafb942e5c588a
20260760,P1,speed_stuck,hold,L1,"AUC(faulted, matched-clean) folded to [0.5,1.0]",0.977500,L2a,True,0.015000,13.4489,VALID,,6383676a3491dc82d70f2db20cdafb942e5c588a
20260760,P1,speed_stuck,hold,L2a,"AUC(faulted, matched-clean) folded to [0.5,1.0]",0.553038,L2a,True,0.015000,13.4489,VALID,,6383676a3491dc82d70f2db20cdafb942e5c588a
20260760,P1,speed_stuck,hold,L2b,"AUC(faulted, matched-clean) folded to [0.5,1.0]",0.574612,L2a,True,0.015000,13.4489,VALID,,6383676a3491dc82d70f2db20cdafb942e5c588a
20260760,P1,speed_stuck,hold,L3,"AUC(faulted, matched-clean) folded to [0.5,1.0]",0.553037,L2a,True,0.015000,13.4489,VALID,,6383676a3491dc82d70f2db20cdafb942e5c588a
20260760,P1,speed_stuck,hold,L6,"AUC(faulted, matched-clean) folded to [0.5,1.0]",0.501663,L2a,True,0.015000,13.4489,VALID,,6383676a3491dc82d70f2db20cdafb942e5c588a
20260760,P1,speed_stuck,hold,L7,"AUC(faulted, matched-clean) folded to [0.5,1.0]",0.500000,L2a,True,0.015000,13.4489,VALID,,6383676a3491dc82d70f2db20cdafb942e5c588a
20260760,P1,speed_stuck,hold,L8,"AUC(faulted, matched-clean) folded to [0.5,1.0]",0.500000,L2a,True,0.015000,13.4489,VALID,,6383676a3491dc82d70f2db20cdafb942e5c588a
20260760,P1,speed_bias,3.0 m/s,L1,"AUC(faulted, matched-clean) folded to [0.5,1.0]",1.000000,L2a,False,0.015000,13.0934,VALID,,6383676a3491dc82d70f2db20cdafb942e5c588a
20260760,P1,speed_bias,3.0 m/s,L2a,"AUC(faulted, matched-clean) folded to [0.5,1.0]",0.533475,L2a,False,0.015000,13.0934,VALID,,6383676a3491dc82d70f2db20cdafb942e5c588a
20260760,P1,speed_bias,3.0 m/s,L2b,"AUC(faulted, matched-clean) folded to [0.5,1.0]",0.668675,L2a,False,0.015000,13.0934,VALID,,6383676a3491dc82d70f2db20cdafb942e5c588a
20260760,P1,speed_bias,3.0 m/s,L3,"AUC(faulted, matched-clean) folded to [0.5,1.0]",0.527138,L2a,False,0.015000,13.0934,VALID,,6383676a3491dc82d70f2db20cdafb942e5c588a
20260760,P1,speed_bias,3.0 m/s,L6,"AUC(faulted, matched-clean) folded to [0.5,1.0]",0.544275,L2a,False,0.015000,13.0934,VALID,,6383676a3491dc82d70f2db20cdafb942e5c588a
20260760,P1,speed_bias,3.0 m/s,L7,"AUC(faulted, matched-clean) folded to [0.5,1.0]",0.500000,L2a,False,0.015000,13.0934,VALID,,6383676a3491dc82d70f2db20cdafb942e5c588a
20260760,P1,speed_bias,3.0 m/s,L8,"AUC(faulted, matched-clean) folded to [0.5,1.0]",0.500000,L2a,False,0.015000,13.0934,VALID,,6383676a3491dc82d70f2db20cdafb942e5c588a
20260760,P1,lateral_noise,sigma x25,L1,"AUC(faulted, matched-clean) folded to [0.5,1.0]",0.998275,,False,0.407500,9.9677,VALID,,6383676a3491dc82d70f2db20cdafb942e5c588a
20260760,P1,lateral_noise,sigma x25,L2a,"AUC(faulted, matched-clean) folded to [0.5,1.0]",0.980725,,False,0.407500,9.9677,VALID,,6383676a3491dc82d70f2db20cdafb942e5c588a
20260760,P1,lateral_noise,sigma x25,L2b,"AUC(faulted, matched-clean) folded to [0.5,1.0]",0.846975,,False,0.407500,9.9677,VALID,,6383676a3491dc82d70f2db20cdafb942e5c588a
20260760,P1,lateral_noise,sigma x25,L3,"AUC(faulted, matched-clean) folded to [0.5,1.0]",0.975738,,False,0.407500,9.9677,VALID,,6383676a3491dc82d70f2db20cdafb942e5c588a
20260760,P1,lateral_noise,sigma x25,L6,"AUC(faulted, matched-clean) folded to [0.5,1.0]",0.752225,,False,0.407500,9.9677,VALID,,6383676a3491dc82d70f2db20cdafb942e5c588a
20260760,P1,lateral_noise,sigma x25,L7,"AUC(faulted, matched-clean) folded to [0.5,1.0]",0.892500,,False,0.407500,9.9677,VALID,,6383676a3491dc82d70f2db20cdafb942e5c588a
20260760,P1,lateral_noise,sigma x25,L8,"AUC(faulted, matched-clean) folded to [0.5,1.0]",0.945000,,False,0.407500,9.9677,VALID,,6383676a3491dc82d70f2db20cdafb942e5c588a
20260731,P2,imu_dropout,suppress IMU,L1,"AUC(faulted, matched-clean) folded to [0.5,1.0]",0.997500,L6,False,0.780000,3.8893,VALID,,6383676a3491dc82d70f2db20cdafb942e5c588a
20260731,P2,imu_dropout,suppress IMU,L2a,"AUC(faulted, matched-clean) folded to [0.5,1.0]",0.764475,L6,False,0.780000,3.8893,VALID,,6383676a3491dc82d70f2db20cdafb942e5c588a
20260731,P2,imu_dropout,suppress IMU,L2b,"AUC(faulted, matched-clean) folded to [0.5,1.0]",0.930050,L6,False,0.780000,3.8893,VALID,,6383676a3491dc82d70f2db20cdafb942e5c588a
20260731,P2,imu_dropout,suppress IMU,L3,"AUC(faulted, matched-clean) folded to [0.5,1.0]",0.764412,L6,False,0.780000,3.8893,VALID,,6383676a3491dc82d70f2db20cdafb942e5c588a
20260731,P2,imu_dropout,suppress IMU,L6,"AUC(faulted, matched-clean) folded to [0.5,1.0]",0.532725,L6,False,0.780000,3.8893,VALID,,6383676a3491dc82d70f2db20cdafb942e5c588a
20260731,P2,imu_dropout,suppress IMU,L7,"AUC(faulted, matched-clean) folded to [0.5,1.0]",0.585000,L6,False,0.780000,3.8893,VALID,,6383676a3491dc82d70f2db20cdafb942e5c588a
20260731,P2,imu_dropout,suppress IMU,L8,"AUC(faulted, matched-clean) folded to [0.5,1.0]",0.780000,L6,False,0.780000,3.8893,VALID,,6383676a3491dc82d70f2db20cdafb942e5c588a
20260731,P2,position_bias,1.0 m,L1,"AUC(faulted, matched-clean) folded to [0.5,1.0]",1.000000,L2a,True,0.695000,5.2070,INVALID,ground-truth regeneration (ADR-0033): fault never reached the estimator,6383676a3491dc82d70f2db20cdafb942e5c588a
20260731,P2,position_bias,1.0 m,L2a,"AUC(faulted, matched-clean) folded to [0.5,1.0]",0.500000,L2a,True,0.695000,5.2070,INVALID,ground-truth regeneration (ADR-0033): fault never reached the estimator,6383676a3491dc82d70f2db20cdafb942e5c588a
20260731,P2,position_bias,1.0 m,L2b,"AUC(faulted, matched-clean) folded to [0.5,1.0]",0.500000,L2a,True,0.695000,5.2070,INVALID,ground-truth regeneration (ADR-0033): fault never reached the estimator,6383676a3491dc82d70f2db20cdafb942e5c588a
20260731,P2,position_bias,1.0 m,L3,"AUC(faulted, matched-clean) folded to [0.5,1.0]",0.500000,L2a,True,0.695000,5.2070,INVALID,ground-truth regeneration (ADR-0033): fault never reached the estimator,6383676a3491dc82d70f2db20cdafb942e5c588a
20260731,P2,position_bias,1.0 m,L6,"AUC(faulted, matched-clean) folded to [0.5,1.0]",0.500000,L2a,True,0.695000,5.2070,INVALID,ground-truth regeneration (ADR-0033): fault never reached the estimator,6383676a3491dc82d70f2db20cdafb942e5c588a
20260731,P2,position_bias,1.0 m,L7,"AUC(faulted, matched-clean) folded to [0.5,1.0]",0.500000,L2a,True,0.695000,5.2070,INVALID,ground-truth regeneration (ADR-0033): fault never reached the estimator,6383676a3491dc82d70f2db20cdafb942e5c588a
20260731,P2,position_bias,1.0 m,L8,"AUC(faulted, matched-clean) folded to [0.5,1.0]",0.500000,L2a,True,0.695000,5.2070,INVALID,ground-truth regeneration (ADR-0033): fault never reached the estimator,6383676a3491dc82d70f2db20cdafb942e5c588a
20260731,P2,position_drift,2.0 m final,L1,"AUC(faulted, matched-clean) folded to [0.5,1.0]",0.967337,L2a,True,0.695000,5.2070,INVALID,ground-truth regeneration (ADR-0033): fault never reached the estimator,6383676a3491dc82d70f2db20cdafb942e5c588a
20260731,P2,position_drift,2.0 m final,L2a,"AUC(faulted, matched-clean) folded to [0.5,1.0]",0.500000,L2a,True,0.695000,5.2070,INVALID,ground-truth regeneration (ADR-0033): fault never reached the estimator,6383676a3491dc82d70f2db20cdafb942e5c588a
20260731,P2,position_drift,2.0 m final,L2b,"AUC(faulted, matched-clean) folded to [0.5,1.0]",0.500000,L2a,True,0.695000,5.2070,INVALID,ground-truth regeneration (ADR-0033): fault never reached the estimator,6383676a3491dc82d70f2db20cdafb942e5c588a
20260731,P2,position_drift,2.0 m final,L3,"AUC(faulted, matched-clean) folded to [0.5,1.0]",0.500000,L2a,True,0.695000,5.2070,INVALID,ground-truth regeneration (ADR-0033): fault never reached the estimator,6383676a3491dc82d70f2db20cdafb942e5c588a
20260731,P2,position_drift,2.0 m final,L6,"AUC(faulted, matched-clean) folded to [0.5,1.0]",0.500000,L2a,True,0.695000,5.2070,INVALID,ground-truth regeneration (ADR-0033): fault never reached the estimator,6383676a3491dc82d70f2db20cdafb942e5c588a
20260731,P2,position_drift,2.0 m final,L7,"AUC(faulted, matched-clean) folded to [0.5,1.0]",0.500000,L2a,True,0.695000,5.2070,INVALID,ground-truth regeneration (ADR-0033): fault never reached the estimator,6383676a3491dc82d70f2db20cdafb942e5c588a
20260731,P2,position_drift,2.0 m final,L8,"AUC(faulted, matched-clean) folded to [0.5,1.0]",0.500000,L2a,True,0.695000,5.2070,INVALID,ground-truth regeneration (ADR-0033): fault never reached the estimator,6383676a3491dc82d70f2db20cdafb942e5c588a
20260731,P2,speed_stuck,hold,L1,"AUC(faulted, matched-clean) folded to [0.5,1.0]",0.667500,L2b,False,0.645000,8.2013,VALID,,6383676a3491dc82d70f2db20cdafb942e5c588a
20260731,P2,speed_stuck,hold,L2a,"AUC(faulted, matched-clean) folded to [0.5,1.0]",0.905138,L2b,False,0.645000,8.2013,VALID,,6383676a3491dc82d70f2db20cdafb942e5c588a
20260731,P2,speed_stuck,hold,L2b,"AUC(faulted, matched-clean) folded to [0.5,1.0]",0.504988,L2b,False,0.645000,8.2013,VALID,,6383676a3491dc82d70f2db20cdafb942e5c588a
20260731,P2,speed_stuck,hold,L3,"AUC(faulted, matched-clean) folded to [0.5,1.0]",0.905012,L2b,False,0.645000,8.2013,VALID,,6383676a3491dc82d70f2db20cdafb942e5c588a
20260731,P2,speed_stuck,hold,L6,"AUC(faulted, matched-clean) folded to [0.5,1.0]",0.563763,L2b,False,0.645000,8.2013,VALID,,6383676a3491dc82d70f2db20cdafb942e5c588a
20260731,P2,speed_stuck,hold,L7,"AUC(faulted, matched-clean) folded to [0.5,1.0]",0.550000,L2b,False,0.645000,8.2013,VALID,,6383676a3491dc82d70f2db20cdafb942e5c588a
20260731,P2,speed_stuck,hold,L8,"AUC(faulted, matched-clean) folded to [0.5,1.0]",0.530000,L2b,False,0.645000,8.2013,VALID,,6383676a3491dc82d70f2db20cdafb942e5c588a
20260731,P2,speed_bias,3.0 m/s,L1,"AUC(faulted, matched-clean) folded to [0.5,1.0]",0.531950,L1,True,0.627500,4.0702,VALID,,6383676a3491dc82d70f2db20cdafb942e5c588a
20260731,P2,speed_bias,3.0 m/s,L2a,"AUC(faulted, matched-clean) folded to [0.5,1.0]",0.561500,L1,True,0.627500,4.0702,VALID,,6383676a3491dc82d70f2db20cdafb942e5c588a
20260731,P2,speed_bias,3.0 m/s,L2b,"AUC(faulted, matched-clean) folded to [0.5,1.0]",0.513725,L1,True,0.627500,4.0702,VALID,,6383676a3491dc82d70f2db20cdafb942e5c588a
20260731,P2,speed_bias,3.0 m/s,L3,"AUC(faulted, matched-clean) folded to [0.5,1.0]",0.566500,L1,True,0.627500,4.0702,VALID,,6383676a3491dc82d70f2db20cdafb942e5c588a
20260731,P2,speed_bias,3.0 m/s,L6,"AUC(faulted, matched-clean) folded to [0.5,1.0]",0.529900,L1,True,0.627500,4.0702,VALID,,6383676a3491dc82d70f2db20cdafb942e5c588a
20260731,P2,speed_bias,3.0 m/s,L7,"AUC(faulted, matched-clean) folded to [0.5,1.0]",0.567500,L1,True,0.627500,4.0702,VALID,,6383676a3491dc82d70f2db20cdafb942e5c588a
20260731,P2,speed_bias,3.0 m/s,L8,"AUC(faulted, matched-clean) folded to [0.5,1.0]",0.525000,L1,True,0.627500,4.0702,VALID,,6383676a3491dc82d70f2db20cdafb942e5c588a
20260731,P2,lateral_noise,sigma x25,L1,"AUC(faulted, matched-clean) folded to [0.5,1.0]",0.850275,,False,0.845000,3.6577,VALID,,6383676a3491dc82d70f2db20cdafb942e5c588a
20260731,P2,lateral_noise,sigma x25,L2a,"AUC(faulted, matched-clean) folded to [0.5,1.0]",0.758425,,False,0.845000,3.6577,VALID,,6383676a3491dc82d70f2db20cdafb942e5c588a
20260731,P2,lateral_noise,sigma x25,L2b,"AUC(faulted, matched-clean) folded to [0.5,1.0]",0.886650,,False,0.845000,3.6577,VALID,,6383676a3491dc82d70f2db20cdafb942e5c588a
20260731,P2,lateral_noise,sigma x25,L3,"AUC(faulted, matched-clean) folded to [0.5,1.0]",0.753287,,False,0.845000,3.6577,VALID,,6383676a3491dc82d70f2db20cdafb942e5c588a
20260731,P2,lateral_noise,sigma x25,L6,"AUC(faulted, matched-clean) folded to [0.5,1.0]",0.871900,,False,0.845000,3.6577,VALID,,6383676a3491dc82d70f2db20cdafb942e5c588a
20260731,P2,lateral_noise,sigma x25,L7,"AUC(faulted, matched-clean) folded to [0.5,1.0]",0.650000,,False,0.845000,3.6577,VALID,,6383676a3491dc82d70f2db20cdafb942e5c588a
20260731,P2,lateral_noise,sigma x25,L8,"AUC(faulted, matched-clean) folded to [0.5,1.0]",0.785000,,False,0.845000,3.6577,VALID,,6383676a3491dc82d70f2db20cdafb942e5c588a
20260732,P2,imu_dropout,suppress IMU,L1,"AUC(faulted, matched-clean) folded to [0.5,1.0]",0.997500,L6,False,0.842500,3.9555,VALID,,6383676a3491dc82d70f2db20cdafb942e5c588a
20260732,P2,imu_dropout,suppress IMU,L2a,"AUC(faulted, matched-clean) folded to [0.5,1.0]",0.785000,L6,False,0.842500,3.9555,VALID,,6383676a3491dc82d70f2db20cdafb942e5c588a
20260732,P2,imu_dropout,suppress IMU,L2b,"AUC(faulted, matched-clean) folded to [0.5,1.0]",0.970450,L6,False,0.842500,3.9555,VALID,,6383676a3491dc82d70f2db20cdafb942e5c588a
20260732,P2,imu_dropout,suppress IMU,L3,"AUC(faulted, matched-clean) folded to [0.5,1.0]",0.785000,L6,False,0.842500,3.9555,VALID,,6383676a3491dc82d70f2db20cdafb942e5c588a
20260732,P2,imu_dropout,suppress IMU,L6,"AUC(faulted, matched-clean) folded to [0.5,1.0]",0.583525,L6,False,0.842500,3.9555,VALID,,6383676a3491dc82d70f2db20cdafb942e5c588a
20260732,P2,imu_dropout,suppress IMU,L7,"AUC(faulted, matched-clean) folded to [0.5,1.0]",0.640000,L6,False,0.842500,3.9555,VALID,,6383676a3491dc82d70f2db20cdafb942e5c588a
20260732,P2,imu_dropout,suppress IMU,L8,"AUC(faulted, matched-clean) folded to [0.5,1.0]",0.775000,L6,False,0.842500,3.9555,VALID,,6383676a3491dc82d70f2db20cdafb942e5c588a
20260732,P2,position_bias,1.0 m,L1,"AUC(faulted, matched-clean) folded to [0.5,1.0]",1.000000,L2a,True,0.702500,5.2238,INVALID,ground-truth regeneration (ADR-0033): fault never reached the estimator,6383676a3491dc82d70f2db20cdafb942e5c588a
20260732,P2,position_bias,1.0 m,L2a,"AUC(faulted, matched-clean) folded to [0.5,1.0]",0.500000,L2a,True,0.702500,5.2238,INVALID,ground-truth regeneration (ADR-0033): fault never reached the estimator,6383676a3491dc82d70f2db20cdafb942e5c588a
20260732,P2,position_bias,1.0 m,L2b,"AUC(faulted, matched-clean) folded to [0.5,1.0]",0.500000,L2a,True,0.702500,5.2238,INVALID,ground-truth regeneration (ADR-0033): fault never reached the estimator,6383676a3491dc82d70f2db20cdafb942e5c588a
20260732,P2,position_bias,1.0 m,L3,"AUC(faulted, matched-clean) folded to [0.5,1.0]",0.500000,L2a,True,0.702500,5.2238,INVALID,ground-truth regeneration (ADR-0033): fault never reached the estimator,6383676a3491dc82d70f2db20cdafb942e5c588a
20260732,P2,position_bias,1.0 m,L6,"AUC(faulted, matched-clean) folded to [0.5,1.0]",0.500000,L2a,True,0.702500,5.2238,INVALID,ground-truth regeneration (ADR-0033): fault never reached the estimator,6383676a3491dc82d70f2db20cdafb942e5c588a
20260732,P2,position_bias,1.0 m,L7,"AUC(faulted, matched-clean) folded to [0.5,1.0]",0.500000,L2a,True,0.702500,5.2238,INVALID,ground-truth regeneration (ADR-0033): fault never reached the estimator,6383676a3491dc82d70f2db20cdafb942e5c588a
20260732,P2,position_bias,1.0 m,L8,"AUC(faulted, matched-clean) folded to [0.5,1.0]",0.500000,L2a,True,0.702500,5.2238,INVALID,ground-truth regeneration (ADR-0033): fault never reached the estimator,6383676a3491dc82d70f2db20cdafb942e5c588a
20260732,P2,position_drift,2.0 m final,L1,"AUC(faulted, matched-clean) folded to [0.5,1.0]",0.964612,L2a,True,0.702500,5.2238,INVALID,ground-truth regeneration (ADR-0033): fault never reached the estimator,6383676a3491dc82d70f2db20cdafb942e5c588a
20260732,P2,position_drift,2.0 m final,L2a,"AUC(faulted, matched-clean) folded to [0.5,1.0]",0.500000,L2a,True,0.702500,5.2238,INVALID,ground-truth regeneration (ADR-0033): fault never reached the estimator,6383676a3491dc82d70f2db20cdafb942e5c588a
20260732,P2,position_drift,2.0 m final,L2b,"AUC(faulted, matched-clean) folded to [0.5,1.0]",0.500000,L2a,True,0.702500,5.2238,INVALID,ground-truth regeneration (ADR-0033): fault never reached the estimator,6383676a3491dc82d70f2db20cdafb942e5c588a
20260732,P2,position_drift,2.0 m final,L3,"AUC(faulted, matched-clean) folded to [0.5,1.0]",0.500000,L2a,True,0.702500,5.2238,INVALID,ground-truth regeneration (ADR-0033): fault never reached the estimator,6383676a3491dc82d70f2db20cdafb942e5c588a
20260732,P2,position_drift,2.0 m final,L6,"AUC(faulted, matched-clean) folded to [0.5,1.0]",0.500000,L2a,True,0.702500,5.2238,INVALID,ground-truth regeneration (ADR-0033): fault never reached the estimator,6383676a3491dc82d70f2db20cdafb942e5c588a
20260732,P2,position_drift,2.0 m final,L7,"AUC(faulted, matched-clean) folded to [0.5,1.0]",0.500000,L2a,True,0.702500,5.2238,INVALID,ground-truth regeneration (ADR-0033): fault never reached the estimator,6383676a3491dc82d70f2db20cdafb942e5c588a
20260732,P2,position_drift,2.0 m final,L8,"AUC(faulted, matched-clean) folded to [0.5,1.0]",0.500000,L2a,True,0.702500,5.2238,INVALID,ground-truth regeneration (ADR-0033): fault never reached the estimator,6383676a3491dc82d70f2db20cdafb942e5c588a
20260732,P2,speed_stuck,hold,L1,"AUC(faulted, matched-clean) folded to [0.5,1.0]",0.927500,L6,False,0.612500,3.3963,VALID,,6383676a3491dc82d70f2db20cdafb942e5c588a
20260732,P2,speed_stuck,hold,L2a,"AUC(faulted, matched-clean) folded to [0.5,1.0]",0.877463,L6,False,0.612500,3.3963,VALID,,6383676a3491dc82d70f2db20cdafb942e5c588a
20260732,P2,speed_stuck,hold,L2b,"AUC(faulted, matched-clean) folded to [0.5,1.0]",0.677262,L6,False,0.612500,3.3963,VALID,,6383676a3491dc82d70f2db20cdafb942e5c588a
20260732,P2,speed_stuck,hold,L3,"AUC(faulted, matched-clean) folded to [0.5,1.0]",0.878012,L6,False,0.612500,3.3963,VALID,,6383676a3491dc82d70f2db20cdafb942e5c588a
20260732,P2,speed_stuck,hold,L6,"AUC(faulted, matched-clean) folded to [0.5,1.0]",0.558562,L6,False,0.612500,3.3963,VALID,,6383676a3491dc82d70f2db20cdafb942e5c588a
20260732,P2,speed_stuck,hold,L7,"AUC(faulted, matched-clean) folded to [0.5,1.0]",0.590000,L6,False,0.612500,3.3963,VALID,,6383676a3491dc82d70f2db20cdafb942e5c588a
20260732,P2,speed_stuck,hold,L8,"AUC(faulted, matched-clean) folded to [0.5,1.0]",0.610000,L6,False,0.612500,3.3963,VALID,,6383676a3491dc82d70f2db20cdafb942e5c588a
20260732,P2,speed_bias,3.0 m/s,L1,"AUC(faulted, matched-clean) folded to [0.5,1.0]",0.552000,L1,True,0.635000,4.1460,VALID,,6383676a3491dc82d70f2db20cdafb942e5c588a
20260732,P2,speed_bias,3.0 m/s,L2a,"AUC(faulted, matched-clean) folded to [0.5,1.0]",0.530325,L1,True,0.635000,4.1460,VALID,,6383676a3491dc82d70f2db20cdafb942e5c588a
20260732,P2,speed_bias,3.0 m/s,L2b,"AUC(faulted, matched-clean) folded to [0.5,1.0]",0.530000,L1,True,0.635000,4.1460,VALID,,6383676a3491dc82d70f2db20cdafb942e5c588a
20260732,P2,speed_bias,3.0 m/s,L3,"AUC(faulted, matched-clean) folded to [0.5,1.0]",0.535300,L1,True,0.635000,4.1460,VALID,,6383676a3491dc82d70f2db20cdafb942e5c588a
20260732,P2,speed_bias,3.0 m/s,L6,"AUC(faulted, matched-clean) folded to [0.5,1.0]",0.541575,L1,True,0.635000,4.1460,VALID,,6383676a3491dc82d70f2db20cdafb942e5c588a
20260732,P2,speed_bias,3.0 m/s,L7,"AUC(faulted, matched-clean) folded to [0.5,1.0]",0.567500,L1,True,0.635000,4.1460,VALID,,6383676a3491dc82d70f2db20cdafb942e5c588a
20260732,P2,speed_bias,3.0 m/s,L8,"AUC(faulted, matched-clean) folded to [0.5,1.0]",0.510000,L1,True,0.635000,4.1460,VALID,,6383676a3491dc82d70f2db20cdafb942e5c588a
20260732,P2,lateral_noise,sigma x25,L1,"AUC(faulted, matched-clean) folded to [0.5,1.0]",0.896225,L7,False,0.790000,3.8652,VALID,,6383676a3491dc82d70f2db20cdafb942e5c588a
20260732,P2,lateral_noise,sigma x25,L2a,"AUC(faulted, matched-clean) folded to [0.5,1.0]",0.797450,L7,False,0.790000,3.8652,VALID,,6383676a3491dc82d70f2db20cdafb942e5c588a
20260732,P2,lateral_noise,sigma x25,L2b,"AUC(faulted, matched-clean) folded to [0.5,1.0]",0.887212,L7,False,0.790000,3.8652,VALID,,6383676a3491dc82d70f2db20cdafb942e5c588a
20260732,P2,lateral_noise,sigma x25,L3,"AUC(faulted, matched-clean) folded to [0.5,1.0]",0.798088,L7,False,0.790000,3.8652,VALID,,6383676a3491dc82d70f2db20cdafb942e5c588a
20260732,P2,lateral_noise,sigma x25,L6,"AUC(faulted, matched-clean) folded to [0.5,1.0]",0.718600,L7,False,0.790000,3.8652,VALID,,6383676a3491dc82d70f2db20cdafb942e5c588a
20260732,P2,lateral_noise,sigma x25,L7,"AUC(faulted, matched-clean) folded to [0.5,1.0]",0.587500,L7,False,0.790000,3.8652,VALID,,6383676a3491dc82d70f2db20cdafb942e5c588a
20260732,P2,lateral_noise,sigma x25,L8,"AUC(faulted, matched-clean) folded to [0.5,1.0]",0.750000,L7,False,0.790000,3.8652,VALID,,6383676a3491dc82d70f2db20cdafb942e5c588a
20260733,P2,imu_dropout,suppress IMU,L1,"AUC(faulted, matched-clean) folded to [0.5,1.0]",0.997500,L7,True,0.877500,3.4576,VALID,,6383676a3491dc82d70f2db20cdafb942e5c588a
20260733,P2,imu_dropout,suppress IMU,L2a,"AUC(faulted, matched-clean) folded to [0.5,1.0]",0.950000,L7,True,0.877500,3.4576,VALID,,6383676a3491dc82d70f2db20cdafb942e5c588a
20260733,P2,imu_dropout,suppress IMU,L2b,"AUC(faulted, matched-clean) folded to [0.5,1.0]",0.993550,L7,True,0.877500,3.4576,VALID,,6383676a3491dc82d70f2db20cdafb942e5c588a
20260733,P2,imu_dropout,suppress IMU,L3,"AUC(faulted, matched-clean) folded to [0.5,1.0]",0.952250,L7,True,0.877500,3.4576,VALID,,6383676a3491dc82d70f2db20cdafb942e5c588a
20260733,P2,imu_dropout,suppress IMU,L6,"AUC(faulted, matched-clean) folded to [0.5,1.0]",0.975350,L7,True,0.877500,3.4576,VALID,,6383676a3491dc82d70f2db20cdafb942e5c588a
20260733,P2,imu_dropout,suppress IMU,L7,"AUC(faulted, matched-clean) folded to [0.5,1.0]",0.507500,L7,True,0.877500,3.4576,VALID,,6383676a3491dc82d70f2db20cdafb942e5c588a
20260733,P2,imu_dropout,suppress IMU,L8,"AUC(faulted, matched-clean) folded to [0.5,1.0]",0.500000,L7,True,0.877500,3.4576,VALID,,6383676a3491dc82d70f2db20cdafb942e5c588a
20260733,P2,position_bias,1.0 m,L1,"AUC(faulted, matched-clean) folded to [0.5,1.0]",1.000000,L2a,True,0.870000,3.4619,INVALID,ground-truth regeneration (ADR-0033): fault never reached the estimator,6383676a3491dc82d70f2db20cdafb942e5c588a
20260733,P2,position_bias,1.0 m,L2a,"AUC(faulted, matched-clean) folded to [0.5,1.0]",0.500000,L2a,True,0.870000,3.4619,INVALID,ground-truth regeneration (ADR-0033): fault never reached the estimator,6383676a3491dc82d70f2db20cdafb942e5c588a
20260733,P2,position_bias,1.0 m,L2b,"AUC(faulted, matched-clean) folded to [0.5,1.0]",0.500000,L2a,True,0.870000,3.4619,INVALID,ground-truth regeneration (ADR-0033): fault never reached the estimator,6383676a3491dc82d70f2db20cdafb942e5c588a
20260733,P2,position_bias,1.0 m,L3,"AUC(faulted, matched-clean) folded to [0.5,1.0]",0.500000,L2a,True,0.870000,3.4619,INVALID,ground-truth regeneration (ADR-0033): fault never reached the estimator,6383676a3491dc82d70f2db20cdafb942e5c588a
20260733,P2,position_bias,1.0 m,L6,"AUC(faulted, matched-clean) folded to [0.5,1.0]",0.500000,L2a,True,0.870000,3.4619,INVALID,ground-truth regeneration (ADR-0033): fault never reached the estimator,6383676a3491dc82d70f2db20cdafb942e5c588a
20260733,P2,position_bias,1.0 m,L7,"AUC(faulted, matched-clean) folded to [0.5,1.0]",0.500000,L2a,True,0.870000,3.4619,INVALID,ground-truth regeneration (ADR-0033): fault never reached the estimator,6383676a3491dc82d70f2db20cdafb942e5c588a
20260733,P2,position_bias,1.0 m,L8,"AUC(faulted, matched-clean) folded to [0.5,1.0]",0.500000,L2a,True,0.870000,3.4619,INVALID,ground-truth regeneration (ADR-0033): fault never reached the estimator,6383676a3491dc82d70f2db20cdafb942e5c588a
20260733,P2,position_drift,2.0 m final,L1,"AUC(faulted, matched-clean) folded to [0.5,1.0]",0.966712,L2a,True,0.870000,3.4619,INVALID,ground-truth regeneration (ADR-0033): fault never reached the estimator,6383676a3491dc82d70f2db20cdafb942e5c588a
20260733,P2,position_drift,2.0 m final,L2a,"AUC(faulted, matched-clean) folded to [0.5,1.0]",0.500000,L2a,True,0.870000,3.4619,INVALID,ground-truth regeneration (ADR-0033): fault never reached the estimator,6383676a3491dc82d70f2db20cdafb942e5c588a
20260733,P2,position_drift,2.0 m final,L2b,"AUC(faulted, matched-clean) folded to [0.5,1.0]",0.500000,L2a,True,0.870000,3.4619,INVALID,ground-truth regeneration (ADR-0033): fault never reached the estimator,6383676a3491dc82d70f2db20cdafb942e5c588a
20260733,P2,position_drift,2.0 m final,L3,"AUC(faulted, matched-clean) folded to [0.5,1.0]",0.500000,L2a,True,0.870000,3.4619,INVALID,ground-truth regeneration (ADR-0033): fault never reached the estimator,6383676a3491dc82d70f2db20cdafb942e5c588a
20260733,P2,position_drift,2.0 m final,L6,"AUC(faulted, matched-clean) folded to [0.5,1.0]",0.500000,L2a,True,0.870000,3.4619,INVALID,ground-truth regeneration (ADR-0033): fault never reached the estimator,6383676a3491dc82d70f2db20cdafb942e5c588a
20260733,P2,position_drift,2.0 m final,L7,"AUC(faulted, matched-clean) folded to [0.5,1.0]",0.500000,L2a,True,0.870000,3.4619,INVALID,ground-truth regeneration (ADR-0033): fault never reached the estimator,6383676a3491dc82d70f2db20cdafb942e5c588a
20260733,P2,position_drift,2.0 m final,L8,"AUC(faulted, matched-clean) folded to [0.5,1.0]",0.500000,L2a,True,0.870000,3.4619,INVALID,ground-truth regeneration (ADR-0033): fault never reached the estimator,6383676a3491dc82d70f2db20cdafb942e5c588a
20260733,P2,speed_stuck,hold,L1,"AUC(faulted, matched-clean) folded to [0.5,1.0]",0.997500,L2b,False,0.667500,3.4576,VALID,,6383676a3491dc82d70f2db20cdafb942e5c588a
20260733,P2,speed_stuck,hold,L2a,"AUC(faulted, matched-clean) folded to [0.5,1.0]",0.676887,L2b,False,0.667500,3.4576,VALID,,6383676a3491dc82d70f2db20cdafb942e5c588a
20260733,P2,speed_stuck,hold,L2b,"AUC(faulted, matched-clean) folded to [0.5,1.0]",0.532312,L2b,False,0.667500,3.4576,VALID,,6383676a3491dc82d70f2db20cdafb942e5c588a
20260733,P2,speed_stuck,hold,L3,"AUC(faulted, matched-clean) folded to [0.5,1.0]",0.676887,L2b,False,0.667500,3.4576,VALID,,6383676a3491dc82d70f2db20cdafb942e5c588a
20260733,P2,speed_stuck,hold,L6,"AUC(faulted, matched-clean) folded to [0.5,1.0]",0.984912,L2b,False,0.667500,3.4576,VALID,,6383676a3491dc82d70f2db20cdafb942e5c588a
20260733,P2,speed_stuck,hold,L7,"AUC(faulted, matched-clean) folded to [0.5,1.0]",0.702500,L2b,False,0.667500,3.4576,VALID,,6383676a3491dc82d70f2db20cdafb942e5c588a
20260733,P2,speed_stuck,hold,L8,"AUC(faulted, matched-clean) folded to [0.5,1.0]",0.500000,L2b,False,0.667500,3.4576,VALID,,6383676a3491dc82d70f2db20cdafb942e5c588a
20260733,P2,speed_bias,3.0 m/s,L1,"AUC(faulted, matched-clean) folded to [0.5,1.0]",0.990425,L2b,False,0.667500,3.4576,VALID,,6383676a3491dc82d70f2db20cdafb942e5c588a
20260733,P2,speed_bias,3.0 m/s,L2a,"AUC(faulted, matched-clean) folded to [0.5,1.0]",0.610400,L2b,False,0.667500,3.4576,VALID,,6383676a3491dc82d70f2db20cdafb942e5c588a
20260733,P2,speed_bias,3.0 m/s,L2b,"AUC(faulted, matched-clean) folded to [0.5,1.0]",0.506625,L2b,False,0.667500,3.4576,VALID,,6383676a3491dc82d70f2db20cdafb942e5c588a
20260733,P2,speed_bias,3.0 m/s,L3,"AUC(faulted, matched-clean) folded to [0.5,1.0]",0.615187,L2b,False,0.667500,3.4576,VALID,,6383676a3491dc82d70f2db20cdafb942e5c588a
20260733,P2,speed_bias,3.0 m/s,L6,"AUC(faulted, matched-clean) folded to [0.5,1.0]",0.982950,L2b,False,0.667500,3.4576,VALID,,6383676a3491dc82d70f2db20cdafb942e5c588a
20260733,P2,speed_bias,3.0 m/s,L7,"AUC(faulted, matched-clean) folded to [0.5,1.0]",0.702500,L2b,False,0.667500,3.4576,VALID,,6383676a3491dc82d70f2db20cdafb942e5c588a
20260733,P2,speed_bias,3.0 m/s,L8,"AUC(faulted, matched-clean) folded to [0.5,1.0]",0.500000,L2b,False,0.667500,3.4576,VALID,,6383676a3491dc82d70f2db20cdafb942e5c588a
20260733,P2,lateral_noise,sigma x25,L1,"AUC(faulted, matched-clean) folded to [0.5,1.0]",0.996875,L7,True,0.877500,3.4619,VALID,,6383676a3491dc82d70f2db20cdafb942e5c588a
20260733,P2,lateral_noise,sigma x25,L2a,"AUC(faulted, matched-clean) folded to [0.5,1.0]",0.948775,L7,True,0.877500,3.4619,VALID,,6383676a3491dc82d70f2db20cdafb942e5c588a
20260733,P2,lateral_noise,sigma x25,L2b,"AUC(faulted, matched-clean) folded to [0.5,1.0]",0.959275,L7,True,0.877500,3.4619,VALID,,6383676a3491dc82d70f2db20cdafb942e5c588a
20260733,P2,lateral_noise,sigma x25,L3,"AUC(faulted, matched-clean) folded to [0.5,1.0]",0.948375,L7,True,0.877500,3.4619,VALID,,6383676a3491dc82d70f2db20cdafb942e5c588a
20260733,P2,lateral_noise,sigma x25,L6,"AUC(faulted, matched-clean) folded to [0.5,1.0]",0.965975,L7,True,0.877500,3.4619,VALID,,6383676a3491dc82d70f2db20cdafb942e5c588a
20260733,P2,lateral_noise,sigma x25,L7,"AUC(faulted, matched-clean) folded to [0.5,1.0]",0.507500,L7,True,0.877500,3.4619,VALID,,6383676a3491dc82d70f2db20cdafb942e5c588a
20260733,P2,lateral_noise,sigma x25,L8,"AUC(faulted, matched-clean) folded to [0.5,1.0]",0.500000,L7,True,0.877500,3.4619,VALID,,6383676a3491dc82d70f2db20cdafb942e5c588a
20260734,P2,imu_dropout,suppress IMU,L1,"AUC(faulted, matched-clean) folded to [0.5,1.0]",0.997500,L2a,False,0.960000,2.5816,VALID,,6383676a3491dc82d70f2db20cdafb942e5c588a
20260734,P2,imu_dropout,suppress IMU,L2a,"AUC(faulted, matched-clean) folded to [0.5,1.0]",0.502900,L2a,False,0.960000,2.5816,VALID,,6383676a3491dc82d70f2db20cdafb942e5c588a
20260734,P2,imu_dropout,suppress IMU,L2b,"AUC(faulted, matched-clean) folded to [0.5,1.0]",0.917375,L2a,False,0.960000,2.5816,VALID,,6383676a3491dc82d70f2db20cdafb942e5c588a
20260734,P2,imu_dropout,suppress IMU,L3,"AUC(faulted, matched-clean) folded to [0.5,1.0]",0.502138,L2a,False,0.960000,2.5816,VALID,,6383676a3491dc82d70f2db20cdafb942e5c588a
20260734,P2,imu_dropout,suppress IMU,L6,"AUC(faulted, matched-clean) folded to [0.5,1.0]",0.856175,L2a,False,0.960000,2.5816,VALID,,6383676a3491dc82d70f2db20cdafb942e5c588a
20260734,P2,imu_dropout,suppress IMU,L7,"AUC(faulted, matched-clean) folded to [0.5,1.0]",0.500000,L2a,False,0.960000,2.5816,VALID,,6383676a3491dc82d70f2db20cdafb942e5c588a
20260734,P2,imu_dropout,suppress IMU,L8,"AUC(faulted, matched-clean) folded to [0.5,1.0]",0.500000,L2a,False,0.960000,2.5816,VALID,,6383676a3491dc82d70f2db20cdafb942e5c588a
20260734,P2,position_bias,1.0 m,L1,"AUC(faulted, matched-clean) folded to [0.5,1.0]",1.000000,L2a,True,0.960000,2.5857,INVALID,ground-truth regeneration (ADR-0033): fault never reached the estimator,6383676a3491dc82d70f2db20cdafb942e5c588a
20260734,P2,position_bias,1.0 m,L2a,"AUC(faulted, matched-clean) folded to [0.5,1.0]",0.500000,L2a,True,0.960000,2.5857,INVALID,ground-truth regeneration (ADR-0033): fault never reached the estimator,6383676a3491dc82d70f2db20cdafb942e5c588a
20260734,P2,position_bias,1.0 m,L2b,"AUC(faulted, matched-clean) folded to [0.5,1.0]",0.500000,L2a,True,0.960000,2.5857,INVALID,ground-truth regeneration (ADR-0033): fault never reached the estimator,6383676a3491dc82d70f2db20cdafb942e5c588a
20260734,P2,position_bias,1.0 m,L3,"AUC(faulted, matched-clean) folded to [0.5,1.0]",0.500000,L2a,True,0.960000,2.5857,INVALID,ground-truth regeneration (ADR-0033): fault never reached the estimator,6383676a3491dc82d70f2db20cdafb942e5c588a
20260734,P2,position_bias,1.0 m,L6,"AUC(faulted, matched-clean) folded to [0.5,1.0]",0.500000,L2a,True,0.960000,2.5857,INVALID,ground-truth regeneration (ADR-0033): fault never reached the estimator,6383676a3491dc82d70f2db20cdafb942e5c588a
20260734,P2,position_bias,1.0 m,L7,"AUC(faulted, matched-clean) folded to [0.5,1.0]",0.500000,L2a,True,0.960000,2.5857,INVALID,ground-truth regeneration (ADR-0033): fault never reached the estimator,6383676a3491dc82d70f2db20cdafb942e5c588a
20260734,P2,position_bias,1.0 m,L8,"AUC(faulted, matched-clean) folded to [0.5,1.0]",0.500000,L2a,True,0.960000,2.5857,INVALID,ground-truth regeneration (ADR-0033): fault never reached the estimator,6383676a3491dc82d70f2db20cdafb942e5c588a
20260734,P2,position_drift,2.0 m final,L1,"AUC(faulted, matched-clean) folded to [0.5,1.0]",0.975688,L2a,True,0.960000,2.5857,INVALID,ground-truth regeneration (ADR-0033): fault never reached the estimator,6383676a3491dc82d70f2db20cdafb942e5c588a
20260734,P2,position_drift,2.0 m final,L2a,"AUC(faulted, matched-clean) folded to [0.5,1.0]",0.500000,L2a,True,0.960000,2.5857,INVALID,ground-truth regeneration (ADR-0033): fault never reached the estimator,6383676a3491dc82d70f2db20cdafb942e5c588a
20260734,P2,position_drift,2.0 m final,L2b,"AUC(faulted, matched-clean) folded to [0.5,1.0]",0.500000,L2a,True,0.960000,2.5857,INVALID,ground-truth regeneration (ADR-0033): fault never reached the estimator,6383676a3491dc82d70f2db20cdafb942e5c588a
20260734,P2,position_drift,2.0 m final,L3,"AUC(faulted, matched-clean) folded to [0.5,1.0]",0.500000,L2a,True,0.960000,2.5857,INVALID,ground-truth regeneration (ADR-0033): fault never reached the estimator,6383676a3491dc82d70f2db20cdafb942e5c588a
20260734,P2,position_drift,2.0 m final,L6,"AUC(faulted, matched-clean) folded to [0.5,1.0]",0.500000,L2a,True,0.960000,2.5857,INVALID,ground-truth regeneration (ADR-0033): fault never reached the estimator,6383676a3491dc82d70f2db20cdafb942e5c588a
20260734,P2,position_drift,2.0 m final,L7,"AUC(faulted, matched-clean) folded to [0.5,1.0]",0.500000,L2a,True,0.960000,2.5857,INVALID,ground-truth regeneration (ADR-0033): fault never reached the estimator,6383676a3491dc82d70f2db20cdafb942e5c588a
20260734,P2,position_drift,2.0 m final,L8,"AUC(faulted, matched-clean) folded to [0.5,1.0]",0.500000,L2a,True,0.960000,2.5857,INVALID,ground-truth regeneration (ADR-0033): fault never reached the estimator,6383676a3491dc82d70f2db20cdafb942e5c588a
20260734,P2,speed_stuck,hold,L1,"AUC(faulted, matched-clean) folded to [0.5,1.0]",0.967500,L2a,False,0.960000,4.0891,VALID,,6383676a3491dc82d70f2db20cdafb942e5c588a
20260734,P2,speed_stuck,hold,L2a,"AUC(faulted, matched-clean) folded to [0.5,1.0]",0.549913,L2a,False,0.960000,4.0891,VALID,,6383676a3491dc82d70f2db20cdafb942e5c588a
20260734,P2,speed_stuck,hold,L2b,"AUC(faulted, matched-clean) folded to [0.5,1.0]",0.922238,L2a,False,0.960000,4.0891,VALID,,6383676a3491dc82d70f2db20cdafb942e5c588a
20260734,P2,speed_stuck,hold,L3,"AUC(faulted, matched-clean) folded to [0.5,1.0]",0.550025,L2a,False,0.960000,4.0891,VALID,,6383676a3491dc82d70f2db20cdafb942e5c588a
20260734,P2,speed_stuck,hold,L6,"AUC(faulted, matched-clean) folded to [0.5,1.0]",0.955712,L2a,False,0.960000,4.0891,VALID,,6383676a3491dc82d70f2db20cdafb942e5c588a
20260734,P2,speed_stuck,hold,L7,"AUC(faulted, matched-clean) folded to [0.5,1.0]",0.500000,L2a,False,0.960000,4.0891,VALID,,6383676a3491dc82d70f2db20cdafb942e5c588a
20260734,P2,speed_stuck,hold,L8,"AUC(faulted, matched-clean) folded to [0.5,1.0]",0.500000,L2a,False,0.960000,4.0891,VALID,,6383676a3491dc82d70f2db20cdafb942e5c588a
20260734,P2,speed_bias,3.0 m/s,L1,"AUC(faulted, matched-clean) folded to [0.5,1.0]",1.000000,L2a,False,0.732500,2.5816,VALID,,6383676a3491dc82d70f2db20cdafb942e5c588a
20260734,P2,speed_bias,3.0 m/s,L2a,"AUC(faulted, matched-clean) folded to [0.5,1.0]",0.594475,L2a,False,0.732500,2.5816,VALID,,6383676a3491dc82d70f2db20cdafb942e5c588a
20260734,P2,speed_bias,3.0 m/s,L2b,"AUC(faulted, matched-clean) folded to [0.5,1.0]",0.516150,L2a,False,0.732500,2.5816,VALID,,6383676a3491dc82d70f2db20cdafb942e5c588a
20260734,P2,speed_bias,3.0 m/s,L3,"AUC(faulted, matched-clean) folded to [0.5,1.0]",0.600387,L2a,False,0.732500,2.5816,VALID,,6383676a3491dc82d70f2db20cdafb942e5c588a
20260734,P2,speed_bias,3.0 m/s,L6,"AUC(faulted, matched-clean) folded to [0.5,1.0]",1.000000,L2a,False,0.732500,2.5816,VALID,,6383676a3491dc82d70f2db20cdafb942e5c588a
20260734,P2,speed_bias,3.0 m/s,L7,"AUC(faulted, matched-clean) folded to [0.5,1.0]",0.727500,L2a,False,0.732500,2.5816,VALID,,6383676a3491dc82d70f2db20cdafb942e5c588a
20260734,P2,speed_bias,3.0 m/s,L8,"AUC(faulted, matched-clean) folded to [0.5,1.0]",0.500000,L2a,False,0.732500,2.5816,VALID,,6383676a3491dc82d70f2db20cdafb942e5c588a
20260734,P2,lateral_noise,sigma x25,L1,"AUC(faulted, matched-clean) folded to [0.5,1.0]",1.000000,L2b,False,0.960000,2.5911,VALID,,6383676a3491dc82d70f2db20cdafb942e5c588a
20260734,P2,lateral_noise,sigma x25,L2a,"AUC(faulted, matched-clean) folded to [0.5,1.0]",0.979925,L2b,False,0.960000,2.5911,VALID,,6383676a3491dc82d70f2db20cdafb942e5c588a
20260734,P2,lateral_noise,sigma x25,L2b,"AUC(faulted, matched-clean) folded to [0.5,1.0]",0.510112,L2b,False,0.960000,2.5911,VALID,,6383676a3491dc82d70f2db20cdafb942e5c588a
20260734,P2,lateral_noise,sigma x25,L3,"AUC(faulted, matched-clean) folded to [0.5,1.0]",0.980062,L2b,False,0.960000,2.5911,VALID,,6383676a3491dc82d70f2db20cdafb942e5c588a
20260734,P2,lateral_noise,sigma x25,L6,"AUC(faulted, matched-clean) folded to [0.5,1.0]",0.753425,L2b,False,0.960000,2.5911,VALID,,6383676a3491dc82d70f2db20cdafb942e5c588a
20260734,P2,lateral_noise,sigma x25,L7,"AUC(faulted, matched-clean) folded to [0.5,1.0]",0.500000,L2b,False,0.960000,2.5911,VALID,,6383676a3491dc82d70f2db20cdafb942e5c588a
20260734,P2,lateral_noise,sigma x25,L8,"AUC(faulted, matched-clean) folded to [0.5,1.0]",0.500000,L2b,False,0.960000,2.5911,VALID,,6383676a3491dc82d70f2db20cdafb942e5c588a
20260735,P2,imu_dropout,suppress IMU,L1,"AUC(faulted, matched-clean) folded to [0.5,1.0]",0.997500,L7,True,0.960000,3.9706,VALID,,6383676a3491dc82d70f2db20cdafb942e5c588a
20260735,P2,imu_dropout,suppress IMU,L2a,"AUC(faulted, matched-clean) folded to [0.5,1.0]",0.691650,L7,True,0.960000,3.9706,VALID,,6383676a3491dc82d70f2db20cdafb942e5c588a
20260735,P2,imu_dropout,suppress IMU,L2b,"AUC(faulted, matched-clean) folded to [0.5,1.0]",0.978375,L7,True,0.960000,3.9706,VALID,,6383676a3491dc82d70f2db20cdafb942e5c588a
20260735,P2,imu_dropout,suppress IMU,L3,"AUC(faulted, matched-clean) folded to [0.5,1.0]",0.692813,L7,True,0.960000,3.9706,VALID,,6383676a3491dc82d70f2db20cdafb942e5c588a
20260735,P2,imu_dropout,suppress IMU,L6,"AUC(faulted, matched-clean) folded to [0.5,1.0]",0.958350,L7,True,0.960000,3.9706,VALID,,6383676a3491dc82d70f2db20cdafb942e5c588a
20260735,P2,imu_dropout,suppress IMU,L7,"AUC(faulted, matched-clean) folded to [0.5,1.0]",0.500000,L7,True,0.960000,3.9706,VALID,,6383676a3491dc82d70f2db20cdafb942e5c588a
20260735,P2,imu_dropout,suppress IMU,L8,"AUC(faulted, matched-clean) folded to [0.5,1.0]",0.500000,L7,True,0.960000,3.9706,VALID,,6383676a3491dc82d70f2db20cdafb942e5c588a
20260735,P2,position_bias,1.0 m,L1,"AUC(faulted, matched-clean) folded to [0.5,1.0]",1.000000,L2a,True,0.960000,2.4526,INVALID,ground-truth regeneration (ADR-0033): fault never reached the estimator,6383676a3491dc82d70f2db20cdafb942e5c588a
20260735,P2,position_bias,1.0 m,L2a,"AUC(faulted, matched-clean) folded to [0.5,1.0]",0.500000,L2a,True,0.960000,2.4526,INVALID,ground-truth regeneration (ADR-0033): fault never reached the estimator,6383676a3491dc82d70f2db20cdafb942e5c588a
20260735,P2,position_bias,1.0 m,L2b,"AUC(faulted, matched-clean) folded to [0.5,1.0]",0.500000,L2a,True,0.960000,2.4526,INVALID,ground-truth regeneration (ADR-0033): fault never reached the estimator,6383676a3491dc82d70f2db20cdafb942e5c588a
20260735,P2,position_bias,1.0 m,L3,"AUC(faulted, matched-clean) folded to [0.5,1.0]",0.500000,L2a,True,0.960000,2.4526,INVALID,ground-truth regeneration (ADR-0033): fault never reached the estimator,6383676a3491dc82d70f2db20cdafb942e5c588a
20260735,P2,position_bias,1.0 m,L6,"AUC(faulted, matched-clean) folded to [0.5,1.0]",0.500000,L2a,True,0.960000,2.4526,INVALID,ground-truth regeneration (ADR-0033): fault never reached the estimator,6383676a3491dc82d70f2db20cdafb942e5c588a
20260735,P2,position_bias,1.0 m,L7,"AUC(faulted, matched-clean) folded to [0.5,1.0]",0.500000,L2a,True,0.960000,2.4526,INVALID,ground-truth regeneration (ADR-0033): fault never reached the estimator,6383676a3491dc82d70f2db20cdafb942e5c588a
20260735,P2,position_bias,1.0 m,L8,"AUC(faulted, matched-clean) folded to [0.5,1.0]",0.500000,L2a,True,0.960000,2.4526,INVALID,ground-truth regeneration (ADR-0033): fault never reached the estimator,6383676a3491dc82d70f2db20cdafb942e5c588a
20260735,P2,position_drift,2.0 m final,L1,"AUC(faulted, matched-clean) folded to [0.5,1.0]",0.969738,L2a,True,0.960000,2.4526,INVALID,ground-truth regeneration (ADR-0033): fault never reached the estimator,6383676a3491dc82d70f2db20cdafb942e5c588a
20260735,P2,position_drift,2.0 m final,L2a,"AUC(faulted, matched-clean) folded to [0.5,1.0]",0.500000,L2a,True,0.960000,2.4526,INVALID,ground-truth regeneration (ADR-0033): fault never reached the estimator,6383676a3491dc82d70f2db20cdafb942e5c588a
20260735,P2,position_drift,2.0 m final,L2b,"AUC(faulted, matched-clean) folded to [0.5,1.0]",0.500000,L2a,True,0.960000,2.4526,INVALID,ground-truth regeneration (ADR-0033): fault never reached the estimator,6383676a3491dc82d70f2db20cdafb942e5c588a
20260735,P2,position_drift,2.0 m final,L3,"AUC(faulted, matched-clean) folded to [0.5,1.0]",0.500000,L2a,True,0.960000,2.4526,INVALID,ground-truth regeneration (ADR-0033): fault never reached the estimator,6383676a3491dc82d70f2db20cdafb942e5c588a
20260735,P2,position_drift,2.0 m final,L6,"AUC(faulted, matched-clean) folded to [0.5,1.0]",0.500000,L2a,True,0.960000,2.4526,INVALID,ground-truth regeneration (ADR-0033): fault never reached the estimator,6383676a3491dc82d70f2db20cdafb942e5c588a
20260735,P2,position_drift,2.0 m final,L7,"AUC(faulted, matched-clean) folded to [0.5,1.0]",0.500000,L2a,True,0.960000,2.4526,INVALID,ground-truth regeneration (ADR-0033): fault never reached the estimator,6383676a3491dc82d70f2db20cdafb942e5c588a
20260735,P2,position_drift,2.0 m final,L8,"AUC(faulted, matched-clean) folded to [0.5,1.0]",0.500000,L2a,True,0.960000,2.4526,INVALID,ground-truth regeneration (ADR-0033): fault never reached the estimator,6383676a3491dc82d70f2db20cdafb942e5c588a
20260735,P2,speed_stuck,hold,L1,"AUC(faulted, matched-clean) folded to [0.5,1.0]",0.852500,L2b,False,0.960000,2.4481,VALID,,6383676a3491dc82d70f2db20cdafb942e5c588a
20260735,P2,speed_stuck,hold,L2a,"AUC(faulted, matched-clean) folded to [0.5,1.0]",0.656788,L2b,False,0.960000,2.4481,VALID,,6383676a3491dc82d70f2db20cdafb942e5c588a
20260735,P2,speed_stuck,hold,L2b,"AUC(faulted, matched-clean) folded to [0.5,1.0]",0.538687,L2b,False,0.960000,2.4481,VALID,,6383676a3491dc82d70f2db20cdafb942e5c588a
20260735,P2,speed_stuck,hold,L3,"AUC(faulted, matched-clean) folded to [0.5,1.0]",0.655262,L2b,False,0.960000,2.4481,VALID,,6383676a3491dc82d70f2db20cdafb942e5c588a
20260735,P2,speed_stuck,hold,L6,"AUC(faulted, matched-clean) folded to [0.5,1.0]",0.592888,L2b,False,0.960000,2.4481,VALID,,6383676a3491dc82d70f2db20cdafb942e5c588a
20260735,P2,speed_stuck,hold,L7,"AUC(faulted, matched-clean) folded to [0.5,1.0]",0.500000,L2b,False,0.960000,2.4481,VALID,,6383676a3491dc82d70f2db20cdafb942e5c588a
20260735,P2,speed_stuck,hold,L8,"AUC(faulted, matched-clean) folded to [0.5,1.0]",0.500000,L2b,False,0.960000,2.4481,VALID,,6383676a3491dc82d70f2db20cdafb942e5c588a
20260735,P2,speed_bias,3.0 m/s,L1,"AUC(faulted, matched-clean) folded to [0.5,1.0]",1.000000,L2b,False,0.737500,2.4481,VALID,,6383676a3491dc82d70f2db20cdafb942e5c588a
20260735,P2,speed_bias,3.0 m/s,L2a,"AUC(faulted, matched-clean) folded to [0.5,1.0]",0.612300,L2b,False,0.737500,2.4481,VALID,,6383676a3491dc82d70f2db20cdafb942e5c588a
20260735,P2,speed_bias,3.0 m/s,L2b,"AUC(faulted, matched-clean) folded to [0.5,1.0]",0.536250,L2b,False,0.737500,2.4481,VALID,,6383676a3491dc82d70f2db20cdafb942e5c588a
20260735,P2,speed_bias,3.0 m/s,L3,"AUC(faulted, matched-clean) folded to [0.5,1.0]",0.616112,L2b,False,0.737500,2.4481,VALID,,6383676a3491dc82d70f2db20cdafb942e5c588a
20260735,P2,speed_bias,3.0 m/s,L6,"AUC(faulted, matched-clean) folded to [0.5,1.0]",1.000000,L2b,False,0.737500,2.4481,VALID,,6383676a3491dc82d70f2db20cdafb942e5c588a
20260735,P2,speed_bias,3.0 m/s,L7,"AUC(faulted, matched-clean) folded to [0.5,1.0]",0.722500,L2b,False,0.737500,2.4481,VALID,,6383676a3491dc82d70f2db20cdafb942e5c588a
20260735,P2,speed_bias,3.0 m/s,L8,"AUC(faulted, matched-clean) folded to [0.5,1.0]",0.500000,L2b,False,0.737500,2.4481,VALID,,6383676a3491dc82d70f2db20cdafb942e5c588a
20260735,P2,lateral_noise,sigma x25,L1,"AUC(faulted, matched-clean) folded to [0.5,1.0]",1.000000,L2b,False,0.960000,2.4552,VALID,,6383676a3491dc82d70f2db20cdafb942e5c588a
20260735,P2,lateral_noise,sigma x25,L2a,"AUC(faulted, matched-clean) folded to [0.5,1.0]",0.979000,L2b,False,0.960000,2.4552,VALID,,6383676a3491dc82d70f2db20cdafb942e5c588a
20260735,P2,lateral_noise,sigma x25,L2b,"AUC(faulted, matched-clean) folded to [0.5,1.0]",0.519275,L2b,False,0.960000,2.4552,VALID,,6383676a3491dc82d70f2db20cdafb942e5c588a
20260735,P2,lateral_noise,sigma x25,L3,"AUC(faulted, matched-clean) folded to [0.5,1.0]",0.979100,L2b,False,0.960000,2.4552,VALID,,6383676a3491dc82d70f2db20cdafb942e5c588a
20260735,P2,lateral_noise,sigma x25,L6,"AUC(faulted, matched-clean) folded to [0.5,1.0]",0.820600,L2b,False,0.960000,2.4552,VALID,,6383676a3491dc82d70f2db20cdafb942e5c588a
20260735,P2,lateral_noise,sigma x25,L7,"AUC(faulted, matched-clean) folded to [0.5,1.0]",0.500000,L2b,False,0.960000,2.4552,VALID,,6383676a3491dc82d70f2db20cdafb942e5c588a
20260735,P2,lateral_noise,sigma x25,L8,"AUC(faulted, matched-clean) folded to [0.5,1.0]",0.500000,L2b,False,0.960000,2.4552,VALID,,6383676a3491dc82d70f2db20cdafb942e5c588a
20260736,P2,imu_dropout,suppress IMU,L1,"AUC(faulted, matched-clean) folded to [0.5,1.0]",0.997500,L7,True,0.927500,2.6919,VALID,,6383676a3491dc82d70f2db20cdafb942e5c588a
20260736,P2,imu_dropout,suppress IMU,L2a,"AUC(faulted, matched-clean) folded to [0.5,1.0]",0.652000,L7,True,0.927500,2.6919,VALID,,6383676a3491dc82d70f2db20cdafb942e5c588a
20260736,P2,imu_dropout,suppress IMU,L2b,"AUC(faulted, matched-clean) folded to [0.5,1.0]",0.878825,L7,True,0.927500,2.6919,VALID,,6383676a3491dc82d70f2db20cdafb942e5c588a
20260736,P2,imu_dropout,suppress IMU,L3,"AUC(faulted, matched-clean) folded to [0.5,1.0]",0.650150,L7,True,0.927500,2.6919,VALID,,6383676a3491dc82d70f2db20cdafb942e5c588a
20260736,P2,imu_dropout,suppress IMU,L6,"AUC(faulted, matched-clean) folded to [0.5,1.0]",0.719300,L7,True,0.927500,2.6919,VALID,,6383676a3491dc82d70f2db20cdafb942e5c588a
20260736,P2,imu_dropout,suppress IMU,L7,"AUC(faulted, matched-clean) folded to [0.5,1.0]",0.500000,L7,True,0.927500,2.6919,VALID,,6383676a3491dc82d70f2db20cdafb942e5c588a
20260736,P2,imu_dropout,suppress IMU,L8,"AUC(faulted, matched-clean) folded to [0.5,1.0]",0.500000,L7,True,0.927500,2.6919,VALID,,6383676a3491dc82d70f2db20cdafb942e5c588a
20260736,P2,position_bias,1.0 m,L1,"AUC(faulted, matched-clean) folded to [0.5,1.0]",1.000000,L2a,True,0.927500,2.6963,INVALID,ground-truth regeneration (ADR-0033): fault never reached the estimator,6383676a3491dc82d70f2db20cdafb942e5c588a
20260736,P2,position_bias,1.0 m,L2a,"AUC(faulted, matched-clean) folded to [0.5,1.0]",0.500000,L2a,True,0.927500,2.6963,INVALID,ground-truth regeneration (ADR-0033): fault never reached the estimator,6383676a3491dc82d70f2db20cdafb942e5c588a
20260736,P2,position_bias,1.0 m,L2b,"AUC(faulted, matched-clean) folded to [0.5,1.0]",0.500000,L2a,True,0.927500,2.6963,INVALID,ground-truth regeneration (ADR-0033): fault never reached the estimator,6383676a3491dc82d70f2db20cdafb942e5c588a
20260736,P2,position_bias,1.0 m,L3,"AUC(faulted, matched-clean) folded to [0.5,1.0]",0.500000,L2a,True,0.927500,2.6963,INVALID,ground-truth regeneration (ADR-0033): fault never reached the estimator,6383676a3491dc82d70f2db20cdafb942e5c588a
20260736,P2,position_bias,1.0 m,L6,"AUC(faulted, matched-clean) folded to [0.5,1.0]",0.500000,L2a,True,0.927500,2.6963,INVALID,ground-truth regeneration (ADR-0033): fault never reached the estimator,6383676a3491dc82d70f2db20cdafb942e5c588a
20260736,P2,position_bias,1.0 m,L7,"AUC(faulted, matched-clean) folded to [0.5,1.0]",0.500000,L2a,True,0.927500,2.6963,INVALID,ground-truth regeneration (ADR-0033): fault never reached the estimator,6383676a3491dc82d70f2db20cdafb942e5c588a
20260736,P2,position_bias,1.0 m,L8,"AUC(faulted, matched-clean) folded to [0.5,1.0]",0.500000,L2a,True,0.927500,2.6963,INVALID,ground-truth regeneration (ADR-0033): fault never reached the estimator,6383676a3491dc82d70f2db20cdafb942e5c588a
20260736,P2,position_drift,2.0 m final,L1,"AUC(faulted, matched-clean) folded to [0.5,1.0]",0.975588,L2a,True,0.927500,2.6963,INVALID,ground-truth regeneration (ADR-0033): fault never reached the estimator,6383676a3491dc82d70f2db20cdafb942e5c588a
20260736,P2,position_drift,2.0 m final,L2a,"AUC(faulted, matched-clean) folded to [0.5,1.0]",0.500000,L2a,True,0.927500,2.6963,INVALID,ground-truth regeneration (ADR-0033): fault never reached the estimator,6383676a3491dc82d70f2db20cdafb942e5c588a
20260736,P2,position_drift,2.0 m final,L2b,"AUC(faulted, matched-clean) folded to [0.5,1.0]",0.500000,L2a,True,0.927500,2.6963,INVALID,ground-truth regeneration (ADR-0033): fault never reached the estimator,6383676a3491dc82d70f2db20cdafb942e5c588a
20260736,P2,position_drift,2.0 m final,L3,"AUC(faulted, matched-clean) folded to [0.5,1.0]",0.500000,L2a,True,0.927500,2.6963,INVALID,ground-truth regeneration (ADR-0033): fault never reached the estimator,6383676a3491dc82d70f2db20cdafb942e5c588a
20260736,P2,position_drift,2.0 m final,L6,"AUC(faulted, matched-clean) folded to [0.5,1.0]",0.500000,L2a,True,0.927500,2.6963,INVALID,ground-truth regeneration (ADR-0033): fault never reached the estimator,6383676a3491dc82d70f2db20cdafb942e5c588a
20260736,P2,position_drift,2.0 m final,L7,"AUC(faulted, matched-clean) folded to [0.5,1.0]",0.500000,L2a,True,0.927500,2.6963,INVALID,ground-truth regeneration (ADR-0033): fault never reached the estimator,6383676a3491dc82d70f2db20cdafb942e5c588a
20260736,P2,position_drift,2.0 m final,L8,"AUC(faulted, matched-clean) folded to [0.5,1.0]",0.500000,L2a,True,0.927500,2.6963,INVALID,ground-truth regeneration (ADR-0033): fault never reached the estimator,6383676a3491dc82d70f2db20cdafb942e5c588a
20260736,P2,speed_stuck,hold,L1,"AUC(faulted, matched-clean) folded to [0.5,1.0]",0.867500,L7,True,0.927500,4.1994,VALID,,6383676a3491dc82d70f2db20cdafb942e5c588a
20260736,P2,speed_stuck,hold,L2a,"AUC(faulted, matched-clean) folded to [0.5,1.0]",0.620713,L7,True,0.927500,4.1994,VALID,,6383676a3491dc82d70f2db20cdafb942e5c588a
20260736,P2,speed_stuck,hold,L2b,"AUC(faulted, matched-clean) folded to [0.5,1.0]",0.942863,L7,True,0.927500,4.1994,VALID,,6383676a3491dc82d70f2db20cdafb942e5c588a
20260736,P2,speed_stuck,hold,L3,"AUC(faulted, matched-clean) folded to [0.5,1.0]",0.619650,L7,True,0.927500,4.1994,VALID,,6383676a3491dc82d70f2db20cdafb942e5c588a
20260736,P2,speed_stuck,hold,L6,"AUC(faulted, matched-clean) folded to [0.5,1.0]",0.965538,L7,True,0.927500,4.1994,VALID,,6383676a3491dc82d70f2db20cdafb942e5c588a
20260736,P2,speed_stuck,hold,L7,"AUC(faulted, matched-clean) folded to [0.5,1.0]",0.500000,L7,True,0.927500,4.1994,VALID,,6383676a3491dc82d70f2db20cdafb942e5c588a
20260736,P2,speed_stuck,hold,L8,"AUC(faulted, matched-clean) folded to [0.5,1.0]",0.500000,L7,True,0.927500,4.1994,VALID,,6383676a3491dc82d70f2db20cdafb942e5c588a
20260736,P2,speed_bias,3.0 m/s,L1,"AUC(faulted, matched-clean) folded to [0.5,1.0]",1.000000,L2a,False,0.717500,2.6919,VALID,,6383676a3491dc82d70f2db20cdafb942e5c588a
20260736,P2,speed_bias,3.0 m/s,L2a,"AUC(faulted, matched-clean) folded to [0.5,1.0]",0.599725,L2a,False,0.717500,2.6919,VALID,,6383676a3491dc82d70f2db20cdafb942e5c588a
20260736,P2,speed_bias,3.0 m/s,L2b,"AUC(faulted, matched-clean) folded to [0.5,1.0]",0.545425,L2a,False,0.717500,2.6919,VALID,,6383676a3491dc82d70f2db20cdafb942e5c588a
20260736,P2,speed_bias,3.0 m/s,L3,"AUC(faulted, matched-clean) folded to [0.5,1.0]",0.604425,L2a,False,0.717500,2.6919,VALID,,6383676a3491dc82d70f2db20cdafb942e5c588a
20260736,P2,speed_bias,3.0 m/s,L6,"AUC(faulted, matched-clean) folded to [0.5,1.0]",1.000000,L2a,False,0.717500,2.6919,VALID,,6383676a3491dc82d70f2db20cdafb942e5c588a
20260736,P2,speed_bias,3.0 m/s,L7,"AUC(faulted, matched-clean) folded to [0.5,1.0]",0.710000,L2a,False,0.717500,2.6919,VALID,,6383676a3491dc82d70f2db20cdafb942e5c588a
20260736,P2,speed_bias,3.0 m/s,L8,"AUC(faulted, matched-clean) folded to [0.5,1.0]",0.500000,L2a,False,0.717500,2.6919,VALID,,6383676a3491dc82d70f2db20cdafb942e5c588a
20260736,P2,lateral_noise,sigma x25,L1,"AUC(faulted, matched-clean) folded to [0.5,1.0]",0.999000,L2b,False,0.927500,2.6996,VALID,,6383676a3491dc82d70f2db20cdafb942e5c588a
20260736,P2,lateral_noise,sigma x25,L2a,"AUC(faulted, matched-clean) folded to [0.5,1.0]",0.995275,L2b,False,0.927500,2.6996,VALID,,6383676a3491dc82d70f2db20cdafb942e5c588a
20260736,P2,lateral_noise,sigma x25,L2b,"AUC(faulted, matched-clean) folded to [0.5,1.0]",0.512225,L2b,False,0.927500,2.6996,VALID,,6383676a3491dc82d70f2db20cdafb942e5c588a
20260736,P2,lateral_noise,sigma x25,L3,"AUC(faulted, matched-clean) folded to [0.5,1.0]",0.995287,L2b,False,0.927500,2.6996,VALID,,6383676a3491dc82d70f2db20cdafb942e5c588a
20260736,P2,lateral_noise,sigma x25,L6,"AUC(faulted, matched-clean) folded to [0.5,1.0]",0.575900,L2b,False,0.927500,2.6996,VALID,,6383676a3491dc82d70f2db20cdafb942e5c588a
20260736,P2,lateral_noise,sigma x25,L7,"AUC(faulted, matched-clean) folded to [0.5,1.0]",0.500000,L2b,False,0.927500,2.6996,VALID,,6383676a3491dc82d70f2db20cdafb942e5c588a
20260736,P2,lateral_noise,sigma x25,L8,"AUC(faulted, matched-clean) folded to [0.5,1.0]",0.500000,L2b,False,0.927500,2.6996,VALID,,6383676a3491dc82d70f2db20cdafb942e5c588a
20260737,P2,imu_dropout,suppress IMU,L1,"AUC(faulted, matched-clean) folded to [0.5,1.0]",0.997500,L6,True,0.927500,2.7924,VALID,,6383676a3491dc82d70f2db20cdafb942e5c588a
20260737,P2,imu_dropout,suppress IMU,L2a,"AUC(faulted, matched-clean) folded to [0.5,1.0]",0.896375,L6,True,0.927500,2.7924,VALID,,6383676a3491dc82d70f2db20cdafb942e5c588a
20260737,P2,imu_dropout,suppress IMU,L2b,"AUC(faulted, matched-clean) folded to [0.5,1.0]",0.615675,L6,True,0.927500,2.7924,VALID,,6383676a3491dc82d70f2db20cdafb942e5c588a
20260737,P2,imu_dropout,suppress IMU,L3,"AUC(faulted, matched-clean) folded to [0.5,1.0]",0.891212,L6,True,0.927500,2.7924,VALID,,6383676a3491dc82d70f2db20cdafb942e5c588a
20260737,P2,imu_dropout,suppress IMU,L6,"AUC(faulted, matched-clean) folded to [0.5,1.0]",0.524800,L6,True,0.927500,2.7924,VALID,,6383676a3491dc82d70f2db20cdafb942e5c588a
20260737,P2,imu_dropout,suppress IMU,L7,"AUC(faulted, matched-clean) folded to [0.5,1.0]",0.500000,L6,True,0.927500,2.7924,VALID,,6383676a3491dc82d70f2db20cdafb942e5c588a
20260737,P2,imu_dropout,suppress IMU,L8,"AUC(faulted, matched-clean) folded to [0.5,1.0]",0.500000,L6,True,0.927500,2.7924,VALID,,6383676a3491dc82d70f2db20cdafb942e5c588a
20260737,P2,position_bias,1.0 m,L1,"AUC(faulted, matched-clean) folded to [0.5,1.0]",1.000000,L2a,True,0.927500,2.7970,INVALID,ground-truth regeneration (ADR-0033): fault never reached the estimator,6383676a3491dc82d70f2db20cdafb942e5c588a
20260737,P2,position_bias,1.0 m,L2a,"AUC(faulted, matched-clean) folded to [0.5,1.0]",0.500000,L2a,True,0.927500,2.7970,INVALID,ground-truth regeneration (ADR-0033): fault never reached the estimator,6383676a3491dc82d70f2db20cdafb942e5c588a
20260737,P2,position_bias,1.0 m,L2b,"AUC(faulted, matched-clean) folded to [0.5,1.0]",0.500000,L2a,True,0.927500,2.7970,INVALID,ground-truth regeneration (ADR-0033): fault never reached the estimator,6383676a3491dc82d70f2db20cdafb942e5c588a
20260737,P2,position_bias,1.0 m,L3,"AUC(faulted, matched-clean) folded to [0.5,1.0]",0.500000,L2a,True,0.927500,2.7970,INVALID,ground-truth regeneration (ADR-0033): fault never reached the estimator,6383676a3491dc82d70f2db20cdafb942e5c588a
20260737,P2,position_bias,1.0 m,L6,"AUC(faulted, matched-clean) folded to [0.5,1.0]",0.500000,L2a,True,0.927500,2.7970,INVALID,ground-truth regeneration (ADR-0033): fault never reached the estimator,6383676a3491dc82d70f2db20cdafb942e5c588a
20260737,P2,position_bias,1.0 m,L7,"AUC(faulted, matched-clean) folded to [0.5,1.0]",0.500000,L2a,True,0.927500,2.7970,INVALID,ground-truth regeneration (ADR-0033): fault never reached the estimator,6383676a3491dc82d70f2db20cdafb942e5c588a
20260737,P2,position_bias,1.0 m,L8,"AUC(faulted, matched-clean) folded to [0.5,1.0]",0.500000,L2a,True,0.927500,2.7970,INVALID,ground-truth regeneration (ADR-0033): fault never reached the estimator,6383676a3491dc82d70f2db20cdafb942e5c588a
20260737,P2,position_drift,2.0 m final,L1,"AUC(faulted, matched-clean) folded to [0.5,1.0]",0.969463,L2a,True,0.927500,2.7970,INVALID,ground-truth regeneration (ADR-0033): fault never reached the estimator,6383676a3491dc82d70f2db20cdafb942e5c588a
20260737,P2,position_drift,2.0 m final,L2a,"AUC(faulted, matched-clean) folded to [0.5,1.0]",0.500000,L2a,True,0.927500,2.7970,INVALID,ground-truth regeneration (ADR-0033): fault never reached the estimator,6383676a3491dc82d70f2db20cdafb942e5c588a
20260737,P2,position_drift,2.0 m final,L2b,"AUC(faulted, matched-clean) folded to [0.5,1.0]",0.500000,L2a,True,0.927500,2.7970,INVALID,ground-truth regeneration (ADR-0033): fault never reached the estimator,6383676a3491dc82d70f2db20cdafb942e5c588a
20260737,P2,position_drift,2.0 m final,L3,"AUC(faulted, matched-clean) folded to [0.5,1.0]",0.500000,L2a,True,0.927500,2.7970,INVALID,ground-truth regeneration (ADR-0033): fault never reached the estimator,6383676a3491dc82d70f2db20cdafb942e5c588a
20260737,P2,position_drift,2.0 m final,L6,"AUC(faulted, matched-clean) folded to [0.5,1.0]",0.500000,L2a,True,0.927500,2.7970,INVALID,ground-truth regeneration (ADR-0033): fault never reached the estimator,6383676a3491dc82d70f2db20cdafb942e5c588a
20260737,P2,position_drift,2.0 m final,L7,"AUC(faulted, matched-clean) folded to [0.5,1.0]",0.500000,L2a,True,0.927500,2.7970,INVALID,ground-truth regeneration (ADR-0033): fault never reached the estimator,6383676a3491dc82d70f2db20cdafb942e5c588a
20260737,P2,position_drift,2.0 m final,L8,"AUC(faulted, matched-clean) folded to [0.5,1.0]",0.500000,L2a,True,0.927500,2.7970,INVALID,ground-truth regeneration (ADR-0033): fault never reached the estimator,6383676a3491dc82d70f2db20cdafb942e5c588a
20260737,P2,speed_stuck,hold,L1,"AUC(faulted, matched-clean) folded to [0.5,1.0]",0.542500,L1,False,0.927500,2.7924,VALID,,6383676a3491dc82d70f2db20cdafb942e5c588a
20260737,P2,speed_stuck,hold,L2a,"AUC(faulted, matched-clean) folded to [0.5,1.0]",0.659512,L1,False,0.927500,2.7924,VALID,,6383676a3491dc82d70f2db20cdafb942e5c588a
20260737,P2,speed_stuck,hold,L2b,"AUC(faulted, matched-clean) folded to [0.5,1.0]",0.590162,L1,False,0.927500,2.7924,VALID,,6383676a3491dc82d70f2db20cdafb942e5c588a
20260737,P2,speed_stuck,hold,L3,"AUC(faulted, matched-clean) folded to [0.5,1.0]",0.657537,L1,False,0.927500,2.7924,VALID,,6383676a3491dc82d70f2db20cdafb942e5c588a
20260737,P2,speed_stuck,hold,L6,"AUC(faulted, matched-clean) folded to [0.5,1.0]",0.588287,L1,False,0.927500,2.7924,VALID,,6383676a3491dc82d70f2db20cdafb942e5c588a
20260737,P2,speed_stuck,hold,L7,"AUC(faulted, matched-clean) folded to [0.5,1.0]",0.500000,L1,False,0.927500,2.7924,VALID,,6383676a3491dc82d70f2db20cdafb942e5c588a
20260737,P2,speed_stuck,hold,L8,"AUC(faulted, matched-clean) folded to [0.5,1.0]",0.500000,L1,False,0.927500,2.7924,VALID,,6383676a3491dc82d70f2db20cdafb942e5c588a
20260737,P2,speed_bias,3.0 m/s,L1,"AUC(faulted, matched-clean) folded to [0.5,1.0]",1.000000,L2b,False,0.670000,2.7924,VALID,,6383676a3491dc82d70f2db20cdafb942e5c588a
20260737,P2,speed_bias,3.0 m/s,L2a,"AUC(faulted, matched-clean) folded to [0.5,1.0]",0.602325,L2b,False,0.670000,2.7924,VALID,,6383676a3491dc82d70f2db20cdafb942e5c588a
20260737,P2,speed_bias,3.0 m/s,L2b,"AUC(faulted, matched-clean) folded to [0.5,1.0]",0.585725,L2b,False,0.670000,2.7924,VALID,,6383676a3491dc82d70f2db20cdafb942e5c588a
20260737,P2,speed_bias,3.0 m/s,L3,"AUC(faulted, matched-clean) folded to [0.5,1.0]",0.608050,L2b,False,0.670000,2.7924,VALID,,6383676a3491dc82d70f2db20cdafb942e5c588a
20260737,P2,speed_bias,3.0 m/s,L6,"AUC(faulted, matched-clean) folded to [0.5,1.0]",1.000000,L2b,False,0.670000,2.7924,VALID,,6383676a3491dc82d70f2db20cdafb942e5c588a
20260737,P2,speed_bias,3.0 m/s,L7,"AUC(faulted, matched-clean) folded to [0.5,1.0]",0.757500,L2b,False,0.670000,2.7924,VALID,,6383676a3491dc82d70f2db20cdafb942e5c588a
20260737,P2,speed_bias,3.0 m/s,L8,"AUC(faulted, matched-clean) folded to [0.5,1.0]",0.500000,L2b,False,0.670000,2.7924,VALID,,6383676a3491dc82d70f2db20cdafb942e5c588a
20260737,P2,lateral_noise,sigma x25,L1,"AUC(faulted, matched-clean) folded to [0.5,1.0]",1.000000,L2b,False,0.927500,2.7990,VALID,,6383676a3491dc82d70f2db20cdafb942e5c588a
20260737,P2,lateral_noise,sigma x25,L2a,"AUC(faulted, matched-clean) folded to [0.5,1.0]",0.962875,L2b,False,0.927500,2.7990,VALID,,6383676a3491dc82d70f2db20cdafb942e5c588a
20260737,P2,lateral_noise,sigma x25,L2b,"AUC(faulted, matched-clean) folded to [0.5,1.0]",0.536837,L2b,False,0.927500,2.7990,VALID,,6383676a3491dc82d70f2db20cdafb942e5c588a
20260737,P2,lateral_noise,sigma x25,L3,"AUC(faulted, matched-clean) folded to [0.5,1.0]",0.962862,L2b,False,0.927500,2.7990,VALID,,6383676a3491dc82d70f2db20cdafb942e5c588a
20260737,P2,lateral_noise,sigma x25,L6,"AUC(faulted, matched-clean) folded to [0.5,1.0]",0.919800,L2b,False,0.927500,2.7990,VALID,,6383676a3491dc82d70f2db20cdafb942e5c588a
20260737,P2,lateral_noise,sigma x25,L7,"AUC(faulted, matched-clean) folded to [0.5,1.0]",0.500000,L2b,False,0.927500,2.7990,VALID,,6383676a3491dc82d70f2db20cdafb942e5c588a
20260737,P2,lateral_noise,sigma x25,L8,"AUC(faulted, matched-clean) folded to [0.5,1.0]",0.500000,L2b,False,0.927500,2.7990,VALID,,6383676a3491dc82d70f2db20cdafb942e5c588a
20260738,P2,imu_dropout,suppress IMU,L1,"AUC(faulted, matched-clean) folded to [0.5,1.0]",0.997500,L8,True,0.640000,4.7288,VALID,,6383676a3491dc82d70f2db20cdafb942e5c588a
20260738,P2,imu_dropout,suppress IMU,L2a,"AUC(faulted, matched-clean) folded to [0.5,1.0]",0.768300,L8,True,0.640000,4.7288,VALID,,6383676a3491dc82d70f2db20cdafb942e5c588a
20260738,P2,imu_dropout,suppress IMU,L2b,"AUC(faulted, matched-clean) folded to [0.5,1.0]",0.855025,L8,True,0.640000,4.7288,VALID,,6383676a3491dc82d70f2db20cdafb942e5c588a
20260738,P2,imu_dropout,suppress IMU,L3,"AUC(faulted, matched-clean) folded to [0.5,1.0]",0.769000,L8,True,0.640000,4.7288,VALID,,6383676a3491dc82d70f2db20cdafb942e5c588a
20260738,P2,imu_dropout,suppress IMU,L6,"AUC(faulted, matched-clean) folded to [0.5,1.0]",0.875500,L8,True,0.640000,4.7288,VALID,,6383676a3491dc82d70f2db20cdafb942e5c588a
20260738,P2,imu_dropout,suppress IMU,L7,"AUC(faulted, matched-clean) folded to [0.5,1.0]",0.657500,L8,True,0.640000,4.7288,VALID,,6383676a3491dc82d70f2db20cdafb942e5c588a
20260738,P2,imu_dropout,suppress IMU,L8,"AUC(faulted, matched-clean) folded to [0.5,1.0]",0.520000,L8,True,0.640000,4.7288,VALID,,6383676a3491dc82d70f2db20cdafb942e5c588a
20260738,P2,position_bias,1.0 m,L1,"AUC(faulted, matched-clean) folded to [0.5,1.0]",1.000000,L2a,True,0.797500,4.2336,INVALID,ground-truth regeneration (ADR-0033): fault never reached the estimator,6383676a3491dc82d70f2db20cdafb942e5c588a
20260738,P2,position_bias,1.0 m,L2a,"AUC(faulted, matched-clean) folded to [0.5,1.0]",0.500000,L2a,True,0.797500,4.2336,INVALID,ground-truth regeneration (ADR-0033): fault never reached the estimator,6383676a3491dc82d70f2db20cdafb942e5c588a
20260738,P2,position_bias,1.0 m,L2b,"AUC(faulted, matched-clean) folded to [0.5,1.0]",0.500000,L2a,True,0.797500,4.2336,INVALID,ground-truth regeneration (ADR-0033): fault never reached the estimator,6383676a3491dc82d70f2db20cdafb942e5c588a
20260738,P2,position_bias,1.0 m,L3,"AUC(faulted, matched-clean) folded to [0.5,1.0]",0.500000,L2a,True,0.797500,4.2336,INVALID,ground-truth regeneration (ADR-0033): fault never reached the estimator,6383676a3491dc82d70f2db20cdafb942e5c588a
20260738,P2,position_bias,1.0 m,L6,"AUC(faulted, matched-clean) folded to [0.5,1.0]",0.500000,L2a,True,0.797500,4.2336,INVALID,ground-truth regeneration (ADR-0033): fault never reached the estimator,6383676a3491dc82d70f2db20cdafb942e5c588a
20260738,P2,position_bias,1.0 m,L7,"AUC(faulted, matched-clean) folded to [0.5,1.0]",0.500000,L2a,True,0.797500,4.2336,INVALID,ground-truth regeneration (ADR-0033): fault never reached the estimator,6383676a3491dc82d70f2db20cdafb942e5c588a
20260738,P2,position_bias,1.0 m,L8,"AUC(faulted, matched-clean) folded to [0.5,1.0]",0.500000,L2a,True,0.797500,4.2336,INVALID,ground-truth regeneration (ADR-0033): fault never reached the estimator,6383676a3491dc82d70f2db20cdafb942e5c588a
20260738,P2,position_drift,2.0 m final,L1,"AUC(faulted, matched-clean) folded to [0.5,1.0]",0.970337,L2a,True,0.797500,4.2336,INVALID,ground-truth regeneration (ADR-0033): fault never reached the estimator,6383676a3491dc82d70f2db20cdafb942e5c588a
20260738,P2,position_drift,2.0 m final,L2a,"AUC(faulted, matched-clean) folded to [0.5,1.0]",0.500000,L2a,True,0.797500,4.2336,INVALID,ground-truth regeneration (ADR-0033): fault never reached the estimator,6383676a3491dc82d70f2db20cdafb942e5c588a
20260738,P2,position_drift,2.0 m final,L2b,"AUC(faulted, matched-clean) folded to [0.5,1.0]",0.500000,L2a,True,0.797500,4.2336,INVALID,ground-truth regeneration (ADR-0033): fault never reached the estimator,6383676a3491dc82d70f2db20cdafb942e5c588a
20260738,P2,position_drift,2.0 m final,L3,"AUC(faulted, matched-clean) folded to [0.5,1.0]",0.500000,L2a,True,0.797500,4.2336,INVALID,ground-truth regeneration (ADR-0033): fault never reached the estimator,6383676a3491dc82d70f2db20cdafb942e5c588a
20260738,P2,position_drift,2.0 m final,L6,"AUC(faulted, matched-clean) folded to [0.5,1.0]",0.500000,L2a,True,0.797500,4.2336,INVALID,ground-truth regeneration (ADR-0033): fault never reached the estimator,6383676a3491dc82d70f2db20cdafb942e5c588a
20260738,P2,position_drift,2.0 m final,L7,"AUC(faulted, matched-clean) folded to [0.5,1.0]",0.500000,L2a,True,0.797500,4.2336,INVALID,ground-truth regeneration (ADR-0033): fault never reached the estimator,6383676a3491dc82d70f2db20cdafb942e5c588a
20260738,P2,position_drift,2.0 m final,L8,"AUC(faulted, matched-clean) folded to [0.5,1.0]",0.500000,L2a,True,0.797500,4.2336,INVALID,ground-truth regeneration (ADR-0033): fault never reached the estimator,6383676a3491dc82d70f2db20cdafb942e5c588a
20260738,P2,speed_stuck,hold,L1,"AUC(faulted, matched-clean) folded to [0.5,1.0]",0.932500,L2b,False,0.647500,3.4738,VALID,,6383676a3491dc82d70f2db20cdafb942e5c588a
20260738,P2,speed_stuck,hold,L2a,"AUC(faulted, matched-clean) folded to [0.5,1.0]",0.770412,L2b,False,0.647500,3.4738,VALID,,6383676a3491dc82d70f2db20cdafb942e5c588a
20260738,P2,speed_stuck,hold,L2b,"AUC(faulted, matched-clean) folded to [0.5,1.0]",0.566738,L2b,False,0.647500,3.4738,VALID,,6383676a3491dc82d70f2db20cdafb942e5c588a
20260738,P2,speed_stuck,hold,L3,"AUC(faulted, matched-clean) folded to [0.5,1.0]",0.768650,L2b,False,0.647500,3.4738,VALID,,6383676a3491dc82d70f2db20cdafb942e5c588a
20260738,P2,speed_stuck,hold,L6,"AUC(faulted, matched-clean) folded to [0.5,1.0]",0.747812,L2b,False,0.647500,3.4738,VALID,,6383676a3491dc82d70f2db20cdafb942e5c588a
20260738,P2,speed_stuck,hold,L7,"AUC(faulted, matched-clean) folded to [0.5,1.0]",0.650000,L2b,False,0.647500,3.4738,VALID,,6383676a3491dc82d70f2db20cdafb942e5c588a
20260738,P2,speed_stuck,hold,L8,"AUC(faulted, matched-clean) folded to [0.5,1.0]",0.515000,L2b,False,0.647500,3.4738,VALID,,6383676a3491dc82d70f2db20cdafb942e5c588a
20260738,P2,speed_bias,3.0 m/s,L1,"AUC(faulted, matched-clean) folded to [0.5,1.0]",0.772850,L2a,False,0.640000,3.9961,VALID,,6383676a3491dc82d70f2db20cdafb942e5c588a
20260738,P2,speed_bias,3.0 m/s,L2a,"AUC(faulted, matched-clean) folded to [0.5,1.0]",0.523850,L2a,False,0.640000,3.9961,VALID,,6383676a3491dc82d70f2db20cdafb942e5c588a
20260738,P2,speed_bias,3.0 m/s,L2b,"AUC(faulted, matched-clean) folded to [0.5,1.0]",0.627225,L2a,False,0.640000,3.9961,VALID,,6383676a3491dc82d70f2db20cdafb942e5c588a
20260738,P2,speed_bias,3.0 m/s,L3,"AUC(faulted, matched-clean) folded to [0.5,1.0]",0.520612,L2a,False,0.640000,3.9961,VALID,,6383676a3491dc82d70f2db20cdafb942e5c588a
20260738,P2,speed_bias,3.0 m/s,L6,"AUC(faulted, matched-clean) folded to [0.5,1.0]",0.764500,L2a,False,0.640000,3.9961,VALID,,6383676a3491dc82d70f2db20cdafb942e5c588a
20260738,P2,speed_bias,3.0 m/s,L7,"AUC(faulted, matched-clean) folded to [0.5,1.0]",0.657500,L2a,False,0.640000,3.9961,VALID,,6383676a3491dc82d70f2db20cdafb942e5c588a
20260738,P2,speed_bias,3.0 m/s,L8,"AUC(faulted, matched-clean) folded to [0.5,1.0]",0.600000,L2a,False,0.640000,3.9961,VALID,,6383676a3491dc82d70f2db20cdafb942e5c588a
20260738,P2,lateral_noise,sigma x25,L1,"AUC(faulted, matched-clean) folded to [0.5,1.0]",0.922925,L7,True,0.840000,3.8156,VALID,,6383676a3491dc82d70f2db20cdafb942e5c588a
20260738,P2,lateral_noise,sigma x25,L2a,"AUC(faulted, matched-clean) folded to [0.5,1.0]",0.846550,L7,True,0.840000,3.8156,VALID,,6383676a3491dc82d70f2db20cdafb942e5c588a
20260738,P2,lateral_noise,sigma x25,L2b,"AUC(faulted, matched-clean) folded to [0.5,1.0]",0.894300,L7,True,0.840000,3.8156,VALID,,6383676a3491dc82d70f2db20cdafb942e5c588a
20260738,P2,lateral_noise,sigma x25,L3,"AUC(faulted, matched-clean) folded to [0.5,1.0]",0.839612,L7,True,0.840000,3.8156,VALID,,6383676a3491dc82d70f2db20cdafb942e5c588a
20260738,P2,lateral_noise,sigma x25,L6,"AUC(faulted, matched-clean) folded to [0.5,1.0]",0.676150,L7,True,0.840000,3.8156,VALID,,6383676a3491dc82d70f2db20cdafb942e5c588a
20260738,P2,lateral_noise,sigma x25,L7,"AUC(faulted, matched-clean) folded to [0.5,1.0]",0.542500,L7,True,0.840000,3.8156,VALID,,6383676a3491dc82d70f2db20cdafb942e5c588a
20260738,P2,lateral_noise,sigma x25,L8,"AUC(faulted, matched-clean) folded to [0.5,1.0]",0.575000,L7,True,0.840000,3.8156,VALID,,6383676a3491dc82d70f2db20cdafb942e5c588a
20260739,P2,imu_dropout,suppress IMU,L1,"AUC(faulted, matched-clean) folded to [0.5,1.0]",0.997500,,False,0.827500,4.9240,VALID,,6383676a3491dc82d70f2db20cdafb942e5c588a
20260739,P2,imu_dropout,suppress IMU,L2a,"AUC(faulted, matched-clean) folded to [0.5,1.0]",0.805000,,False,0.827500,4.9240,VALID,,6383676a3491dc82d70f2db20cdafb942e5c588a
20260739,P2,imu_dropout,suppress IMU,L2b,"AUC(faulted, matched-clean) folded to [0.5,1.0]",0.826950,,False,0.827500,4.9240,VALID,,6383676a3491dc82d70f2db20cdafb942e5c588a
20260739,P2,imu_dropout,suppress IMU,L3,"AUC(faulted, matched-clean) folded to [0.5,1.0]",0.809388,,False,0.827500,4.9240,VALID,,6383676a3491dc82d70f2db20cdafb942e5c588a
20260739,P2,imu_dropout,suppress IMU,L6,"AUC(faulted, matched-clean) folded to [0.5,1.0]",0.999650,,False,0.827500,4.9240,VALID,,6383676a3491dc82d70f2db20cdafb942e5c588a
20260739,P2,imu_dropout,suppress IMU,L7,"AUC(faulted, matched-clean) folded to [0.5,1.0]",0.615000,,False,0.827500,4.9240,VALID,,6383676a3491dc82d70f2db20cdafb942e5c588a
20260739,P2,imu_dropout,suppress IMU,L8,"AUC(faulted, matched-clean) folded to [0.5,1.0]",0.705000,,False,0.827500,4.9240,VALID,,6383676a3491dc82d70f2db20cdafb942e5c588a
20260739,P2,position_bias,1.0 m,L1,"AUC(faulted, matched-clean) folded to [0.5,1.0]",1.000000,L2a,True,0.712500,5.6572,INVALID,ground-truth regeneration (ADR-0033): fault never reached the estimator,6383676a3491dc82d70f2db20cdafb942e5c588a
20260739,P2,position_bias,1.0 m,L2a,"AUC(faulted, matched-clean) folded to [0.5,1.0]",0.500000,L2a,True,0.712500,5.6572,INVALID,ground-truth regeneration (ADR-0033): fault never reached the estimator,6383676a3491dc82d70f2db20cdafb942e5c588a
20260739,P2,position_bias,1.0 m,L2b,"AUC(faulted, matched-clean) folded to [0.5,1.0]",0.500000,L2a,True,0.712500,5.6572,INVALID,ground-truth regeneration (ADR-0033): fault never reached the estimator,6383676a3491dc82d70f2db20cdafb942e5c588a
20260739,P2,position_bias,1.0 m,L3,"AUC(faulted, matched-clean) folded to [0.5,1.0]",0.500000,L2a,True,0.712500,5.6572,INVALID,ground-truth regeneration (ADR-0033): fault never reached the estimator,6383676a3491dc82d70f2db20cdafb942e5c588a
20260739,P2,position_bias,1.0 m,L6,"AUC(faulted, matched-clean) folded to [0.5,1.0]",0.500000,L2a,True,0.712500,5.6572,INVALID,ground-truth regeneration (ADR-0033): fault never reached the estimator,6383676a3491dc82d70f2db20cdafb942e5c588a
20260739,P2,position_bias,1.0 m,L7,"AUC(faulted, matched-clean) folded to [0.5,1.0]",0.500000,L2a,True,0.712500,5.6572,INVALID,ground-truth regeneration (ADR-0033): fault never reached the estimator,6383676a3491dc82d70f2db20cdafb942e5c588a
20260739,P2,position_bias,1.0 m,L8,"AUC(faulted, matched-clean) folded to [0.5,1.0]",0.500000,L2a,True,0.712500,5.6572,INVALID,ground-truth regeneration (ADR-0033): fault never reached the estimator,6383676a3491dc82d70f2db20cdafb942e5c588a
20260739,P2,position_drift,2.0 m final,L1,"AUC(faulted, matched-clean) folded to [0.5,1.0]",0.964488,L2a,True,0.712500,5.6572,INVALID,ground-truth regeneration (ADR-0033): fault never reached the estimator,6383676a3491dc82d70f2db20cdafb942e5c588a
20260739,P2,position_drift,2.0 m final,L2a,"AUC(faulted, matched-clean) folded to [0.5,1.0]",0.500000,L2a,True,0.712500,5.6572,INVALID,ground-truth regeneration (ADR-0033): fault never reached the estimator,6383676a3491dc82d70f2db20cdafb942e5c588a
20260739,P2,position_drift,2.0 m final,L2b,"AUC(faulted, matched-clean) folded to [0.5,1.0]",0.500000,L2a,True,0.712500,5.6572,INVALID,ground-truth regeneration (ADR-0033): fault never reached the estimator,6383676a3491dc82d70f2db20cdafb942e5c588a
20260739,P2,position_drift,2.0 m final,L3,"AUC(faulted, matched-clean) folded to [0.5,1.0]",0.500000,L2a,True,0.712500,5.6572,INVALID,ground-truth regeneration (ADR-0033): fault never reached the estimator,6383676a3491dc82d70f2db20cdafb942e5c588a
20260739,P2,position_drift,2.0 m final,L6,"AUC(faulted, matched-clean) folded to [0.5,1.0]",0.500000,L2a,True,0.712500,5.6572,INVALID,ground-truth regeneration (ADR-0033): fault never reached the estimator,6383676a3491dc82d70f2db20cdafb942e5c588a
20260739,P2,position_drift,2.0 m final,L7,"AUC(faulted, matched-clean) folded to [0.5,1.0]",0.500000,L2a,True,0.712500,5.6572,INVALID,ground-truth regeneration (ADR-0033): fault never reached the estimator,6383676a3491dc82d70f2db20cdafb942e5c588a
20260739,P2,position_drift,2.0 m final,L8,"AUC(faulted, matched-clean) folded to [0.5,1.0]",0.500000,L2a,True,0.712500,5.6572,INVALID,ground-truth regeneration (ADR-0033): fault never reached the estimator,6383676a3491dc82d70f2db20cdafb942e5c588a
20260739,P2,speed_stuck,hold,L1,"AUC(faulted, matched-clean) folded to [0.5,1.0]",0.967500,L2b,False,0.605000,4.0560,VALID,,6383676a3491dc82d70f2db20cdafb942e5c588a
20260739,P2,speed_stuck,hold,L2a,"AUC(faulted, matched-clean) folded to [0.5,1.0]",0.878537,L2b,False,0.605000,4.0560,VALID,,6383676a3491dc82d70f2db20cdafb942e5c588a
20260739,P2,speed_stuck,hold,L2b,"AUC(faulted, matched-clean) folded to [0.5,1.0]",0.581813,L2b,False,0.605000,4.0560,VALID,,6383676a3491dc82d70f2db20cdafb942e5c588a
20260739,P2,speed_stuck,hold,L3,"AUC(faulted, matched-clean) folded to [0.5,1.0]",0.878500,L2b,False,0.605000,4.0560,VALID,,6383676a3491dc82d70f2db20cdafb942e5c588a
20260739,P2,speed_stuck,hold,L6,"AUC(faulted, matched-clean) folded to [0.5,1.0]",0.509337,L2b,False,0.605000,4.0560,VALID,,6383676a3491dc82d70f2db20cdafb942e5c588a
20260739,P2,speed_stuck,hold,L7,"AUC(faulted, matched-clean) folded to [0.5,1.0]",0.607500,L2b,False,0.605000,4.0560,VALID,,6383676a3491dc82d70f2db20cdafb942e5c588a
20260739,P2,speed_stuck,hold,L8,"AUC(faulted, matched-clean) folded to [0.5,1.0]",0.702500,L2b,False,0.605000,4.0560,VALID,,6383676a3491dc82d70f2db20cdafb942e5c588a
20260739,P2,speed_bias,3.0 m/s,L1,"AUC(faulted, matched-clean) folded to [0.5,1.0]",0.634500,L2a,False,0.615000,4.9108,VALID,,6383676a3491dc82d70f2db20cdafb942e5c588a
20260739,P2,speed_bias,3.0 m/s,L2a,"AUC(faulted, matched-clean) folded to [0.5,1.0]",0.529400,L2a,False,0.615000,4.9108,VALID,,6383676a3491dc82d70f2db20cdafb942e5c588a
20260739,P2,speed_bias,3.0 m/s,L2b,"AUC(faulted, matched-clean) folded to [0.5,1.0]",0.543150,L2a,False,0.615000,4.9108,VALID,,6383676a3491dc82d70f2db20cdafb942e5c588a
20260739,P2,speed_bias,3.0 m/s,L3,"AUC(faulted, matched-clean) folded to [0.5,1.0]",0.526137,L2a,False,0.615000,4.9108,VALID,,6383676a3491dc82d70f2db20cdafb942e5c588a
20260739,P2,speed_bias,3.0 m/s,L6,"AUC(faulted, matched-clean) folded to [0.5,1.0]",0.617775,L2a,False,0.615000,4.9108,VALID,,6383676a3491dc82d70f2db20cdafb942e5c588a
20260739,P2,speed_bias,3.0 m/s,L7,"AUC(faulted, matched-clean) folded to [0.5,1.0]",0.597500,L2a,False,0.615000,4.9108,VALID,,6383676a3491dc82d70f2db20cdafb942e5c588a
20260739,P2,speed_bias,3.0 m/s,L8,"AUC(faulted, matched-clean) folded to [0.5,1.0]",0.575000,L2a,False,0.615000,4.9108,VALID,,6383676a3491dc82d70f2db20cdafb942e5c588a
20260739,P2,lateral_noise,sigma x25,L1,"AUC(faulted, matched-clean) folded to [0.5,1.0]",0.916875,L7,False,0.752500,4.9528,VALID,,6383676a3491dc82d70f2db20cdafb942e5c588a
20260739,P2,lateral_noise,sigma x25,L2a,"AUC(faulted, matched-clean) folded to [0.5,1.0]",0.832600,L7,False,0.752500,4.9528,VALID,,6383676a3491dc82d70f2db20cdafb942e5c588a
20260739,P2,lateral_noise,sigma x25,L2b,"AUC(faulted, matched-clean) folded to [0.5,1.0]",0.800700,L7,False,0.752500,4.9528,VALID,,6383676a3491dc82d70f2db20cdafb942e5c588a
20260739,P2,lateral_noise,sigma x25,L3,"AUC(faulted, matched-clean) folded to [0.5,1.0]",0.827638,L7,False,0.752500,4.9528,VALID,,6383676a3491dc82d70f2db20cdafb942e5c588a
20260739,P2,lateral_noise,sigma x25,L6,"AUC(faulted, matched-clean) folded to [0.5,1.0]",0.716725,L7,False,0.752500,4.9528,VALID,,6383676a3491dc82d70f2db20cdafb942e5c588a
20260739,P2,lateral_noise,sigma x25,L7,"AUC(faulted, matched-clean) folded to [0.5,1.0]",0.540000,L7,False,0.752500,4.9528,VALID,,6383676a3491dc82d70f2db20cdafb942e5c588a
20260739,P2,lateral_noise,sigma x25,L8,"AUC(faulted, matched-clean) folded to [0.5,1.0]",0.630000,L7,False,0.752500,4.9528,VALID,,6383676a3491dc82d70f2db20cdafb942e5c588a
20260740,P2,imu_dropout,suppress IMU,L1,"AUC(faulted, matched-clean) folded to [0.5,1.0]",0.997500,L6,False,0.865000,3.5657,VALID,,6383676a3491dc82d70f2db20cdafb942e5c588a
20260740,P2,imu_dropout,suppress IMU,L2a,"AUC(faulted, matched-clean) folded to [0.5,1.0]",0.837750,L6,False,0.865000,3.5657,VALID,,6383676a3491dc82d70f2db20cdafb942e5c588a
20260740,P2,imu_dropout,suppress IMU,L2b,"AUC(faulted, matched-clean) folded to [0.5,1.0]",0.978425,L6,False,0.865000,3.5657,VALID,,6383676a3491dc82d70f2db20cdafb942e5c588a
20260740,P2,imu_dropout,suppress IMU,L3,"AUC(faulted, matched-clean) folded to [0.5,1.0]",0.850562,L6,False,0.865000,3.5657,VALID,,6383676a3491dc82d70f2db20cdafb942e5c588a
20260740,P2,imu_dropout,suppress IMU,L6,"AUC(faulted, matched-clean) folded to [0.5,1.0]",0.515475,L6,False,0.865000,3.5657,VALID,,6383676a3491dc82d70f2db20cdafb942e5c588a
20260740,P2,imu_dropout,suppress IMU,L7,"AUC(faulted, matched-clean) folded to [0.5,1.0]",0.602500,L6,False,0.865000,3.5657,VALID,,6383676a3491dc82d70f2db20cdafb942e5c588a
20260740,P2,imu_dropout,suppress IMU,L8,"AUC(faulted, matched-clean) folded to [0.5,1.0]",0.705000,L6,False,0.865000,3.5657,VALID,,6383676a3491dc82d70f2db20cdafb942e5c588a
20260740,P2,position_bias,1.0 m,L1,"AUC(faulted, matched-clean) folded to [0.5,1.0]",1.000000,L2a,True,0.762500,4.6462,INVALID,ground-truth regeneration (ADR-0033): fault never reached the estimator,6383676a3491dc82d70f2db20cdafb942e5c588a
20260740,P2,position_bias,1.0 m,L2a,"AUC(faulted, matched-clean) folded to [0.5,1.0]",0.500000,L2a,True,0.762500,4.6462,INVALID,ground-truth regeneration (ADR-0033): fault never reached the estimator,6383676a3491dc82d70f2db20cdafb942e5c588a
20260740,P2,position_bias,1.0 m,L2b,"AUC(faulted, matched-clean) folded to [0.5,1.0]",0.500000,L2a,True,0.762500,4.6462,INVALID,ground-truth regeneration (ADR-0033): fault never reached the estimator,6383676a3491dc82d70f2db20cdafb942e5c588a
20260740,P2,position_bias,1.0 m,L3,"AUC(faulted, matched-clean) folded to [0.5,1.0]",0.500000,L2a,True,0.762500,4.6462,INVALID,ground-truth regeneration (ADR-0033): fault never reached the estimator,6383676a3491dc82d70f2db20cdafb942e5c588a
20260740,P2,position_bias,1.0 m,L6,"AUC(faulted, matched-clean) folded to [0.5,1.0]",0.500000,L2a,True,0.762500,4.6462,INVALID,ground-truth regeneration (ADR-0033): fault never reached the estimator,6383676a3491dc82d70f2db20cdafb942e5c588a
20260740,P2,position_bias,1.0 m,L7,"AUC(faulted, matched-clean) folded to [0.5,1.0]",0.500000,L2a,True,0.762500,4.6462,INVALID,ground-truth regeneration (ADR-0033): fault never reached the estimator,6383676a3491dc82d70f2db20cdafb942e5c588a
20260740,P2,position_bias,1.0 m,L8,"AUC(faulted, matched-clean) folded to [0.5,1.0]",0.500000,L2a,True,0.762500,4.6462,INVALID,ground-truth regeneration (ADR-0033): fault never reached the estimator,6383676a3491dc82d70f2db20cdafb942e5c588a
20260740,P2,position_drift,2.0 m final,L1,"AUC(faulted, matched-clean) folded to [0.5,1.0]",0.973087,L2a,True,0.762500,4.6462,INVALID,ground-truth regeneration (ADR-0033): fault never reached the estimator,6383676a3491dc82d70f2db20cdafb942e5c588a
20260740,P2,position_drift,2.0 m final,L2a,"AUC(faulted, matched-clean) folded to [0.5,1.0]",0.500000,L2a,True,0.762500,4.6462,INVALID,ground-truth regeneration (ADR-0033): fault never reached the estimator,6383676a3491dc82d70f2db20cdafb942e5c588a
20260740,P2,position_drift,2.0 m final,L2b,"AUC(faulted, matched-clean) folded to [0.5,1.0]",0.500000,L2a,True,0.762500,4.6462,INVALID,ground-truth regeneration (ADR-0033): fault never reached the estimator,6383676a3491dc82d70f2db20cdafb942e5c588a
20260740,P2,position_drift,2.0 m final,L3,"AUC(faulted, matched-clean) folded to [0.5,1.0]",0.500000,L2a,True,0.762500,4.6462,INVALID,ground-truth regeneration (ADR-0033): fault never reached the estimator,6383676a3491dc82d70f2db20cdafb942e5c588a
20260740,P2,position_drift,2.0 m final,L6,"AUC(faulted, matched-clean) folded to [0.5,1.0]",0.500000,L2a,True,0.762500,4.6462,INVALID,ground-truth regeneration (ADR-0033): fault never reached the estimator,6383676a3491dc82d70f2db20cdafb942e5c588a
20260740,P2,position_drift,2.0 m final,L7,"AUC(faulted, matched-clean) folded to [0.5,1.0]",0.500000,L2a,True,0.762500,4.6462,INVALID,ground-truth regeneration (ADR-0033): fault never reached the estimator,6383676a3491dc82d70f2db20cdafb942e5c588a
20260740,P2,position_drift,2.0 m final,L8,"AUC(faulted, matched-clean) folded to [0.5,1.0]",0.500000,L2a,True,0.762500,4.6462,INVALID,ground-truth regeneration (ADR-0033): fault never reached the estimator,6383676a3491dc82d70f2db20cdafb942e5c588a
20260740,P2,speed_stuck,hold,L1,"AUC(faulted, matched-clean) folded to [0.5,1.0]",0.662500,L6,False,0.680000,3.8217,VALID,,6383676a3491dc82d70f2db20cdafb942e5c588a
20260740,P2,speed_stuck,hold,L2a,"AUC(faulted, matched-clean) folded to [0.5,1.0]",0.832562,L6,False,0.680000,3.8217,VALID,,6383676a3491dc82d70f2db20cdafb942e5c588a
20260740,P2,speed_stuck,hold,L2b,"AUC(faulted, matched-clean) folded to [0.5,1.0]",0.729912,L6,False,0.680000,3.8217,VALID,,6383676a3491dc82d70f2db20cdafb942e5c588a
20260740,P2,speed_stuck,hold,L3,"AUC(faulted, matched-clean) folded to [0.5,1.0]",0.832350,L6,False,0.680000,3.8217,VALID,,6383676a3491dc82d70f2db20cdafb942e5c588a
20260740,P2,speed_stuck,hold,L6,"AUC(faulted, matched-clean) folded to [0.5,1.0]",0.590388,L6,False,0.680000,3.8217,VALID,,6383676a3491dc82d70f2db20cdafb942e5c588a
20260740,P2,speed_stuck,hold,L7,"AUC(faulted, matched-clean) folded to [0.5,1.0]",0.582500,L6,False,0.680000,3.8217,VALID,,6383676a3491dc82d70f2db20cdafb942e5c588a
20260740,P2,speed_stuck,hold,L8,"AUC(faulted, matched-clean) folded to [0.5,1.0]",0.675000,L6,False,0.680000,3.8217,VALID,,6383676a3491dc82d70f2db20cdafb942e5c588a
20260740,P2,speed_bias,3.0 m/s,L1,"AUC(faulted, matched-clean) folded to [0.5,1.0]",0.543575,L1,False,0.650000,3.4381,VALID,,6383676a3491dc82d70f2db20cdafb942e5c588a
20260740,P2,speed_bias,3.0 m/s,L2a,"AUC(faulted, matched-clean) folded to [0.5,1.0]",0.748375,L1,False,0.650000,3.4381,VALID,,6383676a3491dc82d70f2db20cdafb942e5c588a
20260740,P2,speed_bias,3.0 m/s,L2b,"AUC(faulted, matched-clean) folded to [0.5,1.0]",0.662900,L1,False,0.650000,3.4381,VALID,,6383676a3491dc82d70f2db20cdafb942e5c588a
20260740,P2,speed_bias,3.0 m/s,L3,"AUC(faulted, matched-clean) folded to [0.5,1.0]",0.755763,L1,False,0.650000,3.4381,VALID,,6383676a3491dc82d70f2db20cdafb942e5c588a
20260740,P2,speed_bias,3.0 m/s,L6,"AUC(faulted, matched-clean) folded to [0.5,1.0]",0.532475,L1,False,0.650000,3.4381,VALID,,6383676a3491dc82d70f2db20cdafb942e5c588a
20260740,P2,speed_bias,3.0 m/s,L7,"AUC(faulted, matched-clean) folded to [0.5,1.0]",0.612500,L1,False,0.650000,3.4381,VALID,,6383676a3491dc82d70f2db20cdafb942e5c588a
20260740,P2,speed_bias,3.0 m/s,L8,"AUC(faulted, matched-clean) folded to [0.5,1.0]",0.710000,L1,False,0.650000,3.4381,VALID,,6383676a3491dc82d70f2db20cdafb942e5c588a
20260740,P2,lateral_noise,sigma x25,L1,"AUC(faulted, matched-clean) folded to [0.5,1.0]",0.931875,L7,False,0.850000,3.7035,VALID,,6383676a3491dc82d70f2db20cdafb942e5c588a
20260740,P2,lateral_noise,sigma x25,L2a,"AUC(faulted, matched-clean) folded to [0.5,1.0]",0.860600,L7,False,0.850000,3.7035,VALID,,6383676a3491dc82d70f2db20cdafb942e5c588a
20260740,P2,lateral_noise,sigma x25,L2b,"AUC(faulted, matched-clean) folded to [0.5,1.0]",0.943950,L7,False,0.850000,3.7035,VALID,,6383676a3491dc82d70f2db20cdafb942e5c588a
20260740,P2,lateral_noise,sigma x25,L3,"AUC(faulted, matched-clean) folded to [0.5,1.0]",0.863825,L7,False,0.850000,3.7035,VALID,,6383676a3491dc82d70f2db20cdafb942e5c588a
20260740,P2,lateral_noise,sigma x25,L6,"AUC(faulted, matched-clean) folded to [0.5,1.0]",0.953000,L7,False,0.850000,3.7035,VALID,,6383676a3491dc82d70f2db20cdafb942e5c588a
20260740,P2,lateral_noise,sigma x25,L7,"AUC(faulted, matched-clean) folded to [0.5,1.0]",0.587500,L7,False,0.850000,3.7035,VALID,,6383676a3491dc82d70f2db20cdafb942e5c588a
20260740,P2,lateral_noise,sigma x25,L8,"AUC(faulted, matched-clean) folded to [0.5,1.0]",0.675000,L7,False,0.850000,3.7035,VALID,,6383676a3491dc82d70f2db20cdafb942e5c588a
20260741,P2,imu_dropout,suppress IMU,L1,"AUC(faulted, matched-clean) folded to [0.5,1.0]",0.997500,L8,True,0.657500,3.4581,VALID,,6383676a3491dc82d70f2db20cdafb942e5c588a
20260741,P2,imu_dropout,suppress IMU,L2a,"AUC(faulted, matched-clean) folded to [0.5,1.0]",0.800225,L8,True,0.657500,3.4581,VALID,,6383676a3491dc82d70f2db20cdafb942e5c588a
20260741,P2,imu_dropout,suppress IMU,L2b,"AUC(faulted, matched-clean) folded to [0.5,1.0]",0.717525,L8,True,0.657500,3.4581,VALID,,6383676a3491dc82d70f2db20cdafb942e5c588a
20260741,P2,imu_dropout,suppress IMU,L3,"AUC(faulted, matched-clean) folded to [0.5,1.0]",0.800312,L8,True,0.657500,3.4581,VALID,,6383676a3491dc82d70f2db20cdafb942e5c588a
20260741,P2,imu_dropout,suppress IMU,L6,"AUC(faulted, matched-clean) folded to [0.5,1.0]",0.871650,L8,True,0.657500,3.4581,VALID,,6383676a3491dc82d70f2db20cdafb942e5c588a
20260741,P2,imu_dropout,suppress IMU,L7,"AUC(faulted, matched-clean) folded to [0.5,1.0]",0.657500,L8,True,0.657500,3.4581,VALID,,6383676a3491dc82d70f2db20cdafb942e5c588a
20260741,P2,imu_dropout,suppress IMU,L8,"AUC(faulted, matched-clean) folded to [0.5,1.0]",0.525000,L8,True,0.657500,3.4581,VALID,,6383676a3491dc82d70f2db20cdafb942e5c588a
20260741,P2,position_bias,1.0 m,L1,"AUC(faulted, matched-clean) folded to [0.5,1.0]",1.000000,L2a,True,0.815000,3.9767,INVALID,ground-truth regeneration (ADR-0033): fault never reached the estimator,6383676a3491dc82d70f2db20cdafb942e5c588a
20260741,P2,position_bias,1.0 m,L2a,"AUC(faulted, matched-clean) folded to [0.5,1.0]",0.500000,L2a,True,0.815000,3.9767,INVALID,ground-truth regeneration (ADR-0033): fault never reached the estimator,6383676a3491dc82d70f2db20cdafb942e5c588a
20260741,P2,position_bias,1.0 m,L2b,"AUC(faulted, matched-clean) folded to [0.5,1.0]",0.500000,L2a,True,0.815000,3.9767,INVALID,ground-truth regeneration (ADR-0033): fault never reached the estimator,6383676a3491dc82d70f2db20cdafb942e5c588a
20260741,P2,position_bias,1.0 m,L3,"AUC(faulted, matched-clean) folded to [0.5,1.0]",0.500000,L2a,True,0.815000,3.9767,INVALID,ground-truth regeneration (ADR-0033): fault never reached the estimator,6383676a3491dc82d70f2db20cdafb942e5c588a
20260741,P2,position_bias,1.0 m,L6,"AUC(faulted, matched-clean) folded to [0.5,1.0]",0.500000,L2a,True,0.815000,3.9767,INVALID,ground-truth regeneration (ADR-0033): fault never reached the estimator,6383676a3491dc82d70f2db20cdafb942e5c588a
20260741,P2,position_bias,1.0 m,L7,"AUC(faulted, matched-clean) folded to [0.5,1.0]",0.500000,L2a,True,0.815000,3.9767,INVALID,ground-truth regeneration (ADR-0033): fault never reached the estimator,6383676a3491dc82d70f2db20cdafb942e5c588a
20260741,P2,position_bias,1.0 m,L8,"AUC(faulted, matched-clean) folded to [0.5,1.0]",0.500000,L2a,True,0.815000,3.9767,INVALID,ground-truth regeneration (ADR-0033): fault never reached the estimator,6383676a3491dc82d70f2db20cdafb942e5c588a
20260741,P2,position_drift,2.0 m final,L1,"AUC(faulted, matched-clean) folded to [0.5,1.0]",0.972612,L2a,True,0.815000,3.9767,INVALID,ground-truth regeneration (ADR-0033): fault never reached the estimator,6383676a3491dc82d70f2db20cdafb942e5c588a
20260741,P2,position_drift,2.0 m final,L2a,"AUC(faulted, matched-clean) folded to [0.5,1.0]",0.500000,L2a,True,0.815000,3.9767,INVALID,ground-truth regeneration (ADR-0033): fault never reached the estimator,6383676a3491dc82d70f2db20cdafb942e5c588a
20260741,P2,position_drift,2.0 m final,L2b,"AUC(faulted, matched-clean) folded to [0.5,1.0]",0.500000,L2a,True,0.815000,3.9767,INVALID,ground-truth regeneration (ADR-0033): fault never reached the estimator,6383676a3491dc82d70f2db20cdafb942e5c588a
20260741,P2,position_drift,2.0 m final,L3,"AUC(faulted, matched-clean) folded to [0.5,1.0]",0.500000,L2a,True,0.815000,3.9767,INVALID,ground-truth regeneration (ADR-0033): fault never reached the estimator,6383676a3491dc82d70f2db20cdafb942e5c588a
20260741,P2,position_drift,2.0 m final,L6,"AUC(faulted, matched-clean) folded to [0.5,1.0]",0.500000,L2a,True,0.815000,3.9767,INVALID,ground-truth regeneration (ADR-0033): fault never reached the estimator,6383676a3491dc82d70f2db20cdafb942e5c588a
20260741,P2,position_drift,2.0 m final,L7,"AUC(faulted, matched-clean) folded to [0.5,1.0]",0.500000,L2a,True,0.815000,3.9767,INVALID,ground-truth regeneration (ADR-0033): fault never reached the estimator,6383676a3491dc82d70f2db20cdafb942e5c588a
20260741,P2,position_drift,2.0 m final,L8,"AUC(faulted, matched-clean) folded to [0.5,1.0]",0.500000,L2a,True,0.815000,3.9767,INVALID,ground-truth regeneration (ADR-0033): fault never reached the estimator,6383676a3491dc82d70f2db20cdafb942e5c588a
20260741,P2,speed_stuck,hold,L1,"AUC(faulted, matched-clean) folded to [0.5,1.0]",0.997500,L2b,False,0.632500,3.4581,VALID,,6383676a3491dc82d70f2db20cdafb942e5c588a
20260741,P2,speed_stuck,hold,L2a,"AUC(faulted, matched-clean) folded to [0.5,1.0]",0.750387,L2b,False,0.632500,3.4581,VALID,,6383676a3491dc82d70f2db20cdafb942e5c588a
20260741,P2,speed_stuck,hold,L2b,"AUC(faulted, matched-clean) folded to [0.5,1.0]",0.552963,L2b,False,0.632500,3.4581,VALID,,6383676a3491dc82d70f2db20cdafb942e5c588a
20260741,P2,speed_stuck,hold,L3,"AUC(faulted, matched-clean) folded to [0.5,1.0]",0.750075,L2b,False,0.632500,3.4581,VALID,,6383676a3491dc82d70f2db20cdafb942e5c588a
20260741,P2,speed_stuck,hold,L6,"AUC(faulted, matched-clean) folded to [0.5,1.0]",0.814638,L2b,False,0.632500,3.4581,VALID,,6383676a3491dc82d70f2db20cdafb942e5c588a
20260741,P2,speed_stuck,hold,L7,"AUC(faulted, matched-clean) folded to [0.5,1.0]",0.682500,L2b,False,0.632500,3.4581,VALID,,6383676a3491dc82d70f2db20cdafb942e5c588a
20260741,P2,speed_stuck,hold,L8,"AUC(faulted, matched-clean) folded to [0.5,1.0]",0.540000,L2b,False,0.632500,3.4581,VALID,,6383676a3491dc82d70f2db20cdafb942e5c588a
20260741,P2,speed_bias,3.0 m/s,L1,"AUC(faulted, matched-clean) folded to [0.5,1.0]",0.802175,L2a,False,0.620000,3.6195,VALID,,6383676a3491dc82d70f2db20cdafb942e5c588a
20260741,P2,speed_bias,3.0 m/s,L2a,"AUC(faulted, matched-clean) folded to [0.5,1.0]",0.595275,L2a,False,0.620000,3.6195,VALID,,6383676a3491dc82d70f2db20cdafb942e5c588a
20260741,P2,speed_bias,3.0 m/s,L2b,"AUC(faulted, matched-clean) folded to [0.5,1.0]",0.714000,L2a,False,0.620000,3.6195,VALID,,6383676a3491dc82d70f2db20cdafb942e5c588a
20260741,P2,speed_bias,3.0 m/s,L3,"AUC(faulted, matched-clean) folded to [0.5,1.0]",0.601163,L2a,False,0.620000,3.6195,VALID,,6383676a3491dc82d70f2db20cdafb942e5c588a
20260741,P2,speed_bias,3.0 m/s,L6,"AUC(faulted, matched-clean) folded to [0.5,1.0]",0.793450,L2a,False,0.620000,3.6195,VALID,,6383676a3491dc82d70f2db20cdafb942e5c588a
20260741,P2,speed_bias,3.0 m/s,L7,"AUC(faulted, matched-clean) folded to [0.5,1.0]",0.695000,L2a,False,0.620000,3.6195,VALID,,6383676a3491dc82d70f2db20cdafb942e5c588a
20260741,P2,speed_bias,3.0 m/s,L8,"AUC(faulted, matched-clean) folded to [0.5,1.0]",0.510000,L2a,False,0.620000,3.6195,VALID,,6383676a3491dc82d70f2db20cdafb942e5c588a
20260741,P2,lateral_noise,sigma x25,L1,"AUC(faulted, matched-clean) folded to [0.5,1.0]",0.946025,L7,True,0.865000,3.5486,VALID,,6383676a3491dc82d70f2db20cdafb942e5c588a
20260741,P2,lateral_noise,sigma x25,L2a,"AUC(faulted, matched-clean) folded to [0.5,1.0]",0.878250,L7,True,0.865000,3.5486,VALID,,6383676a3491dc82d70f2db20cdafb942e5c588a
20260741,P2,lateral_noise,sigma x25,L2b,"AUC(faulted, matched-clean) folded to [0.5,1.0]",0.976850,L7,True,0.865000,3.5486,VALID,,6383676a3491dc82d70f2db20cdafb942e5c588a
20260741,P2,lateral_noise,sigma x25,L3,"AUC(faulted, matched-clean) folded to [0.5,1.0]",0.878413,L7,True,0.865000,3.5486,VALID,,6383676a3491dc82d70f2db20cdafb942e5c588a
20260741,P2,lateral_noise,sigma x25,L6,"AUC(faulted, matched-clean) folded to [0.5,1.0]",0.935575,L7,True,0.865000,3.5486,VALID,,6383676a3491dc82d70f2db20cdafb942e5c588a
20260741,P2,lateral_noise,sigma x25,L7,"AUC(faulted, matched-clean) folded to [0.5,1.0]",0.550000,L7,True,0.865000,3.5486,VALID,,6383676a3491dc82d70f2db20cdafb942e5c588a
20260741,P2,lateral_noise,sigma x25,L8,"AUC(faulted, matched-clean) folded to [0.5,1.0]",0.580000,L7,True,0.865000,3.5486,VALID,,6383676a3491dc82d70f2db20cdafb942e5c588a
20260742,P2,imu_dropout,suppress IMU,L1,"AUC(faulted, matched-clean) folded to [0.5,1.0]",0.997500,,False,0.817500,4.2487,VALID,,6383676a3491dc82d70f2db20cdafb942e5c588a
20260742,P2,imu_dropout,suppress IMU,L2a,"AUC(faulted, matched-clean) folded to [0.5,1.0]",0.954000,,False,0.817500,4.2487,VALID,,6383676a3491dc82d70f2db20cdafb942e5c588a
20260742,P2,imu_dropout,suppress IMU,L2b,"AUC(faulted, matched-clean) folded to [0.5,1.0]",0.927650,,False,0.817500,4.2487,VALID,,6383676a3491dc82d70f2db20cdafb942e5c588a
20260742,P2,imu_dropout,suppress IMU,L3,"AUC(faulted, matched-clean) folded to [0.5,1.0]",0.872587,,False,0.817500,4.2487,VALID,,6383676a3491dc82d70f2db20cdafb942e5c588a
20260742,P2,imu_dropout,suppress IMU,L6,"AUC(faulted, matched-clean) folded to [0.5,1.0]",0.990725,,False,0.817500,4.2487,VALID,,6383676a3491dc82d70f2db20cdafb942e5c588a
20260742,P2,imu_dropout,suppress IMU,L7,"AUC(faulted, matched-clean) folded to [0.5,1.0]",0.697500,,False,0.817500,4.2487,VALID,,6383676a3491dc82d70f2db20cdafb942e5c588a
20260742,P2,imu_dropout,suppress IMU,L8,"AUC(faulted, matched-clean) folded to [0.5,1.0]",0.900000,,False,0.817500,4.2487,VALID,,6383676a3491dc82d70f2db20cdafb942e5c588a
20260742,P2,position_bias,1.0 m,L1,"AUC(faulted, matched-clean) folded to [0.5,1.0]",1.000000,L2a,True,0.620000,5.9902,INVALID,ground-truth regeneration (ADR-0033): fault never reached the estimator,6383676a3491dc82d70f2db20cdafb942e5c588a
20260742,P2,position_bias,1.0 m,L2a,"AUC(faulted, matched-clean) folded to [0.5,1.0]",0.500000,L2a,True,0.620000,5.9902,INVALID,ground-truth regeneration (ADR-0033): fault never reached the estimator,6383676a3491dc82d70f2db20cdafb942e5c588a
20260742,P2,position_bias,1.0 m,L2b,"AUC(faulted, matched-clean) folded to [0.5,1.0]",0.500000,L2a,True,0.620000,5.9902,INVALID,ground-truth regeneration (ADR-0033): fault never reached the estimator,6383676a3491dc82d70f2db20cdafb942e5c588a
20260742,P2,position_bias,1.0 m,L3,"AUC(faulted, matched-clean) folded to [0.5,1.0]",0.500000,L2a,True,0.620000,5.9902,INVALID,ground-truth regeneration (ADR-0033): fault never reached the estimator,6383676a3491dc82d70f2db20cdafb942e5c588a
20260742,P2,position_bias,1.0 m,L6,"AUC(faulted, matched-clean) folded to [0.5,1.0]",0.500000,L2a,True,0.620000,5.9902,INVALID,ground-truth regeneration (ADR-0033): fault never reached the estimator,6383676a3491dc82d70f2db20cdafb942e5c588a
20260742,P2,position_bias,1.0 m,L7,"AUC(faulted, matched-clean) folded to [0.5,1.0]",0.500000,L2a,True,0.620000,5.9902,INVALID,ground-truth regeneration (ADR-0033): fault never reached the estimator,6383676a3491dc82d70f2db20cdafb942e5c588a
20260742,P2,position_bias,1.0 m,L8,"AUC(faulted, matched-clean) folded to [0.5,1.0]",0.500000,L2a,True,0.620000,5.9902,INVALID,ground-truth regeneration (ADR-0033): fault never reached the estimator,6383676a3491dc82d70f2db20cdafb942e5c588a
20260742,P2,position_drift,2.0 m final,L1,"AUC(faulted, matched-clean) folded to [0.5,1.0]",0.967313,L2a,True,0.620000,5.9902,INVALID,ground-truth regeneration (ADR-0033): fault never reached the estimator,6383676a3491dc82d70f2db20cdafb942e5c588a
20260742,P2,position_drift,2.0 m final,L2a,"AUC(faulted, matched-clean) folded to [0.5,1.0]",0.500000,L2a,True,0.620000,5.9902,INVALID,ground-truth regeneration (ADR-0033): fault never reached the estimator,6383676a3491dc82d70f2db20cdafb942e5c588a
20260742,P2,position_drift,2.0 m final,L2b,"AUC(faulted, matched-clean) folded to [0.5,1.0]",0.500000,L2a,True,0.620000,5.9902,INVALID,ground-truth regeneration (ADR-0033): fault never reached the estimator,6383676a3491dc82d70f2db20cdafb942e5c588a
20260742,P2,position_drift,2.0 m final,L3,"AUC(faulted, matched-clean) folded to [0.5,1.0]",0.500000,L2a,True,0.620000,5.9902,INVALID,ground-truth regeneration (ADR-0033): fault never reached the estimator,6383676a3491dc82d70f2db20cdafb942e5c588a
20260742,P2,position_drift,2.0 m final,L6,"AUC(faulted, matched-clean) folded to [0.5,1.0]",0.500000,L2a,True,0.620000,5.9902,INVALID,ground-truth regeneration (ADR-0033): fault never reached the estimator,6383676a3491dc82d70f2db20cdafb942e5c588a
20260742,P2,position_drift,2.0 m final,L7,"AUC(faulted, matched-clean) folded to [0.5,1.0]",0.500000,L2a,True,0.620000,5.9902,INVALID,ground-truth regeneration (ADR-0033): fault never reached the estimator,6383676a3491dc82d70f2db20cdafb942e5c588a
20260742,P2,position_drift,2.0 m final,L8,"AUC(faulted, matched-clean) folded to [0.5,1.0]",0.500000,L2a,True,0.620000,5.9902,INVALID,ground-truth regeneration (ADR-0033): fault never reached the estimator,6383676a3491dc82d70f2db20cdafb942e5c588a
20260742,P2,speed_stuck,hold,L1,"AUC(faulted, matched-clean) folded to [0.5,1.0]",0.677500,L2b,False,0.642500,11.3289,VALID,,6383676a3491dc82d70f2db20cdafb942e5c588a
20260742,P2,speed_stuck,hold,L2a,"AUC(faulted, matched-clean) folded to [0.5,1.0]",0.968163,L2b,False,0.642500,11.3289,VALID,,6383676a3491dc82d70f2db20cdafb942e5c588a
20260742,P2,speed_stuck,hold,L2b,"AUC(faulted, matched-clean) folded to [0.5,1.0]",0.532262,L2b,False,0.642500,11.3289,VALID,,6383676a3491dc82d70f2db20cdafb942e5c588a
20260742,P2,speed_stuck,hold,L3,"AUC(faulted, matched-clean) folded to [0.5,1.0]",0.968113,L2b,False,0.642500,11.3289,VALID,,6383676a3491dc82d70f2db20cdafb942e5c588a
20260742,P2,speed_stuck,hold,L6,"AUC(faulted, matched-clean) folded to [0.5,1.0]",0.735137,L2b,False,0.642500,11.3289,VALID,,6383676a3491dc82d70f2db20cdafb942e5c588a
20260742,P2,speed_stuck,hold,L7,"AUC(faulted, matched-clean) folded to [0.5,1.0]",0.522500,L2b,False,0.642500,11.3289,VALID,,6383676a3491dc82d70f2db20cdafb942e5c588a
20260742,P2,speed_stuck,hold,L8,"AUC(faulted, matched-clean) folded to [0.5,1.0]",0.537500,L2b,False,0.642500,11.3289,VALID,,6383676a3491dc82d70f2db20cdafb942e5c588a
20260742,P2,speed_bias,3.0 m/s,L1,"AUC(faulted, matched-clean) folded to [0.5,1.0]",0.518675,L1,True,0.622500,4.5175,VALID,,6383676a3491dc82d70f2db20cdafb942e5c588a
20260742,P2,speed_bias,3.0 m/s,L2a,"AUC(faulted, matched-clean) folded to [0.5,1.0]",0.511500,L1,True,0.622500,4.5175,VALID,,6383676a3491dc82d70f2db20cdafb942e5c588a
20260742,P2,speed_bias,3.0 m/s,L2b,"AUC(faulted, matched-clean) folded to [0.5,1.0]",0.531675,L1,True,0.622500,4.5175,VALID,,6383676a3491dc82d70f2db20cdafb942e5c588a
20260742,P2,speed_bias,3.0 m/s,L3,"AUC(faulted, matched-clean) folded to [0.5,1.0]",0.504212,L1,True,0.622500,4.5175,VALID,,6383676a3491dc82d70f2db20cdafb942e5c588a
20260742,P2,speed_bias,3.0 m/s,L6,"AUC(faulted, matched-clean) folded to [0.5,1.0]",0.515750,L1,True,0.622500,4.5175,VALID,,6383676a3491dc82d70f2db20cdafb942e5c588a
20260742,P2,speed_bias,3.0 m/s,L7,"AUC(faulted, matched-clean) folded to [0.5,1.0]",0.502500,L1,True,0.622500,4.5175,VALID,,6383676a3491dc82d70f2db20cdafb942e5c588a
20260742,P2,speed_bias,3.0 m/s,L8,"AUC(faulted, matched-clean) folded to [0.5,1.0]",0.500000,L1,True,0.622500,4.5175,VALID,,6383676a3491dc82d70f2db20cdafb942e5c588a
20260742,P2,lateral_noise,sigma x25,L1,"AUC(faulted, matched-clean) folded to [0.5,1.0]",0.833050,,False,0.815000,4.0122,VALID,,6383676a3491dc82d70f2db20cdafb942e5c588a
20260742,P2,lateral_noise,sigma x25,L2a,"AUC(faulted, matched-clean) folded to [0.5,1.0]",0.826050,,False,0.815000,4.0122,VALID,,6383676a3491dc82d70f2db20cdafb942e5c588a
20260742,P2,lateral_noise,sigma x25,L2b,"AUC(faulted, matched-clean) folded to [0.5,1.0]",0.705300,,False,0.815000,4.0122,VALID,,6383676a3491dc82d70f2db20cdafb942e5c588a
20260742,P2,lateral_noise,sigma x25,L3,"AUC(faulted, matched-clean) folded to [0.5,1.0]",0.806362,,False,0.815000,4.0122,VALID,,6383676a3491dc82d70f2db20cdafb942e5c588a
20260742,P2,lateral_noise,sigma x25,L6,"AUC(faulted, matched-clean) folded to [0.5,1.0]",0.907275,,False,0.815000,4.0122,VALID,,6383676a3491dc82d70f2db20cdafb942e5c588a
20260742,P2,lateral_noise,sigma x25,L7,"AUC(faulted, matched-clean) folded to [0.5,1.0]",0.695000,,False,0.815000,4.0122,VALID,,6383676a3491dc82d70f2db20cdafb942e5c588a
20260742,P2,lateral_noise,sigma x25,L8,"AUC(faulted, matched-clean) folded to [0.5,1.0]",0.882500,,False,0.815000,4.0122,VALID,,6383676a3491dc82d70f2db20cdafb942e5c588a
20260743,P2,imu_dropout,suppress IMU,L1,"AUC(faulted, matched-clean) folded to [0.5,1.0]",0.997500,L6,True,0.927500,2.6435,VALID,,6383676a3491dc82d70f2db20cdafb942e5c588a
20260743,P2,imu_dropout,suppress IMU,L2a,"AUC(faulted, matched-clean) folded to [0.5,1.0]",0.682525,L6,True,0.927500,2.6435,VALID,,6383676a3491dc82d70f2db20cdafb942e5c588a
20260743,P2,imu_dropout,suppress IMU,L2b,"AUC(faulted, matched-clean) folded to [0.5,1.0]",0.744900,L6,True,0.927500,2.6435,VALID,,6383676a3491dc82d70f2db20cdafb942e5c588a
20260743,P2,imu_dropout,suppress IMU,L3,"AUC(faulted, matched-clean) folded to [0.5,1.0]",0.665675,L6,True,0.927500,2.6435,VALID,,6383676a3491dc82d70f2db20cdafb942e5c588a
20260743,P2,imu_dropout,suppress IMU,L6,"AUC(faulted, matched-clean) folded to [0.5,1.0]",0.541700,L6,True,0.927500,2.6435,VALID,,6383676a3491dc82d70f2db20cdafb942e5c588a
20260743,P2,imu_dropout,suppress IMU,L7,"AUC(faulted, matched-clean) folded to [0.5,1.0]",0.500000,L6,True,0.927500,2.6435,VALID,,6383676a3491dc82d70f2db20cdafb942e5c588a
20260743,P2,imu_dropout,suppress IMU,L8,"AUC(faulted, matched-clean) folded to [0.5,1.0]",0.500000,L6,True,0.927500,2.6435,VALID,,6383676a3491dc82d70f2db20cdafb942e5c588a
20260743,P2,position_bias,1.0 m,L1,"AUC(faulted, matched-clean) folded to [0.5,1.0]",1.000000,L2a,True,0.927500,2.6516,INVALID,ground-truth regeneration (ADR-0033): fault never reached the estimator,6383676a3491dc82d70f2db20cdafb942e5c588a
20260743,P2,position_bias,1.0 m,L2a,"AUC(faulted, matched-clean) folded to [0.5,1.0]",0.500000,L2a,True,0.927500,2.6516,INVALID,ground-truth regeneration (ADR-0033): fault never reached the estimator,6383676a3491dc82d70f2db20cdafb942e5c588a
20260743,P2,position_bias,1.0 m,L2b,"AUC(faulted, matched-clean) folded to [0.5,1.0]",0.500000,L2a,True,0.927500,2.6516,INVALID,ground-truth regeneration (ADR-0033): fault never reached the estimator,6383676a3491dc82d70f2db20cdafb942e5c588a
20260743,P2,position_bias,1.0 m,L3,"AUC(faulted, matched-clean) folded to [0.5,1.0]",0.500000,L2a,True,0.927500,2.6516,INVALID,ground-truth regeneration (ADR-0033): fault never reached the estimator,6383676a3491dc82d70f2db20cdafb942e5c588a
20260743,P2,position_bias,1.0 m,L6,"AUC(faulted, matched-clean) folded to [0.5,1.0]",0.500000,L2a,True,0.927500,2.6516,INVALID,ground-truth regeneration (ADR-0033): fault never reached the estimator,6383676a3491dc82d70f2db20cdafb942e5c588a
20260743,P2,position_bias,1.0 m,L7,"AUC(faulted, matched-clean) folded to [0.5,1.0]",0.500000,L2a,True,0.927500,2.6516,INVALID,ground-truth regeneration (ADR-0033): fault never reached the estimator,6383676a3491dc82d70f2db20cdafb942e5c588a
20260743,P2,position_bias,1.0 m,L8,"AUC(faulted, matched-clean) folded to [0.5,1.0]",0.500000,L2a,True,0.927500,2.6516,INVALID,ground-truth regeneration (ADR-0033): fault never reached the estimator,6383676a3491dc82d70f2db20cdafb942e5c588a
20260743,P2,position_drift,2.0 m final,L1,"AUC(faulted, matched-clean) folded to [0.5,1.0]",0.962963,L2a,True,0.927500,2.6516,INVALID,ground-truth regeneration (ADR-0033): fault never reached the estimator,6383676a3491dc82d70f2db20cdafb942e5c588a
20260743,P2,position_drift,2.0 m final,L2a,"AUC(faulted, matched-clean) folded to [0.5,1.0]",0.500000,L2a,True,0.927500,2.6516,INVALID,ground-truth regeneration (ADR-0033): fault never reached the estimator,6383676a3491dc82d70f2db20cdafb942e5c588a
20260743,P2,position_drift,2.0 m final,L2b,"AUC(faulted, matched-clean) folded to [0.5,1.0]",0.500000,L2a,True,0.927500,2.6516,INVALID,ground-truth regeneration (ADR-0033): fault never reached the estimator,6383676a3491dc82d70f2db20cdafb942e5c588a
20260743,P2,position_drift,2.0 m final,L3,"AUC(faulted, matched-clean) folded to [0.5,1.0]",0.500000,L2a,True,0.927500,2.6516,INVALID,ground-truth regeneration (ADR-0033): fault never reached the estimator,6383676a3491dc82d70f2db20cdafb942e5c588a
20260743,P2,position_drift,2.0 m final,L6,"AUC(faulted, matched-clean) folded to [0.5,1.0]",0.500000,L2a,True,0.927500,2.6516,INVALID,ground-truth regeneration (ADR-0033): fault never reached the estimator,6383676a3491dc82d70f2db20cdafb942e5c588a
20260743,P2,position_drift,2.0 m final,L7,"AUC(faulted, matched-clean) folded to [0.5,1.0]",0.500000,L2a,True,0.927500,2.6516,INVALID,ground-truth regeneration (ADR-0033): fault never reached the estimator,6383676a3491dc82d70f2db20cdafb942e5c588a
20260743,P2,position_drift,2.0 m final,L8,"AUC(faulted, matched-clean) folded to [0.5,1.0]",0.500000,L2a,True,0.927500,2.6516,INVALID,ground-truth regeneration (ADR-0033): fault never reached the estimator,6383676a3491dc82d70f2db20cdafb942e5c588a
20260743,P2,speed_stuck,hold,L1,"AUC(faulted, matched-clean) folded to [0.5,1.0]",0.602500,L2a,False,0.927500,2.6435,VALID,,6383676a3491dc82d70f2db20cdafb942e5c588a
20260743,P2,speed_stuck,hold,L2a,"AUC(faulted, matched-clean) folded to [0.5,1.0]",0.576512,L2a,False,0.927500,2.6435,VALID,,6383676a3491dc82d70f2db20cdafb942e5c588a
20260743,P2,speed_stuck,hold,L2b,"AUC(faulted, matched-clean) folded to [0.5,1.0]",0.601413,L2a,False,0.927500,2.6435,VALID,,6383676a3491dc82d70f2db20cdafb942e5c588a
20260743,P2,speed_stuck,hold,L3,"AUC(faulted, matched-clean) folded to [0.5,1.0]",0.577625,L2a,False,0.927500,2.6435,VALID,,6383676a3491dc82d70f2db20cdafb942e5c588a
20260743,P2,speed_stuck,hold,L6,"AUC(faulted, matched-clean) folded to [0.5,1.0]",0.519937,L2a,False,0.927500,2.6435,VALID,,6383676a3491dc82d70f2db20cdafb942e5c588a
20260743,P2,speed_stuck,hold,L7,"AUC(faulted, matched-clean) folded to [0.5,1.0]",0.500000,L2a,False,0.927500,2.6435,VALID,,6383676a3491dc82d70f2db20cdafb942e5c588a
20260743,P2,speed_stuck,hold,L8,"AUC(faulted, matched-clean) folded to [0.5,1.0]",0.500000,L2a,False,0.927500,2.6435,VALID,,6383676a3491dc82d70f2db20cdafb942e5c588a
20260743,P2,speed_bias,3.0 m/s,L1,"AUC(faulted, matched-clean) folded to [0.5,1.0]",1.000000,L2b,False,0.752500,2.6435,VALID,,6383676a3491dc82d70f2db20cdafb942e5c588a
20260743,P2,speed_bias,3.0 m/s,L2a,"AUC(faulted, matched-clean) folded to [0.5,1.0]",0.975975,L2b,False,0.752500,2.6435,VALID,,6383676a3491dc82d70f2db20cdafb942e5c588a
20260743,P2,speed_bias,3.0 m/s,L2b,"AUC(faulted, matched-clean) folded to [0.5,1.0]",0.519275,L2b,False,0.752500,2.6435,VALID,,6383676a3491dc82d70f2db20cdafb942e5c588a
20260743,P2,speed_bias,3.0 m/s,L3,"AUC(faulted, matched-clean) folded to [0.5,1.0]",0.981962,L2b,False,0.752500,2.6435,VALID,,6383676a3491dc82d70f2db20cdafb942e5c588a
20260743,P2,speed_bias,3.0 m/s,L6,"AUC(faulted, matched-clean) folded to [0.5,1.0]",0.965000,L2b,False,0.752500,2.6435,VALID,,6383676a3491dc82d70f2db20cdafb942e5c588a
20260743,P2,speed_bias,3.0 m/s,L7,"AUC(faulted, matched-clean) folded to [0.5,1.0]",0.675000,L2b,False,0.752500,2.6435,VALID,,6383676a3491dc82d70f2db20cdafb942e5c588a
20260743,P2,speed_bias,3.0 m/s,L8,"AUC(faulted, matched-clean) folded to [0.5,1.0]",0.500000,L2b,False,0.752500,2.6435,VALID,,6383676a3491dc82d70f2db20cdafb942e5c588a
20260743,P2,lateral_noise,sigma x25,L1,"AUC(faulted, matched-clean) folded to [0.5,1.0]",1.000000,L2b,False,0.927500,2.6516,VALID,,6383676a3491dc82d70f2db20cdafb942e5c588a
20260743,P2,lateral_noise,sigma x25,L2a,"AUC(faulted, matched-clean) folded to [0.5,1.0]",0.692175,L2b,False,0.927500,2.6516,VALID,,6383676a3491dc82d70f2db20cdafb942e5c588a
20260743,P2,lateral_noise,sigma x25,L2b,"AUC(faulted, matched-clean) folded to [0.5,1.0]",0.500862,L2b,False,0.927500,2.6516,VALID,,6383676a3491dc82d70f2db20cdafb942e5c588a
20260743,P2,lateral_noise,sigma x25,L3,"AUC(faulted, matched-clean) folded to [0.5,1.0]",0.631587,L2b,False,0.927500,2.6516,VALID,,6383676a3491dc82d70f2db20cdafb942e5c588a
20260743,P2,lateral_noise,sigma x25,L6,"AUC(faulted, matched-clean) folded to [0.5,1.0]",0.541450,L2b,False,0.927500,2.6516,VALID,,6383676a3491dc82d70f2db20cdafb942e5c588a
20260743,P2,lateral_noise,sigma x25,L7,"AUC(faulted, matched-clean) folded to [0.5,1.0]",0.500000,L2b,False,0.927500,2.6516,VALID,,6383676a3491dc82d70f2db20cdafb942e5c588a
20260743,P2,lateral_noise,sigma x25,L8,"AUC(faulted, matched-clean) folded to [0.5,1.0]",0.500000,L2b,False,0.927500,2.6516,VALID,,6383676a3491dc82d70f2db20cdafb942e5c588a
20260744,P2,imu_dropout,suppress IMU,L1,"AUC(faulted, matched-clean) folded to [0.5,1.0]",0.997500,L7,True,0.977500,2.4235,VALID,,6383676a3491dc82d70f2db20cdafb942e5c588a
20260744,P2,imu_dropout,suppress IMU,L2a,"AUC(faulted, matched-clean) folded to [0.5,1.0]",0.777150,L7,True,0.977500,2.4235,VALID,,6383676a3491dc82d70f2db20cdafb942e5c588a
20260744,P2,imu_dropout,suppress IMU,L2b,"AUC(faulted, matched-clean) folded to [0.5,1.0]",0.833850,L7,True,0.977500,2.4235,VALID,,6383676a3491dc82d70f2db20cdafb942e5c588a
20260744,P2,imu_dropout,suppress IMU,L3,"AUC(faulted, matched-clean) folded to [0.5,1.0]",0.776713,L7,True,0.977500,2.4235,VALID,,6383676a3491dc82d70f2db20cdafb942e5c588a
20260744,P2,imu_dropout,suppress IMU,L6,"AUC(faulted, matched-clean) folded to [0.5,1.0]",0.611600,L7,True,0.977500,2.4235,VALID,,6383676a3491dc82d70f2db20cdafb942e5c588a
20260744,P2,imu_dropout,suppress IMU,L7,"AUC(faulted, matched-clean) folded to [0.5,1.0]",0.500000,L7,True,0.977500,2.4235,VALID,,6383676a3491dc82d70f2db20cdafb942e5c588a
20260744,P2,imu_dropout,suppress IMU,L8,"AUC(faulted, matched-clean) folded to [0.5,1.0]",0.500000,L7,True,0.977500,2.4235,VALID,,6383676a3491dc82d70f2db20cdafb942e5c588a
20260744,P2,position_bias,1.0 m,L1,"AUC(faulted, matched-clean) folded to [0.5,1.0]",1.000000,L2a,True,0.977500,2.4275,INVALID,ground-truth regeneration (ADR-0033): fault never reached the estimator,6383676a3491dc82d70f2db20cdafb942e5c588a
20260744,P2,position_bias,1.0 m,L2a,"AUC(faulted, matched-clean) folded to [0.5,1.0]",0.500000,L2a,True,0.977500,2.4275,INVALID,ground-truth regeneration (ADR-0033): fault never reached the estimator,6383676a3491dc82d70f2db20cdafb942e5c588a
20260744,P2,position_bias,1.0 m,L2b,"AUC(faulted, matched-clean) folded to [0.5,1.0]",0.500000,L2a,True,0.977500,2.4275,INVALID,ground-truth regeneration (ADR-0033): fault never reached the estimator,6383676a3491dc82d70f2db20cdafb942e5c588a
20260744,P2,position_bias,1.0 m,L3,"AUC(faulted, matched-clean) folded to [0.5,1.0]",0.500000,L2a,True,0.977500,2.4275,INVALID,ground-truth regeneration (ADR-0033): fault never reached the estimator,6383676a3491dc82d70f2db20cdafb942e5c588a
20260744,P2,position_bias,1.0 m,L6,"AUC(faulted, matched-clean) folded to [0.5,1.0]",0.500000,L2a,True,0.977500,2.4275,INVALID,ground-truth regeneration (ADR-0033): fault never reached the estimator,6383676a3491dc82d70f2db20cdafb942e5c588a
20260744,P2,position_bias,1.0 m,L7,"AUC(faulted, matched-clean) folded to [0.5,1.0]",0.500000,L2a,True,0.977500,2.4275,INVALID,ground-truth regeneration (ADR-0033): fault never reached the estimator,6383676a3491dc82d70f2db20cdafb942e5c588a
20260744,P2,position_bias,1.0 m,L8,"AUC(faulted, matched-clean) folded to [0.5,1.0]",0.500000,L2a,True,0.977500,2.4275,INVALID,ground-truth regeneration (ADR-0033): fault never reached the estimator,6383676a3491dc82d70f2db20cdafb942e5c588a
20260744,P2,position_drift,2.0 m final,L1,"AUC(faulted, matched-clean) folded to [0.5,1.0]",0.977337,L2a,True,0.977500,2.4275,INVALID,ground-truth regeneration (ADR-0033): fault never reached the estimator,6383676a3491dc82d70f2db20cdafb942e5c588a
20260744,P2,position_drift,2.0 m final,L2a,"AUC(faulted, matched-clean) folded to [0.5,1.0]",0.500000,L2a,True,0.977500,2.4275,INVALID,ground-truth regeneration (ADR-0033): fault never reached the estimator,6383676a3491dc82d70f2db20cdafb942e5c588a
20260744,P2,position_drift,2.0 m final,L2b,"AUC(faulted, matched-clean) folded to [0.5,1.0]",0.500000,L2a,True,0.977500,2.4275,INVALID,ground-truth regeneration (ADR-0033): fault never reached the estimator,6383676a3491dc82d70f2db20cdafb942e5c588a
20260744,P2,position_drift,2.0 m final,L3,"AUC(faulted, matched-clean) folded to [0.5,1.0]",0.500000,L2a,True,0.977500,2.4275,INVALID,ground-truth regeneration (ADR-0033): fault never reached the estimator,6383676a3491dc82d70f2db20cdafb942e5c588a
20260744,P2,position_drift,2.0 m final,L6,"AUC(faulted, matched-clean) folded to [0.5,1.0]",0.500000,L2a,True,0.977500,2.4275,INVALID,ground-truth regeneration (ADR-0033): fault never reached the estimator,6383676a3491dc82d70f2db20cdafb942e5c588a
20260744,P2,position_drift,2.0 m final,L7,"AUC(faulted, matched-clean) folded to [0.5,1.0]",0.500000,L2a,True,0.977500,2.4275,INVALID,ground-truth regeneration (ADR-0033): fault never reached the estimator,6383676a3491dc82d70f2db20cdafb942e5c588a
20260744,P2,position_drift,2.0 m final,L8,"AUC(faulted, matched-clean) folded to [0.5,1.0]",0.500000,L2a,True,0.977500,2.4275,INVALID,ground-truth regeneration (ADR-0033): fault never reached the estimator,6383676a3491dc82d70f2db20cdafb942e5c588a
20260744,P2,speed_stuck,hold,L1,"AUC(faulted, matched-clean) folded to [0.5,1.0]",0.662500,L6,True,0.977500,4.0337,VALID,,6383676a3491dc82d70f2db20cdafb942e5c588a
20260744,P2,speed_stuck,hold,L2a,"AUC(faulted, matched-clean) folded to [0.5,1.0]",0.631487,L6,True,0.977500,4.0337,VALID,,6383676a3491dc82d70f2db20cdafb942e5c588a
20260744,P2,speed_stuck,hold,L2b,"AUC(faulted, matched-clean) folded to [0.5,1.0]",0.602662,L6,True,0.977500,4.0337,VALID,,6383676a3491dc82d70f2db20cdafb942e5c588a
20260744,P2,speed_stuck,hold,L3,"AUC(faulted, matched-clean) folded to [0.5,1.0]",0.628650,L6,True,0.977500,4.0337,VALID,,6383676a3491dc82d70f2db20cdafb942e5c588a
20260744,P2,speed_stuck,hold,L6,"AUC(faulted, matched-clean) folded to [0.5,1.0]",0.529788,L6,True,0.977500,4.0337,VALID,,6383676a3491dc82d70f2db20cdafb942e5c588a
20260744,P2,speed_stuck,hold,L7,"AUC(faulted, matched-clean) folded to [0.5,1.0]",0.500000,L6,True,0.977500,4.0337,VALID,,6383676a3491dc82d70f2db20cdafb942e5c588a
20260744,P2,speed_stuck,hold,L8,"AUC(faulted, matched-clean) folded to [0.5,1.0]",0.500000,L6,True,0.977500,4.0337,VALID,,6383676a3491dc82d70f2db20cdafb942e5c588a
20260744,P2,speed_bias,3.0 m/s,L1,"AUC(faulted, matched-clean) folded to [0.5,1.0]",1.000000,L2a,False,0.830000,2.4235,VALID,,6383676a3491dc82d70f2db20cdafb942e5c588a
20260744,P2,speed_bias,3.0 m/s,L2a,"AUC(faulted, matched-clean) folded to [0.5,1.0]",0.592050,L2a,False,0.830000,2.4235,VALID,,6383676a3491dc82d70f2db20cdafb942e5c588a
20260744,P2,speed_bias,3.0 m/s,L2b,"AUC(faulted, matched-clean) folded to [0.5,1.0]",0.505925,L2a,False,0.830000,2.4235,VALID,,6383676a3491dc82d70f2db20cdafb942e5c588a
20260744,P2,speed_bias,3.0 m/s,L3,"AUC(faulted, matched-clean) folded to [0.5,1.0]",0.595762,L2a,False,0.830000,2.4235,VALID,,6383676a3491dc82d70f2db20cdafb942e5c588a
20260744,P2,speed_bias,3.0 m/s,L6,"AUC(faulted, matched-clean) folded to [0.5,1.0]",1.000000,L2a,False,0.830000,2.4235,VALID,,6383676a3491dc82d70f2db20cdafb942e5c588a
20260744,P2,speed_bias,3.0 m/s,L7,"AUC(faulted, matched-clean) folded to [0.5,1.0]",0.647500,L2a,False,0.830000,2.4235,VALID,,6383676a3491dc82d70f2db20cdafb942e5c588a
20260744,P2,speed_bias,3.0 m/s,L8,"AUC(faulted, matched-clean) folded to [0.5,1.0]",0.500000,L2a,False,0.830000,2.4235,VALID,,6383676a3491dc82d70f2db20cdafb942e5c588a
20260744,P2,lateral_noise,sigma x25,L1,"AUC(faulted, matched-clean) folded to [0.5,1.0]",1.000000,L2b,False,0.977500,2.4307,VALID,,6383676a3491dc82d70f2db20cdafb942e5c588a
20260744,P2,lateral_noise,sigma x25,L2a,"AUC(faulted, matched-clean) folded to [0.5,1.0]",0.973550,L2b,False,0.977500,2.4307,VALID,,6383676a3491dc82d70f2db20cdafb942e5c588a
20260744,P2,lateral_noise,sigma x25,L2b,"AUC(faulted, matched-clean) folded to [0.5,1.0]",0.508550,L2b,False,0.977500,2.4307,VALID,,6383676a3491dc82d70f2db20cdafb942e5c588a
20260744,P2,lateral_noise,sigma x25,L3,"AUC(faulted, matched-clean) folded to [0.5,1.0]",0.973475,L2b,False,0.977500,2.4307,VALID,,6383676a3491dc82d70f2db20cdafb942e5c588a
20260744,P2,lateral_noise,sigma x25,L6,"AUC(faulted, matched-clean) folded to [0.5,1.0]",0.988125,L2b,False,0.977500,2.4307,VALID,,6383676a3491dc82d70f2db20cdafb942e5c588a
20260744,P2,lateral_noise,sigma x25,L7,"AUC(faulted, matched-clean) folded to [0.5,1.0]",0.500000,L2b,False,0.977500,2.4307,VALID,,6383676a3491dc82d70f2db20cdafb942e5c588a
20260744,P2,lateral_noise,sigma x25,L8,"AUC(faulted, matched-clean) folded to [0.5,1.0]",0.500000,L2b,False,0.977500,2.4307,VALID,,6383676a3491dc82d70f2db20cdafb942e5c588a
20260745,P2,imu_dropout,suppress IMU,L1,"AUC(faulted, matched-clean) folded to [0.5,1.0]",0.997500,L6,True,0.925000,2.8194,VALID,,6383676a3491dc82d70f2db20cdafb942e5c588a
20260745,P2,imu_dropout,suppress IMU,L2a,"AUC(faulted, matched-clean) folded to [0.5,1.0]",0.802150,L6,True,0.925000,2.8194,VALID,,6383676a3491dc82d70f2db20cdafb942e5c588a
20260745,P2,imu_dropout,suppress IMU,L2b,"AUC(faulted, matched-clean) folded to [0.5,1.0]",0.816550,L6,True,0.925000,2.8194,VALID,,6383676a3491dc82d70f2db20cdafb942e5c588a
20260745,P2,imu_dropout,suppress IMU,L3,"AUC(faulted, matched-clean) folded to [0.5,1.0]",0.803512,L6,True,0.925000,2.8194,VALID,,6383676a3491dc82d70f2db20cdafb942e5c588a
20260745,P2,imu_dropout,suppress IMU,L6,"AUC(faulted, matched-clean) folded to [0.5,1.0]",0.508725,L6,True,0.925000,2.8194,VALID,,6383676a3491dc82d70f2db20cdafb942e5c588a
20260745,P2,imu_dropout,suppress IMU,L7,"AUC(faulted, matched-clean) folded to [0.5,1.0]",0.500000,L6,True,0.925000,2.8194,VALID,,6383676a3491dc82d70f2db20cdafb942e5c588a
20260745,P2,imu_dropout,suppress IMU,L8,"AUC(faulted, matched-clean) folded to [0.5,1.0]",0.500000,L6,True,0.925000,2.8194,VALID,,6383676a3491dc82d70f2db20cdafb942e5c588a
20260745,P2,position_bias,1.0 m,L1,"AUC(faulted, matched-clean) folded to [0.5,1.0]",1.000000,L2a,True,0.925000,2.8235,INVALID,ground-truth regeneration (ADR-0033): fault never reached the estimator,6383676a3491dc82d70f2db20cdafb942e5c588a
20260745,P2,position_bias,1.0 m,L2a,"AUC(faulted, matched-clean) folded to [0.5,1.0]",0.500000,L2a,True,0.925000,2.8235,INVALID,ground-truth regeneration (ADR-0033): fault never reached the estimator,6383676a3491dc82d70f2db20cdafb942e5c588a
20260745,P2,position_bias,1.0 m,L2b,"AUC(faulted, matched-clean) folded to [0.5,1.0]",0.500000,L2a,True,0.925000,2.8235,INVALID,ground-truth regeneration (ADR-0033): fault never reached the estimator,6383676a3491dc82d70f2db20cdafb942e5c588a
20260745,P2,position_bias,1.0 m,L3,"AUC(faulted, matched-clean) folded to [0.5,1.0]",0.500000,L2a,True,0.925000,2.8235,INVALID,ground-truth regeneration (ADR-0033): fault never reached the estimator,6383676a3491dc82d70f2db20cdafb942e5c588a
20260745,P2,position_bias,1.0 m,L6,"AUC(faulted, matched-clean) folded to [0.5,1.0]",0.500000,L2a,True,0.925000,2.8235,INVALID,ground-truth regeneration (ADR-0033): fault never reached the estimator,6383676a3491dc82d70f2db20cdafb942e5c588a
20260745,P2,position_bias,1.0 m,L7,"AUC(faulted, matched-clean) folded to [0.5,1.0]",0.500000,L2a,True,0.925000,2.8235,INVALID,ground-truth regeneration (ADR-0033): fault never reached the estimator,6383676a3491dc82d70f2db20cdafb942e5c588a
20260745,P2,position_bias,1.0 m,L8,"AUC(faulted, matched-clean) folded to [0.5,1.0]",0.500000,L2a,True,0.925000,2.8235,INVALID,ground-truth regeneration (ADR-0033): fault never reached the estimator,6383676a3491dc82d70f2db20cdafb942e5c588a
20260745,P2,position_drift,2.0 m final,L1,"AUC(faulted, matched-clean) folded to [0.5,1.0]",0.968437,L2a,True,0.925000,2.8235,INVALID,ground-truth regeneration (ADR-0033): fault never reached the estimator,6383676a3491dc82d70f2db20cdafb942e5c588a
20260745,P2,position_drift,2.0 m final,L2a,"AUC(faulted, matched-clean) folded to [0.5,1.0]",0.500000,L2a,True,0.925000,2.8235,INVALID,ground-truth regeneration (ADR-0033): fault never reached the estimator,6383676a3491dc82d70f2db20cdafb942e5c588a
20260745,P2,position_drift,2.0 m final,L2b,"AUC(faulted, matched-clean) folded to [0.5,1.0]",0.500000,L2a,True,0.925000,2.8235,INVALID,ground-truth regeneration (ADR-0033): fault never reached the estimator,6383676a3491dc82d70f2db20cdafb942e5c588a
20260745,P2,position_drift,2.0 m final,L3,"AUC(faulted, matched-clean) folded to [0.5,1.0]",0.500000,L2a,True,0.925000,2.8235,INVALID,ground-truth regeneration (ADR-0033): fault never reached the estimator,6383676a3491dc82d70f2db20cdafb942e5c588a
20260745,P2,position_drift,2.0 m final,L6,"AUC(faulted, matched-clean) folded to [0.5,1.0]",0.500000,L2a,True,0.925000,2.8235,INVALID,ground-truth regeneration (ADR-0033): fault never reached the estimator,6383676a3491dc82d70f2db20cdafb942e5c588a
20260745,P2,position_drift,2.0 m final,L7,"AUC(faulted, matched-clean) folded to [0.5,1.0]",0.500000,L2a,True,0.925000,2.8235,INVALID,ground-truth regeneration (ADR-0033): fault never reached the estimator,6383676a3491dc82d70f2db20cdafb942e5c588a
20260745,P2,position_drift,2.0 m final,L8,"AUC(faulted, matched-clean) folded to [0.5,1.0]",0.500000,L2a,True,0.925000,2.8235,INVALID,ground-truth regeneration (ADR-0033): fault never reached the estimator,6383676a3491dc82d70f2db20cdafb942e5c588a
20260745,P2,speed_stuck,hold,L1,"AUC(faulted, matched-clean) folded to [0.5,1.0]",0.627500,L2b,False,0.925000,2.8194,VALID,,6383676a3491dc82d70f2db20cdafb942e5c588a
20260745,P2,speed_stuck,hold,L2a,"AUC(faulted, matched-clean) folded to [0.5,1.0]",0.649563,L2b,False,0.925000,2.8194,VALID,,6383676a3491dc82d70f2db20cdafb942e5c588a
20260745,P2,speed_stuck,hold,L2b,"AUC(faulted, matched-clean) folded to [0.5,1.0]",0.541038,L2b,False,0.925000,2.8194,VALID,,6383676a3491dc82d70f2db20cdafb942e5c588a
20260745,P2,speed_stuck,hold,L3,"AUC(faulted, matched-clean) folded to [0.5,1.0]",0.650288,L2b,False,0.925000,2.8194,VALID,,6383676a3491dc82d70f2db20cdafb942e5c588a
20260745,P2,speed_stuck,hold,L6,"AUC(faulted, matched-clean) folded to [0.5,1.0]",0.643813,L2b,False,0.925000,2.8194,VALID,,6383676a3491dc82d70f2db20cdafb942e5c588a
20260745,P2,speed_stuck,hold,L7,"AUC(faulted, matched-clean) folded to [0.5,1.0]",0.500000,L2b,False,0.925000,2.8194,VALID,,6383676a3491dc82d70f2db20cdafb942e5c588a
20260745,P2,speed_stuck,hold,L8,"AUC(faulted, matched-clean) folded to [0.5,1.0]",0.500000,L2b,False,0.925000,2.8194,VALID,,6383676a3491dc82d70f2db20cdafb942e5c588a
20260745,P2,speed_bias,3.0 m/s,L1,"AUC(faulted, matched-clean) folded to [0.5,1.0]",1.000000,L2a,False,0.722500,2.8194,VALID,,6383676a3491dc82d70f2db20cdafb942e5c588a
20260745,P2,speed_bias,3.0 m/s,L2a,"AUC(faulted, matched-clean) folded to [0.5,1.0]",0.557550,L2a,False,0.722500,2.8194,VALID,,6383676a3491dc82d70f2db20cdafb942e5c588a
20260745,P2,speed_bias,3.0 m/s,L2b,"AUC(faulted, matched-clean) folded to [0.5,1.0]",0.560475,L2a,False,0.722500,2.8194,VALID,,6383676a3491dc82d70f2db20cdafb942e5c588a
20260745,P2,speed_bias,3.0 m/s,L3,"AUC(faulted, matched-clean) folded to [0.5,1.0]",0.561113,L2a,False,0.722500,2.8194,VALID,,6383676a3491dc82d70f2db20cdafb942e5c588a
20260745,P2,speed_bias,3.0 m/s,L6,"AUC(faulted, matched-clean) folded to [0.5,1.0]",1.000000,L2a,False,0.722500,2.8194,VALID,,6383676a3491dc82d70f2db20cdafb942e5c588a
20260745,P2,speed_bias,3.0 m/s,L7,"AUC(faulted, matched-clean) folded to [0.5,1.0]",0.702500,L2a,False,0.722500,2.8194,VALID,,6383676a3491dc82d70f2db20cdafb942e5c588a
20260745,P2,speed_bias,3.0 m/s,L8,"AUC(faulted, matched-clean) folded to [0.5,1.0]",0.500000,L2a,False,0.722500,2.8194,VALID,,6383676a3491dc82d70f2db20cdafb942e5c588a
20260745,P2,lateral_noise,sigma x25,L1,"AUC(faulted, matched-clean) folded to [0.5,1.0]",1.000000,L2b,False,0.925000,2.8235,VALID,,6383676a3491dc82d70f2db20cdafb942e5c588a
20260745,P2,lateral_noise,sigma x25,L2a,"AUC(faulted, matched-clean) folded to [0.5,1.0]",0.953675,L2b,False,0.925000,2.8235,VALID,,6383676a3491dc82d70f2db20cdafb942e5c588a
20260745,P2,lateral_noise,sigma x25,L2b,"AUC(faulted, matched-clean) folded to [0.5,1.0]",0.500000,L2b,False,0.925000,2.8235,VALID,,6383676a3491dc82d70f2db20cdafb942e5c588a
20260745,P2,lateral_noise,sigma x25,L3,"AUC(faulted, matched-clean) folded to [0.5,1.0]",0.953612,L2b,False,0.925000,2.8235,VALID,,6383676a3491dc82d70f2db20cdafb942e5c588a
20260745,P2,lateral_noise,sigma x25,L6,"AUC(faulted, matched-clean) folded to [0.5,1.0]",0.714850,L2b,False,0.925000,2.8235,VALID,,6383676a3491dc82d70f2db20cdafb942e5c588a
20260745,P2,lateral_noise,sigma x25,L7,"AUC(faulted, matched-clean) folded to [0.5,1.0]",0.500000,L2b,False,0.925000,2.8235,VALID,,6383676a3491dc82d70f2db20cdafb942e5c588a
20260745,P2,lateral_noise,sigma x25,L8,"AUC(faulted, matched-clean) folded to [0.5,1.0]",0.500000,L2b,False,0.925000,2.8235,VALID,,6383676a3491dc82d70f2db20cdafb942e5c588a
20260746,P2,imu_dropout,suppress IMU,L1,"AUC(faulted, matched-clean) folded to [0.5,1.0]",0.997500,L2b,False,0.685000,4.2830,VALID,,6383676a3491dc82d70f2db20cdafb942e5c588a
20260746,P2,imu_dropout,suppress IMU,L2a,"AUC(faulted, matched-clean) folded to [0.5,1.0]",0.629575,L2b,False,0.685000,4.2830,VALID,,6383676a3491dc82d70f2db20cdafb942e5c588a
20260746,P2,imu_dropout,suppress IMU,L2b,"AUC(faulted, matched-clean) folded to [0.5,1.0]",0.569400,L2b,False,0.685000,4.2830,VALID,,6383676a3491dc82d70f2db20cdafb942e5c588a
20260746,P2,imu_dropout,suppress IMU,L3,"AUC(faulted, matched-clean) folded to [0.5,1.0]",0.631975,L2b,False,0.685000,4.2830,VALID,,6383676a3491dc82d70f2db20cdafb942e5c588a
20260746,P2,imu_dropout,suppress IMU,L6,"AUC(faulted, matched-clean) folded to [0.5,1.0]",0.554400,L2b,False,0.685000,4.2830,VALID,,6383676a3491dc82d70f2db20cdafb942e5c588a
20260746,P2,imu_dropout,suppress IMU,L7,"AUC(faulted, matched-clean) folded to [0.5,1.0]",0.535000,L2b,False,0.685000,4.2830,VALID,,6383676a3491dc82d70f2db20cdafb942e5c588a
20260746,P2,imu_dropout,suppress IMU,L8,"AUC(faulted, matched-clean) folded to [0.5,1.0]",0.835000,L2b,False,0.685000,4.2830,VALID,,6383676a3491dc82d70f2db20cdafb942e5c588a
20260746,P2,position_bias,1.0 m,L1,"AUC(faulted, matched-clean) folded to [0.5,1.0]",1.000000,L2a,True,0.650000,5.7835,INVALID,ground-truth regeneration (ADR-0033): fault never reached the estimator,6383676a3491dc82d70f2db20cdafb942e5c588a
20260746,P2,position_bias,1.0 m,L2a,"AUC(faulted, matched-clean) folded to [0.5,1.0]",0.500000,L2a,True,0.650000,5.7835,INVALID,ground-truth regeneration (ADR-0033): fault never reached the estimator,6383676a3491dc82d70f2db20cdafb942e5c588a
20260746,P2,position_bias,1.0 m,L2b,"AUC(faulted, matched-clean) folded to [0.5,1.0]",0.500000,L2a,True,0.650000,5.7835,INVALID,ground-truth regeneration (ADR-0033): fault never reached the estimator,6383676a3491dc82d70f2db20cdafb942e5c588a
20260746,P2,position_bias,1.0 m,L3,"AUC(faulted, matched-clean) folded to [0.5,1.0]",0.500000,L2a,True,0.650000,5.7835,INVALID,ground-truth regeneration (ADR-0033): fault never reached the estimator,6383676a3491dc82d70f2db20cdafb942e5c588a
20260746,P2,position_bias,1.0 m,L6,"AUC(faulted, matched-clean) folded to [0.5,1.0]",0.500000,L2a,True,0.650000,5.7835,INVALID,ground-truth regeneration (ADR-0033): fault never reached the estimator,6383676a3491dc82d70f2db20cdafb942e5c588a
20260746,P2,position_bias,1.0 m,L7,"AUC(faulted, matched-clean) folded to [0.5,1.0]",0.500000,L2a,True,0.650000,5.7835,INVALID,ground-truth regeneration (ADR-0033): fault never reached the estimator,6383676a3491dc82d70f2db20cdafb942e5c588a
20260746,P2,position_bias,1.0 m,L8,"AUC(faulted, matched-clean) folded to [0.5,1.0]",0.500000,L2a,True,0.650000,5.7835,INVALID,ground-truth regeneration (ADR-0033): fault never reached the estimator,6383676a3491dc82d70f2db20cdafb942e5c588a
20260746,P2,position_drift,2.0 m final,L1,"AUC(faulted, matched-clean) folded to [0.5,1.0]",0.962363,L2a,True,0.650000,5.7835,INVALID,ground-truth regeneration (ADR-0033): fault never reached the estimator,6383676a3491dc82d70f2db20cdafb942e5c588a
20260746,P2,position_drift,2.0 m final,L2a,"AUC(faulted, matched-clean) folded to [0.5,1.0]",0.500000,L2a,True,0.650000,5.7835,INVALID,ground-truth regeneration (ADR-0033): fault never reached the estimator,6383676a3491dc82d70f2db20cdafb942e5c588a
20260746,P2,position_drift,2.0 m final,L2b,"AUC(faulted, matched-clean) folded to [0.5,1.0]",0.500000,L2a,True,0.650000,5.7835,INVALID,ground-truth regeneration (ADR-0033): fault never reached the estimator,6383676a3491dc82d70f2db20cdafb942e5c588a
20260746,P2,position_drift,2.0 m final,L3,"AUC(faulted, matched-clean) folded to [0.5,1.0]",0.500000,L2a,True,0.650000,5.7835,INVALID,ground-truth regeneration (ADR-0033): fault never reached the estimator,6383676a3491dc82d70f2db20cdafb942e5c588a
20260746,P2,position_drift,2.0 m final,L6,"AUC(faulted, matched-clean) folded to [0.5,1.0]",0.500000,L2a,True,0.650000,5.7835,INVALID,ground-truth regeneration (ADR-0033): fault never reached the estimator,6383676a3491dc82d70f2db20cdafb942e5c588a
20260746,P2,position_drift,2.0 m final,L7,"AUC(faulted, matched-clean) folded to [0.5,1.0]",0.500000,L2a,True,0.650000,5.7835,INVALID,ground-truth regeneration (ADR-0033): fault never reached the estimator,6383676a3491dc82d70f2db20cdafb942e5c588a
20260746,P2,position_drift,2.0 m final,L8,"AUC(faulted, matched-clean) folded to [0.5,1.0]",0.500000,L2a,True,0.650000,5.7835,INVALID,ground-truth regeneration (ADR-0033): fault never reached the estimator,6383676a3491dc82d70f2db20cdafb942e5c588a
20260746,P2,speed_stuck,hold,L1,"AUC(faulted, matched-clean) folded to [0.5,1.0]",0.632500,L2b,False,0.642500,10.9070,VALID,,6383676a3491dc82d70f2db20cdafb942e5c588a
20260746,P2,speed_stuck,hold,L2a,"AUC(faulted, matched-clean) folded to [0.5,1.0]",0.947963,L2b,False,0.642500,10.9070,VALID,,6383676a3491dc82d70f2db20cdafb942e5c588a
20260746,P2,speed_stuck,hold,L2b,"AUC(faulted, matched-clean) folded to [0.5,1.0]",0.510687,L2b,False,0.642500,10.9070,VALID,,6383676a3491dc82d70f2db20cdafb942e5c588a
20260746,P2,speed_stuck,hold,L3,"AUC(faulted, matched-clean) folded to [0.5,1.0]",0.948163,L2b,False,0.642500,10.9070,VALID,,6383676a3491dc82d70f2db20cdafb942e5c588a
20260746,P2,speed_stuck,hold,L6,"AUC(faulted, matched-clean) folded to [0.5,1.0]",0.706237,L2b,False,0.642500,10.9070,VALID,,6383676a3491dc82d70f2db20cdafb942e5c588a
20260746,P2,speed_stuck,hold,L7,"AUC(faulted, matched-clean) folded to [0.5,1.0]",0.507500,L2b,False,0.642500,10.9070,VALID,,6383676a3491dc82d70f2db20cdafb942e5c588a
20260746,P2,speed_stuck,hold,L8,"AUC(faulted, matched-clean) folded to [0.5,1.0]",0.500000,L2b,False,0.642500,10.9070,VALID,,6383676a3491dc82d70f2db20cdafb942e5c588a
20260746,P2,speed_bias,3.0 m/s,L1,"AUC(faulted, matched-clean) folded to [0.5,1.0]",0.514075,L1,True,0.647500,4.3752,VALID,,6383676a3491dc82d70f2db20cdafb942e5c588a
20260746,P2,speed_bias,3.0 m/s,L2a,"AUC(faulted, matched-clean) folded to [0.5,1.0]",0.556925,L1,True,0.647500,4.3752,VALID,,6383676a3491dc82d70f2db20cdafb942e5c588a
20260746,P2,speed_bias,3.0 m/s,L2b,"AUC(faulted, matched-clean) folded to [0.5,1.0]",0.510175,L1,True,0.647500,4.3752,VALID,,6383676a3491dc82d70f2db20cdafb942e5c588a
20260746,P2,speed_bias,3.0 m/s,L3,"AUC(faulted, matched-clean) folded to [0.5,1.0]",0.566025,L1,True,0.647500,4.3752,VALID,,6383676a3491dc82d70f2db20cdafb942e5c588a
20260746,P2,speed_bias,3.0 m/s,L6,"AUC(faulted, matched-clean) folded to [0.5,1.0]",0.522975,L1,True,0.647500,4.3752,VALID,,6383676a3491dc82d70f2db20cdafb942e5c588a
20260746,P2,speed_bias,3.0 m/s,L7,"AUC(faulted, matched-clean) folded to [0.5,1.0]",0.502500,L1,True,0.647500,4.3752,VALID,,6383676a3491dc82d70f2db20cdafb942e5c588a
20260746,P2,speed_bias,3.0 m/s,L8,"AUC(faulted, matched-clean) folded to [0.5,1.0]",0.550000,L1,True,0.647500,4.3752,VALID,,6383676a3491dc82d70f2db20cdafb942e5c588a
20260746,P2,lateral_noise,sigma x25,L1,"AUC(faulted, matched-clean) folded to [0.5,1.0]",0.943525,L2b,False,0.850000,3.7575,VALID,,6383676a3491dc82d70f2db20cdafb942e5c588a
20260746,P2,lateral_noise,sigma x25,L2a,"AUC(faulted, matched-clean) folded to [0.5,1.0]",0.797200,L2b,False,0.850000,3.7575,VALID,,6383676a3491dc82d70f2db20cdafb942e5c588a
20260746,P2,lateral_noise,sigma x25,L2b,"AUC(faulted, matched-clean) folded to [0.5,1.0]",0.503875,L2b,False,0.850000,3.7575,VALID,,6383676a3491dc82d70f2db20cdafb942e5c588a
20260746,P2,lateral_noise,sigma x25,L3,"AUC(faulted, matched-clean) folded to [0.5,1.0]",0.783700,L2b,False,0.850000,3.7575,VALID,,6383676a3491dc82d70f2db20cdafb942e5c588a
20260746,P2,lateral_noise,sigma x25,L6,"AUC(faulted, matched-clean) folded to [0.5,1.0]",0.892850,L2b,False,0.850000,3.7575,VALID,,6383676a3491dc82d70f2db20cdafb942e5c588a
20260746,P2,lateral_noise,sigma x25,L7,"AUC(faulted, matched-clean) folded to [0.5,1.0]",0.700000,L2b,False,0.850000,3.7575,VALID,,6383676a3491dc82d70f2db20cdafb942e5c588a
20260746,P2,lateral_noise,sigma x25,L8,"AUC(faulted, matched-clean) folded to [0.5,1.0]",0.875000,L2b,False,0.850000,3.7575,VALID,,6383676a3491dc82d70f2db20cdafb942e5c588a
20260747,P2,imu_dropout,suppress IMU,L1,"AUC(faulted, matched-clean) folded to [0.5,1.0]",0.997500,L7,True,0.967500,2.2173,VALID,,6383676a3491dc82d70f2db20cdafb942e5c588a
20260747,P2,imu_dropout,suppress IMU,L2a,"AUC(faulted, matched-clean) folded to [0.5,1.0]",0.832425,L7,True,0.967500,2.2173,VALID,,6383676a3491dc82d70f2db20cdafb942e5c588a
20260747,P2,imu_dropout,suppress IMU,L2b,"AUC(faulted, matched-clean) folded to [0.5,1.0]",0.811900,L7,True,0.967500,2.2173,VALID,,6383676a3491dc82d70f2db20cdafb942e5c588a
20260747,P2,imu_dropout,suppress IMU,L3,"AUC(faulted, matched-clean) folded to [0.5,1.0]",0.828588,L7,True,0.967500,2.2173,VALID,,6383676a3491dc82d70f2db20cdafb942e5c588a
20260747,P2,imu_dropout,suppress IMU,L6,"AUC(faulted, matched-clean) folded to [0.5,1.0]",0.670250,L7,True,0.967500,2.2173,VALID,,6383676a3491dc82d70f2db20cdafb942e5c588a
20260747,P2,imu_dropout,suppress IMU,L7,"AUC(faulted, matched-clean) folded to [0.5,1.0]",0.500000,L7,True,0.967500,2.2173,VALID,,6383676a3491dc82d70f2db20cdafb942e5c588a
20260747,P2,imu_dropout,suppress IMU,L8,"AUC(faulted, matched-clean) folded to [0.5,1.0]",0.500000,L7,True,0.967500,2.2173,VALID,,6383676a3491dc82d70f2db20cdafb942e5c588a
20260747,P2,position_bias,1.0 m,L1,"AUC(faulted, matched-clean) folded to [0.5,1.0]",1.000000,L2a,True,0.967500,2.2215,INVALID,ground-truth regeneration (ADR-0033): fault never reached the estimator,6383676a3491dc82d70f2db20cdafb942e5c588a
20260747,P2,position_bias,1.0 m,L2a,"AUC(faulted, matched-clean) folded to [0.5,1.0]",0.500000,L2a,True,0.967500,2.2215,INVALID,ground-truth regeneration (ADR-0033): fault never reached the estimator,6383676a3491dc82d70f2db20cdafb942e5c588a
20260747,P2,position_bias,1.0 m,L2b,"AUC(faulted, matched-clean) folded to [0.5,1.0]",0.500000,L2a,True,0.967500,2.2215,INVALID,ground-truth regeneration (ADR-0033): fault never reached the estimator,6383676a3491dc82d70f2db20cdafb942e5c588a
20260747,P2,position_bias,1.0 m,L3,"AUC(faulted, matched-clean) folded to [0.5,1.0]",0.500000,L2a,True,0.967500,2.2215,INVALID,ground-truth regeneration (ADR-0033): fault never reached the estimator,6383676a3491dc82d70f2db20cdafb942e5c588a
20260747,P2,position_bias,1.0 m,L6,"AUC(faulted, matched-clean) folded to [0.5,1.0]",0.500000,L2a,True,0.967500,2.2215,INVALID,ground-truth regeneration (ADR-0033): fault never reached the estimator,6383676a3491dc82d70f2db20cdafb942e5c588a
20260747,P2,position_bias,1.0 m,L7,"AUC(faulted, matched-clean) folded to [0.5,1.0]",0.500000,L2a,True,0.967500,2.2215,INVALID,ground-truth regeneration (ADR-0033): fault never reached the estimator,6383676a3491dc82d70f2db20cdafb942e5c588a
20260747,P2,position_bias,1.0 m,L8,"AUC(faulted, matched-clean) folded to [0.5,1.0]",0.500000,L2a,True,0.967500,2.2215,INVALID,ground-truth regeneration (ADR-0033): fault never reached the estimator,6383676a3491dc82d70f2db20cdafb942e5c588a
20260747,P2,position_drift,2.0 m final,L1,"AUC(faulted, matched-clean) folded to [0.5,1.0]",0.969888,L2a,True,0.967500,2.2215,INVALID,ground-truth regeneration (ADR-0033): fault never reached the estimator,6383676a3491dc82d70f2db20cdafb942e5c588a
20260747,P2,position_drift,2.0 m final,L2a,"AUC(faulted, matched-clean) folded to [0.5,1.0]",0.500000,L2a,True,0.967500,2.2215,INVALID,ground-truth regeneration (ADR-0033): fault never reached the estimator,6383676a3491dc82d70f2db20cdafb942e5c588a
20260747,P2,position_drift,2.0 m final,L2b,"AUC(faulted, matched-clean) folded to [0.5,1.0]",0.500000,L2a,True,0.967500,2.2215,INVALID,ground-truth regeneration (ADR-0033): fault never reached the estimator,6383676a3491dc82d70f2db20cdafb942e5c588a
20260747,P2,position_drift,2.0 m final,L3,"AUC(faulted, matched-clean) folded to [0.5,1.0]",0.500000,L2a,True,0.967500,2.2215,INVALID,ground-truth regeneration (ADR-0033): fault never reached the estimator,6383676a3491dc82d70f2db20cdafb942e5c588a
20260747,P2,position_drift,2.0 m final,L6,"AUC(faulted, matched-clean) folded to [0.5,1.0]",0.500000,L2a,True,0.967500,2.2215,INVALID,ground-truth regeneration (ADR-0033): fault never reached the estimator,6383676a3491dc82d70f2db20cdafb942e5c588a
20260747,P2,position_drift,2.0 m final,L7,"AUC(faulted, matched-clean) folded to [0.5,1.0]",0.500000,L2a,True,0.967500,2.2215,INVALID,ground-truth regeneration (ADR-0033): fault never reached the estimator,6383676a3491dc82d70f2db20cdafb942e5c588a
20260747,P2,position_drift,2.0 m final,L8,"AUC(faulted, matched-clean) folded to [0.5,1.0]",0.500000,L2a,True,0.967500,2.2215,INVALID,ground-truth regeneration (ADR-0033): fault never reached the estimator,6383676a3491dc82d70f2db20cdafb942e5c588a
20260747,P2,speed_stuck,hold,L1,"AUC(faulted, matched-clean) folded to [0.5,1.0]",0.792500,L2b,False,0.967500,2.2173,VALID,,6383676a3491dc82d70f2db20cdafb942e5c588a
20260747,P2,speed_stuck,hold,L2a,"AUC(faulted, matched-clean) folded to [0.5,1.0]",0.655787,L2b,False,0.967500,2.2173,VALID,,6383676a3491dc82d70f2db20cdafb942e5c588a
20260747,P2,speed_stuck,hold,L2b,"AUC(faulted, matched-clean) folded to [0.5,1.0]",0.525988,L2b,False,0.967500,2.2173,VALID,,6383676a3491dc82d70f2db20cdafb942e5c588a
20260747,P2,speed_stuck,hold,L3,"AUC(faulted, matched-clean) folded to [0.5,1.0]",0.656750,L2b,False,0.967500,2.2173,VALID,,6383676a3491dc82d70f2db20cdafb942e5c588a
20260747,P2,speed_stuck,hold,L6,"AUC(faulted, matched-clean) folded to [0.5,1.0]",0.598262,L2b,False,0.967500,2.2173,VALID,,6383676a3491dc82d70f2db20cdafb942e5c588a
20260747,P2,speed_stuck,hold,L7,"AUC(faulted, matched-clean) folded to [0.5,1.0]",0.500000,L2b,False,0.967500,2.2173,VALID,,6383676a3491dc82d70f2db20cdafb942e5c588a
20260747,P2,speed_stuck,hold,L8,"AUC(faulted, matched-clean) folded to [0.5,1.0]",0.500000,L2b,False,0.967500,2.2173,VALID,,6383676a3491dc82d70f2db20cdafb942e5c588a
20260747,P2,speed_bias,3.0 m/s,L1,"AUC(faulted, matched-clean) folded to [0.5,1.0]",1.000000,L2a,False,0.800000,2.2173,VALID,,6383676a3491dc82d70f2db20cdafb942e5c588a
20260747,P2,speed_bias,3.0 m/s,L2a,"AUC(faulted, matched-clean) folded to [0.5,1.0]",0.599400,L2a,False,0.800000,2.2173,VALID,,6383676a3491dc82d70f2db20cdafb942e5c588a
20260747,P2,speed_bias,3.0 m/s,L2b,"AUC(faulted, matched-clean) folded to [0.5,1.0]",0.559450,L2a,False,0.800000,2.2173,VALID,,6383676a3491dc82d70f2db20cdafb942e5c588a
20260747,P2,speed_bias,3.0 m/s,L3,"AUC(faulted, matched-clean) folded to [0.5,1.0]",0.604387,L2a,False,0.800000,2.2173,VALID,,6383676a3491dc82d70f2db20cdafb942e5c588a
20260747,P2,speed_bias,3.0 m/s,L6,"AUC(faulted, matched-clean) folded to [0.5,1.0]",1.000000,L2a,False,0.800000,2.2173,VALID,,6383676a3491dc82d70f2db20cdafb942e5c588a
20260747,P2,speed_bias,3.0 m/s,L7,"AUC(faulted, matched-clean) folded to [0.5,1.0]",0.667500,L2a,False,0.800000,2.2173,VALID,,6383676a3491dc82d70f2db20cdafb942e5c588a
20260747,P2,speed_bias,3.0 m/s,L8,"AUC(faulted, matched-clean) folded to [0.5,1.0]",0.500000,L2a,False,0.800000,2.2173,VALID,,6383676a3491dc82d70f2db20cdafb942e5c588a
20260747,P2,lateral_noise,sigma x25,L1,"AUC(faulted, matched-clean) folded to [0.5,1.0]",1.000000,L2b,False,0.965000,2.2267,VALID,,6383676a3491dc82d70f2db20cdafb942e5c588a
20260747,P2,lateral_noise,sigma x25,L2a,"AUC(faulted, matched-clean) folded to [0.5,1.0]",0.959950,L2b,False,0.965000,2.2267,VALID,,6383676a3491dc82d70f2db20cdafb942e5c588a
20260747,P2,lateral_noise,sigma x25,L2b,"AUC(faulted, matched-clean) folded to [0.5,1.0]",0.536462,L2b,False,0.965000,2.2267,VALID,,6383676a3491dc82d70f2db20cdafb942e5c588a
20260747,P2,lateral_noise,sigma x25,L3,"AUC(faulted, matched-clean) folded to [0.5,1.0]",0.960025,L2b,False,0.965000,2.2267,VALID,,6383676a3491dc82d70f2db20cdafb942e5c588a
20260747,P2,lateral_noise,sigma x25,L6,"AUC(faulted, matched-clean) folded to [0.5,1.0]",0.946350,L2b,False,0.965000,2.2267,VALID,,6383676a3491dc82d70f2db20cdafb942e5c588a
20260747,P2,lateral_noise,sigma x25,L7,"AUC(faulted, matched-clean) folded to [0.5,1.0]",0.502500,L2b,False,0.965000,2.2267,VALID,,6383676a3491dc82d70f2db20cdafb942e5c588a
20260747,P2,lateral_noise,sigma x25,L8,"AUC(faulted, matched-clean) folded to [0.5,1.0]",0.500000,L2b,False,0.965000,2.2267,VALID,,6383676a3491dc82d70f2db20cdafb942e5c588a
20260748,P2,imu_dropout,suppress IMU,L1,"AUC(faulted, matched-clean) folded to [0.5,1.0]",0.997500,L7,True,0.947500,4.4010,VALID,,6383676a3491dc82d70f2db20cdafb942e5c588a
20260748,P2,imu_dropout,suppress IMU,L2a,"AUC(faulted, matched-clean) folded to [0.5,1.0]",0.694075,L7,True,0.947500,4.4010,VALID,,6383676a3491dc82d70f2db20cdafb942e5c588a
20260748,P2,imu_dropout,suppress IMU,L2b,"AUC(faulted, matched-clean) folded to [0.5,1.0]",0.719675,L7,True,0.947500,4.4010,VALID,,6383676a3491dc82d70f2db20cdafb942e5c588a
20260748,P2,imu_dropout,suppress IMU,L3,"AUC(faulted, matched-clean) folded to [0.5,1.0]",0.690775,L7,True,0.947500,4.4010,VALID,,6383676a3491dc82d70f2db20cdafb942e5c588a
20260748,P2,imu_dropout,suppress IMU,L6,"AUC(faulted, matched-clean) folded to [0.5,1.0]",0.659275,L7,True,0.947500,4.4010,VALID,,6383676a3491dc82d70f2db20cdafb942e5c588a
20260748,P2,imu_dropout,suppress IMU,L7,"AUC(faulted, matched-clean) folded to [0.5,1.0]",0.500000,L7,True,0.947500,4.4010,VALID,,6383676a3491dc82d70f2db20cdafb942e5c588a
20260748,P2,imu_dropout,suppress IMU,L8,"AUC(faulted, matched-clean) folded to [0.5,1.0]",0.500000,L7,True,0.947500,4.4010,VALID,,6383676a3491dc82d70f2db20cdafb942e5c588a
20260748,P2,position_bias,1.0 m,L1,"AUC(faulted, matched-clean) folded to [0.5,1.0]",1.000000,L2a,True,0.947500,2.7833,INVALID,ground-truth regeneration (ADR-0033): fault never reached the estimator,6383676a3491dc82d70f2db20cdafb942e5c588a
20260748,P2,position_bias,1.0 m,L2a,"AUC(faulted, matched-clean) folded to [0.5,1.0]",0.500000,L2a,True,0.947500,2.7833,INVALID,ground-truth regeneration (ADR-0033): fault never reached the estimator,6383676a3491dc82d70f2db20cdafb942e5c588a
20260748,P2,position_bias,1.0 m,L2b,"AUC(faulted, matched-clean) folded to [0.5,1.0]",0.500000,L2a,True,0.947500,2.7833,INVALID,ground-truth regeneration (ADR-0033): fault never reached the estimator,6383676a3491dc82d70f2db20cdafb942e5c588a
20260748,P2,position_bias,1.0 m,L3,"AUC(faulted, matched-clean) folded to [0.5,1.0]",0.500000,L2a,True,0.947500,2.7833,INVALID,ground-truth regeneration (ADR-0033): fault never reached the estimator,6383676a3491dc82d70f2db20cdafb942e5c588a
20260748,P2,position_bias,1.0 m,L6,"AUC(faulted, matched-clean) folded to [0.5,1.0]",0.500000,L2a,True,0.947500,2.7833,INVALID,ground-truth regeneration (ADR-0033): fault never reached the estimator,6383676a3491dc82d70f2db20cdafb942e5c588a
20260748,P2,position_bias,1.0 m,L7,"AUC(faulted, matched-clean) folded to [0.5,1.0]",0.500000,L2a,True,0.947500,2.7833,INVALID,ground-truth regeneration (ADR-0033): fault never reached the estimator,6383676a3491dc82d70f2db20cdafb942e5c588a
20260748,P2,position_bias,1.0 m,L8,"AUC(faulted, matched-clean) folded to [0.5,1.0]",0.500000,L2a,True,0.947500,2.7833,INVALID,ground-truth regeneration (ADR-0033): fault never reached the estimator,6383676a3491dc82d70f2db20cdafb942e5c588a
20260748,P2,position_drift,2.0 m final,L1,"AUC(faulted, matched-clean) folded to [0.5,1.0]",0.966413,L2a,True,0.947500,2.7833,INVALID,ground-truth regeneration (ADR-0033): fault never reached the estimator,6383676a3491dc82d70f2db20cdafb942e5c588a
20260748,P2,position_drift,2.0 m final,L2a,"AUC(faulted, matched-clean) folded to [0.5,1.0]",0.500000,L2a,True,0.947500,2.7833,INVALID,ground-truth regeneration (ADR-0033): fault never reached the estimator,6383676a3491dc82d70f2db20cdafb942e5c588a
20260748,P2,position_drift,2.0 m final,L2b,"AUC(faulted, matched-clean) folded to [0.5,1.0]",0.500000,L2a,True,0.947500,2.7833,INVALID,ground-truth regeneration (ADR-0033): fault never reached the estimator,6383676a3491dc82d70f2db20cdafb942e5c588a
20260748,P2,position_drift,2.0 m final,L3,"AUC(faulted, matched-clean) folded to [0.5,1.0]",0.500000,L2a,True,0.947500,2.7833,INVALID,ground-truth regeneration (ADR-0033): fault never reached the estimator,6383676a3491dc82d70f2db20cdafb942e5c588a
20260748,P2,position_drift,2.0 m final,L6,"AUC(faulted, matched-clean) folded to [0.5,1.0]",0.500000,L2a,True,0.947500,2.7833,INVALID,ground-truth regeneration (ADR-0033): fault never reached the estimator,6383676a3491dc82d70f2db20cdafb942e5c588a
20260748,P2,position_drift,2.0 m final,L7,"AUC(faulted, matched-clean) folded to [0.5,1.0]",0.500000,L2a,True,0.947500,2.7833,INVALID,ground-truth regeneration (ADR-0033): fault never reached the estimator,6383676a3491dc82d70f2db20cdafb942e5c588a
20260748,P2,position_drift,2.0 m final,L8,"AUC(faulted, matched-clean) folded to [0.5,1.0]",0.500000,L2a,True,0.947500,2.7833,INVALID,ground-truth regeneration (ADR-0033): fault never reached the estimator,6383676a3491dc82d70f2db20cdafb942e5c588a
20260748,P2,speed_stuck,hold,L1,"AUC(faulted, matched-clean) folded to [0.5,1.0]",0.882500,L2b,False,0.947500,2.7785,VALID,,6383676a3491dc82d70f2db20cdafb942e5c588a
20260748,P2,speed_stuck,hold,L2a,"AUC(faulted, matched-clean) folded to [0.5,1.0]",0.637387,L2b,False,0.947500,2.7785,VALID,,6383676a3491dc82d70f2db20cdafb942e5c588a
20260748,P2,speed_stuck,hold,L2b,"AUC(faulted, matched-clean) folded to [0.5,1.0]",0.506887,L2b,False,0.947500,2.7785,VALID,,6383676a3491dc82d70f2db20cdafb942e5c588a
20260748,P2,speed_stuck,hold,L3,"AUC(faulted, matched-clean) folded to [0.5,1.0]",0.638112,L2b,False,0.947500,2.7785,VALID,,6383676a3491dc82d70f2db20cdafb942e5c588a
20260748,P2,speed_stuck,hold,L6,"AUC(faulted, matched-clean) folded to [0.5,1.0]",0.647838,L2b,False,0.947500,2.7785,VALID,,6383676a3491dc82d70f2db20cdafb942e5c588a
20260748,P2,speed_stuck,hold,L7,"AUC(faulted, matched-clean) folded to [0.5,1.0]",0.500000,L2b,False,0.947500,2.7785,VALID,,6383676a3491dc82d70f2db20cdafb942e5c588a
20260748,P2,speed_stuck,hold,L8,"AUC(faulted, matched-clean) folded to [0.5,1.0]",0.500000,L2b,False,0.947500,2.7785,VALID,,6383676a3491dc82d70f2db20cdafb942e5c588a
20260748,P2,speed_bias,3.0 m/s,L1,"AUC(faulted, matched-clean) folded to [0.5,1.0]",1.000000,L2a,False,0.785000,2.7785,VALID,,6383676a3491dc82d70f2db20cdafb942e5c588a
20260748,P2,speed_bias,3.0 m/s,L2a,"AUC(faulted, matched-clean) folded to [0.5,1.0]",0.586000,L2a,False,0.785000,2.7785,VALID,,6383676a3491dc82d70f2db20cdafb942e5c588a
20260748,P2,speed_bias,3.0 m/s,L2b,"AUC(faulted, matched-clean) folded to [0.5,1.0]",0.593300,L2a,False,0.785000,2.7785,VALID,,6383676a3491dc82d70f2db20cdafb942e5c588a
20260748,P2,speed_bias,3.0 m/s,L3,"AUC(faulted, matched-clean) folded to [0.5,1.0]",0.592175,L2a,False,0.785000,2.7785,VALID,,6383676a3491dc82d70f2db20cdafb942e5c588a
20260748,P2,speed_bias,3.0 m/s,L6,"AUC(faulted, matched-clean) folded to [0.5,1.0]",1.000000,L2a,False,0.785000,2.7785,VALID,,6383676a3491dc82d70f2db20cdafb942e5c588a
20260748,P2,speed_bias,3.0 m/s,L7,"AUC(faulted, matched-clean) folded to [0.5,1.0]",0.662500,L2a,False,0.785000,2.7785,VALID,,6383676a3491dc82d70f2db20cdafb942e5c588a
20260748,P2,speed_bias,3.0 m/s,L8,"AUC(faulted, matched-clean) folded to [0.5,1.0]",0.500000,L2a,False,0.785000,2.7785,VALID,,6383676a3491dc82d70f2db20cdafb942e5c588a
20260748,P2,lateral_noise,sigma x25,L1,"AUC(faulted, matched-clean) folded to [0.5,1.0]",0.998525,L2b,False,0.947500,2.7876,VALID,,6383676a3491dc82d70f2db20cdafb942e5c588a
20260748,P2,lateral_noise,sigma x25,L2a,"AUC(faulted, matched-clean) folded to [0.5,1.0]",0.975550,L2b,False,0.947500,2.7876,VALID,,6383676a3491dc82d70f2db20cdafb942e5c588a
20260748,P2,lateral_noise,sigma x25,L2b,"AUC(faulted, matched-clean) folded to [0.5,1.0]",0.504138,L2b,False,0.947500,2.7876,VALID,,6383676a3491dc82d70f2db20cdafb942e5c588a
20260748,P2,lateral_noise,sigma x25,L3,"AUC(faulted, matched-clean) folded to [0.5,1.0]",0.975500,L2b,False,0.947500,2.7876,VALID,,6383676a3491dc82d70f2db20cdafb942e5c588a
20260748,P2,lateral_noise,sigma x25,L6,"AUC(faulted, matched-clean) folded to [0.5,1.0]",0.991850,L2b,False,0.947500,2.7876,VALID,,6383676a3491dc82d70f2db20cdafb942e5c588a
20260748,P2,lateral_noise,sigma x25,L7,"AUC(faulted, matched-clean) folded to [0.5,1.0]",0.500000,L2b,False,0.947500,2.7876,VALID,,6383676a3491dc82d70f2db20cdafb942e5c588a
20260748,P2,lateral_noise,sigma x25,L8,"AUC(faulted, matched-clean) folded to [0.5,1.0]",0.500000,L2b,False,0.947500,2.7876,VALID,,6383676a3491dc82d70f2db20cdafb942e5c588a
20260749,P2,imu_dropout,suppress IMU,L1,"AUC(faulted, matched-clean) folded to [0.5,1.0]",0.997500,L7,True,0.872500,3.5407,VALID,,6383676a3491dc82d70f2db20cdafb942e5c588a
20260749,P2,imu_dropout,suppress IMU,L2a,"AUC(faulted, matched-clean) folded to [0.5,1.0]",0.930000,L7,True,0.872500,3.5407,VALID,,6383676a3491dc82d70f2db20cdafb942e5c588a
20260749,P2,imu_dropout,suppress IMU,L2b,"AUC(faulted, matched-clean) folded to [0.5,1.0]",0.999850,L7,True,0.872500,3.5407,VALID,,6383676a3491dc82d70f2db20cdafb942e5c588a
20260749,P2,imu_dropout,suppress IMU,L3,"AUC(faulted, matched-clean) folded to [0.5,1.0]",0.930000,L7,True,0.872500,3.5407,VALID,,6383676a3491dc82d70f2db20cdafb942e5c588a
20260749,P2,imu_dropout,suppress IMU,L6,"AUC(faulted, matched-clean) folded to [0.5,1.0]",1.000000,L7,True,0.872500,3.5407,VALID,,6383676a3491dc82d70f2db20cdafb942e5c588a
20260749,P2,imu_dropout,suppress IMU,L7,"AUC(faulted, matched-clean) folded to [0.5,1.0]",0.505000,L7,True,0.872500,3.5407,VALID,,6383676a3491dc82d70f2db20cdafb942e5c588a
20260749,P2,imu_dropout,suppress IMU,L8,"AUC(faulted, matched-clean) folded to [0.5,1.0]",0.500000,L7,True,0.872500,3.5407,VALID,,6383676a3491dc82d70f2db20cdafb942e5c588a
20260749,P2,position_bias,1.0 m,L1,"AUC(faulted, matched-clean) folded to [0.5,1.0]",1.000000,L2a,True,0.867500,3.5454,INVALID,ground-truth regeneration (ADR-0033): fault never reached the estimator,6383676a3491dc82d70f2db20cdafb942e5c588a
20260749,P2,position_bias,1.0 m,L2a,"AUC(faulted, matched-clean) folded to [0.5,1.0]",0.500000,L2a,True,0.867500,3.5454,INVALID,ground-truth regeneration (ADR-0033): fault never reached the estimator,6383676a3491dc82d70f2db20cdafb942e5c588a
20260749,P2,position_bias,1.0 m,L2b,"AUC(faulted, matched-clean) folded to [0.5,1.0]",0.500000,L2a,True,0.867500,3.5454,INVALID,ground-truth regeneration (ADR-0033): fault never reached the estimator,6383676a3491dc82d70f2db20cdafb942e5c588a
20260749,P2,position_bias,1.0 m,L3,"AUC(faulted, matched-clean) folded to [0.5,1.0]",0.500000,L2a,True,0.867500,3.5454,INVALID,ground-truth regeneration (ADR-0033): fault never reached the estimator,6383676a3491dc82d70f2db20cdafb942e5c588a
20260749,P2,position_bias,1.0 m,L6,"AUC(faulted, matched-clean) folded to [0.5,1.0]",0.500000,L2a,True,0.867500,3.5454,INVALID,ground-truth regeneration (ADR-0033): fault never reached the estimator,6383676a3491dc82d70f2db20cdafb942e5c588a
20260749,P2,position_bias,1.0 m,L7,"AUC(faulted, matched-clean) folded to [0.5,1.0]",0.500000,L2a,True,0.867500,3.5454,INVALID,ground-truth regeneration (ADR-0033): fault never reached the estimator,6383676a3491dc82d70f2db20cdafb942e5c588a
20260749,P2,position_bias,1.0 m,L8,"AUC(faulted, matched-clean) folded to [0.5,1.0]",0.500000,L2a,True,0.867500,3.5454,INVALID,ground-truth regeneration (ADR-0033): fault never reached the estimator,6383676a3491dc82d70f2db20cdafb942e5c588a
20260749,P2,position_drift,2.0 m final,L1,"AUC(faulted, matched-clean) folded to [0.5,1.0]",0.979712,L2a,True,0.867500,3.5454,INVALID,ground-truth regeneration (ADR-0033): fault never reached the estimator,6383676a3491dc82d70f2db20cdafb942e5c588a
20260749,P2,position_drift,2.0 m final,L2a,"AUC(faulted, matched-clean) folded to [0.5,1.0]",0.500000,L2a,True,0.867500,3.5454,INVALID,ground-truth regeneration (ADR-0033): fault never reached the estimator,6383676a3491dc82d70f2db20cdafb942e5c588a
20260749,P2,position_drift,2.0 m final,L2b,"AUC(faulted, matched-clean) folded to [0.5,1.0]",0.500000,L2a,True,0.867500,3.5454,INVALID,ground-truth regeneration (ADR-0033): fault never reached the estimator,6383676a3491dc82d70f2db20cdafb942e5c588a
20260749,P2,position_drift,2.0 m final,L3,"AUC(faulted, matched-clean) folded to [0.5,1.0]",0.500000,L2a,True,0.867500,3.5454,INVALID,ground-truth regeneration (ADR-0033): fault never reached the estimator,6383676a3491dc82d70f2db20cdafb942e5c588a
20260749,P2,position_drift,2.0 m final,L6,"AUC(faulted, matched-clean) folded to [0.5,1.0]",0.500000,L2a,True,0.867500,3.5454,INVALID,ground-truth regeneration (ADR-0033): fault never reached the estimator,6383676a3491dc82d70f2db20cdafb942e5c588a
20260749,P2,position_drift,2.0 m final,L7,"AUC(faulted, matched-clean) folded to [0.5,1.0]",0.500000,L2a,True,0.867500,3.5454,INVALID,ground-truth regeneration (ADR-0033): fault never reached the estimator,6383676a3491dc82d70f2db20cdafb942e5c588a
20260749,P2,position_drift,2.0 m final,L8,"AUC(faulted, matched-clean) folded to [0.5,1.0]",0.500000,L2a,True,0.867500,3.5454,INVALID,ground-truth regeneration (ADR-0033): fault never reached the estimator,6383676a3491dc82d70f2db20cdafb942e5c588a
20260749,P2,speed_stuck,hold,L1,"AUC(faulted, matched-clean) folded to [0.5,1.0]",0.992500,L2b,False,0.645000,3.5408,VALID,,6383676a3491dc82d70f2db20cdafb942e5c588a
20260749,P2,speed_stuck,hold,L2a,"AUC(faulted, matched-clean) folded to [0.5,1.0]",0.693588,L2b,False,0.645000,3.5408,VALID,,6383676a3491dc82d70f2db20cdafb942e5c588a
20260749,P2,speed_stuck,hold,L2b,"AUC(faulted, matched-clean) folded to [0.5,1.0]",0.593487,L2b,False,0.645000,3.5408,VALID,,6383676a3491dc82d70f2db20cdafb942e5c588a
20260749,P2,speed_stuck,hold,L3,"AUC(faulted, matched-clean) folded to [0.5,1.0]",0.693762,L2b,False,0.645000,3.5408,VALID,,6383676a3491dc82d70f2db20cdafb942e5c588a
20260749,P2,speed_stuck,hold,L6,"AUC(faulted, matched-clean) folded to [0.5,1.0]",0.965562,L2b,False,0.645000,3.5408,VALID,,6383676a3491dc82d70f2db20cdafb942e5c588a
20260749,P2,speed_stuck,hold,L7,"AUC(faulted, matched-clean) folded to [0.5,1.0]",0.722500,L2b,False,0.645000,3.5408,VALID,,6383676a3491dc82d70f2db20cdafb942e5c588a
20260749,P2,speed_stuck,hold,L8,"AUC(faulted, matched-clean) folded to [0.5,1.0]",0.500000,L2b,False,0.645000,3.5408,VALID,,6383676a3491dc82d70f2db20cdafb942e5c588a
20260749,P2,speed_bias,3.0 m/s,L1,"AUC(faulted, matched-clean) folded to [0.5,1.0]",0.966600,L8,True,0.657500,3.5239,VALID,,6383676a3491dc82d70f2db20cdafb942e5c588a
20260749,P2,speed_bias,3.0 m/s,L2a,"AUC(faulted, matched-clean) folded to [0.5,1.0]",0.623775,L8,True,0.657500,3.5239,VALID,,6383676a3491dc82d70f2db20cdafb942e5c588a
20260749,P2,speed_bias,3.0 m/s,L2b,"AUC(faulted, matched-clean) folded to [0.5,1.0]",0.688825,L8,True,0.657500,3.5239,VALID,,6383676a3491dc82d70f2db20cdafb942e5c588a
20260749,P2,speed_bias,3.0 m/s,L3,"AUC(faulted, matched-clean) folded to [0.5,1.0]",0.629800,L8,True,0.657500,3.5239,VALID,,6383676a3491dc82d70f2db20cdafb942e5c588a
20260749,P2,speed_bias,3.0 m/s,L6,"AUC(faulted, matched-clean) folded to [0.5,1.0]",0.956925,L8,True,0.657500,3.5239,VALID,,6383676a3491dc82d70f2db20cdafb942e5c588a
20260749,P2,speed_bias,3.0 m/s,L7,"AUC(faulted, matched-clean) folded to [0.5,1.0]",0.710000,L8,True,0.657500,3.5239,VALID,,6383676a3491dc82d70f2db20cdafb942e5c588a
20260749,P2,speed_bias,3.0 m/s,L8,"AUC(faulted, matched-clean) folded to [0.5,1.0]",0.500000,L8,True,0.657500,3.5239,VALID,,6383676a3491dc82d70f2db20cdafb942e5c588a
20260749,P2,lateral_noise,sigma x25,L1,"AUC(faulted, matched-clean) folded to [0.5,1.0]",0.983575,L7,True,0.857500,3.5532,VALID,,6383676a3491dc82d70f2db20cdafb942e5c588a
20260749,P2,lateral_noise,sigma x25,L2a,"AUC(faulted, matched-clean) folded to [0.5,1.0]",0.945400,L7,True,0.857500,3.5532,VALID,,6383676a3491dc82d70f2db20cdafb942e5c588a
20260749,P2,lateral_noise,sigma x25,L2b,"AUC(faulted, matched-clean) folded to [0.5,1.0]",0.688825,L7,True,0.857500,3.5532,VALID,,6383676a3491dc82d70f2db20cdafb942e5c588a
20260749,P2,lateral_noise,sigma x25,L3,"AUC(faulted, matched-clean) folded to [0.5,1.0]",0.943125,L7,True,0.857500,3.5532,VALID,,6383676a3491dc82d70f2db20cdafb942e5c588a
20260749,P2,lateral_noise,sigma x25,L6,"AUC(faulted, matched-clean) folded to [0.5,1.0]",0.935675,L7,True,0.857500,3.5532,VALID,,6383676a3491dc82d70f2db20cdafb942e5c588a
20260749,P2,lateral_noise,sigma x25,L7,"AUC(faulted, matched-clean) folded to [0.5,1.0]",0.510000,L7,True,0.857500,3.5532,VALID,,6383676a3491dc82d70f2db20cdafb942e5c588a
20260749,P2,lateral_noise,sigma x25,L8,"AUC(faulted, matched-clean) folded to [0.5,1.0]",0.500000,L7,True,0.857500,3.5532,VALID,,6383676a3491dc82d70f2db20cdafb942e5c588a
20260750,P2,imu_dropout,suppress IMU,L1,"AUC(faulted, matched-clean) folded to [0.5,1.0]",0.997500,L7,True,0.882500,3.2298,VALID,,6383676a3491dc82d70f2db20cdafb942e5c588a
20260750,P2,imu_dropout,suppress IMU,L2a,"AUC(faulted, matched-clean) folded to [0.5,1.0]",0.961200,L7,True,0.882500,3.2298,VALID,,6383676a3491dc82d70f2db20cdafb942e5c588a
20260750,P2,imu_dropout,suppress IMU,L2b,"AUC(faulted, matched-clean) folded to [0.5,1.0]",0.859125,L7,True,0.882500,3.2298,VALID,,6383676a3491dc82d70f2db20cdafb942e5c588a
20260750,P2,imu_dropout,suppress IMU,L3,"AUC(faulted, matched-clean) folded to [0.5,1.0]",0.970100,L7,True,0.882500,3.2298,VALID,,6383676a3491dc82d70f2db20cdafb942e5c588a
20260750,P2,imu_dropout,suppress IMU,L6,"AUC(faulted, matched-clean) folded to [0.5,1.0]",0.979650,L7,True,0.882500,3.2298,VALID,,6383676a3491dc82d70f2db20cdafb942e5c588a
20260750,P2,imu_dropout,suppress IMU,L7,"AUC(faulted, matched-clean) folded to [0.5,1.0]",0.500000,L7,True,0.882500,3.2298,VALID,,6383676a3491dc82d70f2db20cdafb942e5c588a
20260750,P2,imu_dropout,suppress IMU,L8,"AUC(faulted, matched-clean) folded to [0.5,1.0]",0.500000,L7,True,0.882500,3.2298,VALID,,6383676a3491dc82d70f2db20cdafb942e5c588a
20260750,P2,position_bias,1.0 m,L1,"AUC(faulted, matched-clean) folded to [0.5,1.0]",1.000000,L2a,True,0.882500,3.2344,INVALID,ground-truth regeneration (ADR-0033): fault never reached the estimator,6383676a3491dc82d70f2db20cdafb942e5c588a
20260750,P2,position_bias,1.0 m,L2a,"AUC(faulted, matched-clean) folded to [0.5,1.0]",0.500000,L2a,True,0.882500,3.2344,INVALID,ground-truth regeneration (ADR-0033): fault never reached the estimator,6383676a3491dc82d70f2db20cdafb942e5c588a
20260750,P2,position_bias,1.0 m,L2b,"AUC(faulted, matched-clean) folded to [0.5,1.0]",0.500000,L2a,True,0.882500,3.2344,INVALID,ground-truth regeneration (ADR-0033): fault never reached the estimator,6383676a3491dc82d70f2db20cdafb942e5c588a
20260750,P2,position_bias,1.0 m,L3,"AUC(faulted, matched-clean) folded to [0.5,1.0]",0.500000,L2a,True,0.882500,3.2344,INVALID,ground-truth regeneration (ADR-0033): fault never reached the estimator,6383676a3491dc82d70f2db20cdafb942e5c588a
20260750,P2,position_bias,1.0 m,L6,"AUC(faulted, matched-clean) folded to [0.5,1.0]",0.500000,L2a,True,0.882500,3.2344,INVALID,ground-truth regeneration (ADR-0033): fault never reached the estimator,6383676a3491dc82d70f2db20cdafb942e5c588a
20260750,P2,position_bias,1.0 m,L7,"AUC(faulted, matched-clean) folded to [0.5,1.0]",0.500000,L2a,True,0.882500,3.2344,INVALID,ground-truth regeneration (ADR-0033): fault never reached the estimator,6383676a3491dc82d70f2db20cdafb942e5c588a
20260750,P2,position_bias,1.0 m,L8,"AUC(faulted, matched-clean) folded to [0.5,1.0]",0.500000,L2a,True,0.882500,3.2344,INVALID,ground-truth regeneration (ADR-0033): fault never reached the estimator,6383676a3491dc82d70f2db20cdafb942e5c588a
20260750,P2,position_drift,2.0 m final,L1,"AUC(faulted, matched-clean) folded to [0.5,1.0]",0.959888,L2a,True,0.882500,3.2344,INVALID,ground-truth regeneration (ADR-0033): fault never reached the estimator,6383676a3491dc82d70f2db20cdafb942e5c588a
20260750,P2,position_drift,2.0 m final,L2a,"AUC(faulted, matched-clean) folded to [0.5,1.0]",0.500000,L2a,True,0.882500,3.2344,INVALID,ground-truth regeneration (ADR-0033): fault never reached the estimator,6383676a3491dc82d70f2db20cdafb942e5c588a
20260750,P2,position_drift,2.0 m final,L2b,"AUC(faulted, matched-clean) folded to [0.5,1.0]",0.500000,L2a,True,0.882500,3.2344,INVALID,ground-truth regeneration (ADR-0033): fault never reached the estimator,6383676a3491dc82d70f2db20cdafb942e5c588a
20260750,P2,position_drift,2.0 m final,L3,"AUC(faulted, matched-clean) folded to [0.5,1.0]",0.500000,L2a,True,0.882500,3.2344,INVALID,ground-truth regeneration (ADR-0033): fault never reached the estimator,6383676a3491dc82d70f2db20cdafb942e5c588a
20260750,P2,position_drift,2.0 m final,L6,"AUC(faulted, matched-clean) folded to [0.5,1.0]",0.500000,L2a,True,0.882500,3.2344,INVALID,ground-truth regeneration (ADR-0033): fault never reached the estimator,6383676a3491dc82d70f2db20cdafb942e5c588a
20260750,P2,position_drift,2.0 m final,L7,"AUC(faulted, matched-clean) folded to [0.5,1.0]",0.500000,L2a,True,0.882500,3.2344,INVALID,ground-truth regeneration (ADR-0033): fault never reached the estimator,6383676a3491dc82d70f2db20cdafb942e5c588a
20260750,P2,position_drift,2.0 m final,L8,"AUC(faulted, matched-clean) folded to [0.5,1.0]",0.500000,L2a,True,0.882500,3.2344,INVALID,ground-truth regeneration (ADR-0033): fault never reached the estimator,6383676a3491dc82d70f2db20cdafb942e5c588a
20260750,P2,speed_stuck,hold,L1,"AUC(faulted, matched-clean) folded to [0.5,1.0]",0.997500,L2b,False,0.670000,3.2298,VALID,,6383676a3491dc82d70f2db20cdafb942e5c588a
20260750,P2,speed_stuck,hold,L2a,"AUC(faulted, matched-clean) folded to [0.5,1.0]",0.669112,L2b,False,0.670000,3.2298,VALID,,6383676a3491dc82d70f2db20cdafb942e5c588a
20260750,P2,speed_stuck,hold,L2b,"AUC(faulted, matched-clean) folded to [0.5,1.0]",0.522437,L2b,False,0.670000,3.2298,VALID,,6383676a3491dc82d70f2db20cdafb942e5c588a
20260750,P2,speed_stuck,hold,L3,"AUC(faulted, matched-clean) folded to [0.5,1.0]",0.668200,L2b,False,0.670000,3.2298,VALID,,6383676a3491dc82d70f2db20cdafb942e5c588a
20260750,P2,speed_stuck,hold,L6,"AUC(faulted, matched-clean) folded to [0.5,1.0]",0.989637,L2b,False,0.670000,3.2298,VALID,,6383676a3491dc82d70f2db20cdafb942e5c588a
20260750,P2,speed_stuck,hold,L7,"AUC(faulted, matched-clean) folded to [0.5,1.0]",0.712500,L2b,False,0.670000,3.2298,VALID,,6383676a3491dc82d70f2db20cdafb942e5c588a
20260750,P2,speed_stuck,hold,L8,"AUC(faulted, matched-clean) folded to [0.5,1.0]",0.500000,L2b,False,0.670000,3.2298,VALID,,6383676a3491dc82d70f2db20cdafb942e5c588a
20260750,P2,speed_bias,3.0 m/s,L1,"AUC(faulted, matched-clean) folded to [0.5,1.0]",1.000000,L2b,False,0.680000,3.2298,VALID,,6383676a3491dc82d70f2db20cdafb942e5c588a
20260750,P2,speed_bias,3.0 m/s,L2a,"AUC(faulted, matched-clean) folded to [0.5,1.0]",0.612700,L2b,False,0.680000,3.2298,VALID,,6383676a3491dc82d70f2db20cdafb942e5c588a
20260750,P2,speed_bias,3.0 m/s,L2b,"AUC(faulted, matched-clean) folded to [0.5,1.0]",0.519325,L2b,False,0.680000,3.2298,VALID,,6383676a3491dc82d70f2db20cdafb942e5c588a
20260750,P2,speed_bias,3.0 m/s,L3,"AUC(faulted, matched-clean) folded to [0.5,1.0]",0.616850,L2b,False,0.680000,3.2298,VALID,,6383676a3491dc82d70f2db20cdafb942e5c588a
20260750,P2,speed_bias,3.0 m/s,L6,"AUC(faulted, matched-clean) folded to [0.5,1.0]",0.990700,L2b,False,0.680000,3.2298,VALID,,6383676a3491dc82d70f2db20cdafb942e5c588a
20260750,P2,speed_bias,3.0 m/s,L7,"AUC(faulted, matched-clean) folded to [0.5,1.0]",0.702500,L2b,False,0.680000,3.2298,VALID,,6383676a3491dc82d70f2db20cdafb942e5c588a
20260750,P2,speed_bias,3.0 m/s,L8,"AUC(faulted, matched-clean) folded to [0.5,1.0]",0.500000,L2b,False,0.680000,3.2298,VALID,,6383676a3491dc82d70f2db20cdafb942e5c588a
20260750,P2,lateral_noise,sigma x25,L1,"AUC(faulted, matched-clean) folded to [0.5,1.0]",0.976200,L2b,False,0.882500,3.2344,VALID,,6383676a3491dc82d70f2db20cdafb942e5c588a
20260750,P2,lateral_noise,sigma x25,L2a,"AUC(faulted, matched-clean) folded to [0.5,1.0]",0.944225,L2b,False,0.882500,3.2344,VALID,,6383676a3491dc82d70f2db20cdafb942e5c588a
20260750,P2,lateral_noise,sigma x25,L2b,"AUC(faulted, matched-clean) folded to [0.5,1.0]",0.527725,L2b,False,0.882500,3.2344,VALID,,6383676a3491dc82d70f2db20cdafb942e5c588a
20260750,P2,lateral_noise,sigma x25,L3,"AUC(faulted, matched-clean) folded to [0.5,1.0]",0.944712,L2b,False,0.882500,3.2344,VALID,,6383676a3491dc82d70f2db20cdafb942e5c588a
20260750,P2,lateral_noise,sigma x25,L6,"AUC(faulted, matched-clean) folded to [0.5,1.0]",0.931150,L2b,False,0.882500,3.2344,VALID,,6383676a3491dc82d70f2db20cdafb942e5c588a
20260750,P2,lateral_noise,sigma x25,L7,"AUC(faulted, matched-clean) folded to [0.5,1.0]",0.500000,L2b,False,0.882500,3.2344,VALID,,6383676a3491dc82d70f2db20cdafb942e5c588a
20260750,P2,lateral_noise,sigma x25,L8,"AUC(faulted, matched-clean) folded to [0.5,1.0]",0.500000,L2b,False,0.882500,3.2344,VALID,,6383676a3491dc82d70f2db20cdafb942e5c588a
20260751,P2,imu_dropout,suppress IMU,L1,"AUC(faulted, matched-clean) folded to [0.5,1.0]",0.997500,L2b,False,0.927500,2.6586,VALID,,6383676a3491dc82d70f2db20cdafb942e5c588a
20260751,P2,imu_dropout,suppress IMU,L2a,"AUC(faulted, matched-clean) folded to [0.5,1.0]",0.895650,L2b,False,0.927500,2.6586,VALID,,6383676a3491dc82d70f2db20cdafb942e5c588a
20260751,P2,imu_dropout,suppress IMU,L2b,"AUC(faulted, matched-clean) folded to [0.5,1.0]",0.528750,L2b,False,0.927500,2.6586,VALID,,6383676a3491dc82d70f2db20cdafb942e5c588a
20260751,P2,imu_dropout,suppress IMU,L3,"AUC(faulted, matched-clean) folded to [0.5,1.0]",0.890900,L2b,False,0.927500,2.6586,VALID,,6383676a3491dc82d70f2db20cdafb942e5c588a
20260751,P2,imu_dropout,suppress IMU,L6,"AUC(faulted, matched-clean) folded to [0.5,1.0]",0.619650,L2b,False,0.927500,2.6586,VALID,,6383676a3491dc82d70f2db20cdafb942e5c588a
20260751,P2,imu_dropout,suppress IMU,L7,"AUC(faulted, matched-clean) folded to [0.5,1.0]",0.500000,L2b,False,0.927500,2.6586,VALID,,6383676a3491dc82d70f2db20cdafb942e5c588a
20260751,P2,imu_dropout,suppress IMU,L8,"AUC(faulted, matched-clean) folded to [0.5,1.0]",0.500000,L2b,False,0.927500,2.6586,VALID,,6383676a3491dc82d70f2db20cdafb942e5c588a
20260751,P2,position_bias,1.0 m,L1,"AUC(faulted, matched-clean) folded to [0.5,1.0]",1.000000,L2a,True,0.927500,2.6630,INVALID,ground-truth regeneration (ADR-0033): fault never reached the estimator,6383676a3491dc82d70f2db20cdafb942e5c588a
20260751,P2,position_bias,1.0 m,L2a,"AUC(faulted, matched-clean) folded to [0.5,1.0]",0.500000,L2a,True,0.927500,2.6630,INVALID,ground-truth regeneration (ADR-0033): fault never reached the estimator,6383676a3491dc82d70f2db20cdafb942e5c588a
20260751,P2,position_bias,1.0 m,L2b,"AUC(faulted, matched-clean) folded to [0.5,1.0]",0.500000,L2a,True,0.927500,2.6630,INVALID,ground-truth regeneration (ADR-0033): fault never reached the estimator,6383676a3491dc82d70f2db20cdafb942e5c588a
20260751,P2,position_bias,1.0 m,L3,"AUC(faulted, matched-clean) folded to [0.5,1.0]",0.500000,L2a,True,0.927500,2.6630,INVALID,ground-truth regeneration (ADR-0033): fault never reached the estimator,6383676a3491dc82d70f2db20cdafb942e5c588a
20260751,P2,position_bias,1.0 m,L6,"AUC(faulted, matched-clean) folded to [0.5,1.0]",0.500000,L2a,True,0.927500,2.6630,INVALID,ground-truth regeneration (ADR-0033): fault never reached the estimator,6383676a3491dc82d70f2db20cdafb942e5c588a
20260751,P2,position_bias,1.0 m,L7,"AUC(faulted, matched-clean) folded to [0.5,1.0]",0.500000,L2a,True,0.927500,2.6630,INVALID,ground-truth regeneration (ADR-0033): fault never reached the estimator,6383676a3491dc82d70f2db20cdafb942e5c588a
20260751,P2,position_bias,1.0 m,L8,"AUC(faulted, matched-clean) folded to [0.5,1.0]",0.500000,L2a,True,0.927500,2.6630,INVALID,ground-truth regeneration (ADR-0033): fault never reached the estimator,6383676a3491dc82d70f2db20cdafb942e5c588a
20260751,P2,position_drift,2.0 m final,L1,"AUC(faulted, matched-clean) folded to [0.5,1.0]",0.975862,L2a,True,0.927500,2.6630,INVALID,ground-truth regeneration (ADR-0033): fault never reached the estimator,6383676a3491dc82d70f2db20cdafb942e5c588a
20260751,P2,position_drift,2.0 m final,L2a,"AUC(faulted, matched-clean) folded to [0.5,1.0]",0.500000,L2a,True,0.927500,2.6630,INVALID,ground-truth regeneration (ADR-0033): fault never reached the estimator,6383676a3491dc82d70f2db20cdafb942e5c588a
20260751,P2,position_drift,2.0 m final,L2b,"AUC(faulted, matched-clean) folded to [0.5,1.0]",0.500000,L2a,True,0.927500,2.6630,INVALID,ground-truth regeneration (ADR-0033): fault never reached the estimator,6383676a3491dc82d70f2db20cdafb942e5c588a
20260751,P2,position_drift,2.0 m final,L3,"AUC(faulted, matched-clean) folded to [0.5,1.0]",0.500000,L2a,True,0.927500,2.6630,INVALID,ground-truth regeneration (ADR-0033): fault never reached the estimator,6383676a3491dc82d70f2db20cdafb942e5c588a
20260751,P2,position_drift,2.0 m final,L6,"AUC(faulted, matched-clean) folded to [0.5,1.0]",0.500000,L2a,True,0.927500,2.6630,INVALID,ground-truth regeneration (ADR-0033): fault never reached the estimator,6383676a3491dc82d70f2db20cdafb942e5c588a
20260751,P2,position_drift,2.0 m final,L7,"AUC(faulted, matched-clean) folded to [0.5,1.0]",0.500000,L2a,True,0.927500,2.6630,INVALID,ground-truth regeneration (ADR-0033): fault never reached the estimator,6383676a3491dc82d70f2db20cdafb942e5c588a
20260751,P2,position_drift,2.0 m final,L8,"AUC(faulted, matched-clean) folded to [0.5,1.0]",0.500000,L2a,True,0.927500,2.6630,INVALID,ground-truth regeneration (ADR-0033): fault never reached the estimator,6383676a3491dc82d70f2db20cdafb942e5c588a
20260751,P2,speed_stuck,hold,L1,"AUC(faulted, matched-clean) folded to [0.5,1.0]",0.542500,L1,False,0.927500,2.6586,VALID,,6383676a3491dc82d70f2db20cdafb942e5c588a
20260751,P2,speed_stuck,hold,L2a,"AUC(faulted, matched-clean) folded to [0.5,1.0]",0.643512,L1,False,0.927500,2.6586,VALID,,6383676a3491dc82d70f2db20cdafb942e5c588a
20260751,P2,speed_stuck,hold,L2b,"AUC(faulted, matched-clean) folded to [0.5,1.0]",0.544237,L1,False,0.927500,2.6586,VALID,,6383676a3491dc82d70f2db20cdafb942e5c588a
20260751,P2,speed_stuck,hold,L3,"AUC(faulted, matched-clean) folded to [0.5,1.0]",0.643350,L1,False,0.927500,2.6586,VALID,,6383676a3491dc82d70f2db20cdafb942e5c588a
20260751,P2,speed_stuck,hold,L6,"AUC(faulted, matched-clean) folded to [0.5,1.0]",0.559588,L1,False,0.927500,2.6586,VALID,,6383676a3491dc82d70f2db20cdafb942e5c588a
20260751,P2,speed_stuck,hold,L7,"AUC(faulted, matched-clean) folded to [0.5,1.0]",0.500000,L1,False,0.927500,2.6586,VALID,,6383676a3491dc82d70f2db20cdafb942e5c588a
20260751,P2,speed_stuck,hold,L8,"AUC(faulted, matched-clean) folded to [0.5,1.0]",0.500000,L1,False,0.927500,2.6586,VALID,,6383676a3491dc82d70f2db20cdafb942e5c588a
20260751,P2,speed_bias,3.0 m/s,L1,"AUC(faulted, matched-clean) folded to [0.5,1.0]",1.000000,L2a,False,0.715000,2.6586,VALID,,6383676a3491dc82d70f2db20cdafb942e5c588a
20260751,P2,speed_bias,3.0 m/s,L2a,"AUC(faulted, matched-clean) folded to [0.5,1.0]",0.591125,L2a,False,0.715000,2.6586,VALID,,6383676a3491dc82d70f2db20cdafb942e5c588a
20260751,P2,speed_bias,3.0 m/s,L2b,"AUC(faulted, matched-clean) folded to [0.5,1.0]",0.533375,L2a,False,0.715000,2.6586,VALID,,6383676a3491dc82d70f2db20cdafb942e5c588a
20260751,P2,speed_bias,3.0 m/s,L3,"AUC(faulted, matched-clean) folded to [0.5,1.0]",0.596125,L2a,False,0.715000,2.6586,VALID,,6383676a3491dc82d70f2db20cdafb942e5c588a
20260751,P2,speed_bias,3.0 m/s,L6,"AUC(faulted, matched-clean) folded to [0.5,1.0]",1.000000,L2a,False,0.715000,2.6586,VALID,,6383676a3491dc82d70f2db20cdafb942e5c588a
20260751,P2,speed_bias,3.0 m/s,L7,"AUC(faulted, matched-clean) folded to [0.5,1.0]",0.712500,L2a,False,0.715000,2.6586,VALID,,6383676a3491dc82d70f2db20cdafb942e5c588a
20260751,P2,speed_bias,3.0 m/s,L8,"AUC(faulted, matched-clean) folded to [0.5,1.0]",0.500000,L2a,False,0.715000,2.6586,VALID,,6383676a3491dc82d70f2db20cdafb942e5c588a
20260751,P2,lateral_noise,sigma x25,L1,"AUC(faulted, matched-clean) folded to [0.5,1.0]",1.000000,L2b,False,0.927500,2.6649,VALID,,6383676a3491dc82d70f2db20cdafb942e5c588a
20260751,P2,lateral_noise,sigma x25,L2a,"AUC(faulted, matched-clean) folded to [0.5,1.0]",0.963750,L2b,False,0.927500,2.6649,VALID,,6383676a3491dc82d70f2db20cdafb942e5c588a
20260751,P2,lateral_noise,sigma x25,L2b,"AUC(faulted, matched-clean) folded to [0.5,1.0]",0.524487,L2b,False,0.927500,2.6649,VALID,,6383676a3491dc82d70f2db20cdafb942e5c588a
20260751,P2,lateral_noise,sigma x25,L3,"AUC(faulted, matched-clean) folded to [0.5,1.0]",0.963800,L2b,False,0.927500,2.6649,VALID,,6383676a3491dc82d70f2db20cdafb942e5c588a
20260751,P2,lateral_noise,sigma x25,L6,"AUC(faulted, matched-clean) folded to [0.5,1.0]",0.914950,L2b,False,0.927500,2.6649,VALID,,6383676a3491dc82d70f2db20cdafb942e5c588a
20260751,P2,lateral_noise,sigma x25,L7,"AUC(faulted, matched-clean) folded to [0.5,1.0]",0.500000,L2b,False,0.927500,2.6649,VALID,,6383676a3491dc82d70f2db20cdafb942e5c588a
20260751,P2,lateral_noise,sigma x25,L8,"AUC(faulted, matched-clean) folded to [0.5,1.0]",0.500000,L2b,False,0.927500,2.6649,VALID,,6383676a3491dc82d70f2db20cdafb942e5c588a
20260752,P2,imu_dropout,suppress IMU,L1,"AUC(faulted, matched-clean) folded to [0.5,1.0]",0.997500,L2a,False,0.957500,2.5669,VALID,,6383676a3491dc82d70f2db20cdafb942e5c588a
20260752,P2,imu_dropout,suppress IMU,L2a,"AUC(faulted, matched-clean) folded to [0.5,1.0]",0.581625,L2a,False,0.957500,2.5669,VALID,,6383676a3491dc82d70f2db20cdafb942e5c588a
20260752,P2,imu_dropout,suppress IMU,L2b,"AUC(faulted, matched-clean) folded to [0.5,1.0]",0.696875,L2a,False,0.957500,2.5669,VALID,,6383676a3491dc82d70f2db20cdafb942e5c588a
20260752,P2,imu_dropout,suppress IMU,L3,"AUC(faulted, matched-clean) folded to [0.5,1.0]",0.582800,L2a,False,0.957500,2.5669,VALID,,6383676a3491dc82d70f2db20cdafb942e5c588a
20260752,P2,imu_dropout,suppress IMU,L6,"AUC(faulted, matched-clean) folded to [0.5,1.0]",0.573475,L2a,False,0.957500,2.5669,VALID,,6383676a3491dc82d70f2db20cdafb942e5c588a
20260752,P2,imu_dropout,suppress IMU,L7,"AUC(faulted, matched-clean) folded to [0.5,1.0]",0.500000,L2a,False,0.957500,2.5669,VALID,,6383676a3491dc82d70f2db20cdafb942e5c588a
20260752,P2,imu_dropout,suppress IMU,L8,"AUC(faulted, matched-clean) folded to [0.5,1.0]",0.500000,L2a,False,0.957500,2.5669,VALID,,6383676a3491dc82d70f2db20cdafb942e5c588a
20260752,P2,position_bias,1.0 m,L1,"AUC(faulted, matched-clean) folded to [0.5,1.0]",1.000000,L2a,True,0.957500,2.5728,INVALID,ground-truth regeneration (ADR-0033): fault never reached the estimator,6383676a3491dc82d70f2db20cdafb942e5c588a
20260752,P2,position_bias,1.0 m,L2a,"AUC(faulted, matched-clean) folded to [0.5,1.0]",0.500000,L2a,True,0.957500,2.5728,INVALID,ground-truth regeneration (ADR-0033): fault never reached the estimator,6383676a3491dc82d70f2db20cdafb942e5c588a
20260752,P2,position_bias,1.0 m,L2b,"AUC(faulted, matched-clean) folded to [0.5,1.0]",0.500000,L2a,True,0.957500,2.5728,INVALID,ground-truth regeneration (ADR-0033): fault never reached the estimator,6383676a3491dc82d70f2db20cdafb942e5c588a
20260752,P2,position_bias,1.0 m,L3,"AUC(faulted, matched-clean) folded to [0.5,1.0]",0.500000,L2a,True,0.957500,2.5728,INVALID,ground-truth regeneration (ADR-0033): fault never reached the estimator,6383676a3491dc82d70f2db20cdafb942e5c588a
20260752,P2,position_bias,1.0 m,L6,"AUC(faulted, matched-clean) folded to [0.5,1.0]",0.500000,L2a,True,0.957500,2.5728,INVALID,ground-truth regeneration (ADR-0033): fault never reached the estimator,6383676a3491dc82d70f2db20cdafb942e5c588a
20260752,P2,position_bias,1.0 m,L7,"AUC(faulted, matched-clean) folded to [0.5,1.0]",0.500000,L2a,True,0.957500,2.5728,INVALID,ground-truth regeneration (ADR-0033): fault never reached the estimator,6383676a3491dc82d70f2db20cdafb942e5c588a
20260752,P2,position_bias,1.0 m,L8,"AUC(faulted, matched-clean) folded to [0.5,1.0]",0.500000,L2a,True,0.957500,2.5728,INVALID,ground-truth regeneration (ADR-0033): fault never reached the estimator,6383676a3491dc82d70f2db20cdafb942e5c588a
20260752,P2,position_drift,2.0 m final,L1,"AUC(faulted, matched-clean) folded to [0.5,1.0]",0.972437,L2a,True,0.957500,2.5728,INVALID,ground-truth regeneration (ADR-0033): fault never reached the estimator,6383676a3491dc82d70f2db20cdafb942e5c588a
20260752,P2,position_drift,2.0 m final,L2a,"AUC(faulted, matched-clean) folded to [0.5,1.0]",0.500000,L2a,True,0.957500,2.5728,INVALID,ground-truth regeneration (ADR-0033): fault never reached the estimator,6383676a3491dc82d70f2db20cdafb942e5c588a
20260752,P2,position_drift,2.0 m final,L2b,"AUC(faulted, matched-clean) folded to [0.5,1.0]",0.500000,L2a,True,0.957500,2.5728,INVALID,ground-truth regeneration (ADR-0033): fault never reached the estimator,6383676a3491dc82d70f2db20cdafb942e5c588a
20260752,P2,position_drift,2.0 m final,L3,"AUC(faulted, matched-clean) folded to [0.5,1.0]",0.500000,L2a,True,0.957500,2.5728,INVALID,ground-truth regeneration (ADR-0033): fault never reached the estimator,6383676a3491dc82d70f2db20cdafb942e5c588a
20260752,P2,position_drift,2.0 m final,L6,"AUC(faulted, matched-clean) folded to [0.5,1.0]",0.500000,L2a,True,0.957500,2.5728,INVALID,ground-truth regeneration (ADR-0033): fault never reached the estimator,6383676a3491dc82d70f2db20cdafb942e5c588a
20260752,P2,position_drift,2.0 m final,L7,"AUC(faulted, matched-clean) folded to [0.5,1.0]",0.500000,L2a,True,0.957500,2.5728,INVALID,ground-truth regeneration (ADR-0033): fault never reached the estimator,6383676a3491dc82d70f2db20cdafb942e5c588a
20260752,P2,position_drift,2.0 m final,L8,"AUC(faulted, matched-clean) folded to [0.5,1.0]",0.500000,L2a,True,0.957500,2.5728,INVALID,ground-truth regeneration (ADR-0033): fault never reached the estimator,6383676a3491dc82d70f2db20cdafb942e5c588a
20260752,P2,speed_stuck,hold,L1,"AUC(faulted, matched-clean) folded to [0.5,1.0]",0.527500,L1,False,0.957500,2.5669,VALID,,6383676a3491dc82d70f2db20cdafb942e5c588a
20260752,P2,speed_stuck,hold,L2a,"AUC(faulted, matched-clean) folded to [0.5,1.0]",0.682412,L1,False,0.957500,2.5669,VALID,,6383676a3491dc82d70f2db20cdafb942e5c588a
20260752,P2,speed_stuck,hold,L2b,"AUC(faulted, matched-clean) folded to [0.5,1.0]",0.537388,L1,False,0.957500,2.5669,VALID,,6383676a3491dc82d70f2db20cdafb942e5c588a
20260752,P2,speed_stuck,hold,L3,"AUC(faulted, matched-clean) folded to [0.5,1.0]",0.681450,L1,False,0.957500,2.5669,VALID,,6383676a3491dc82d70f2db20cdafb942e5c588a
20260752,P2,speed_stuck,hold,L6,"AUC(faulted, matched-clean) folded to [0.5,1.0]",0.626862,L1,False,0.957500,2.5669,VALID,,6383676a3491dc82d70f2db20cdafb942e5c588a
20260752,P2,speed_stuck,hold,L7,"AUC(faulted, matched-clean) folded to [0.5,1.0]",0.500000,L1,False,0.957500,2.5669,VALID,,6383676a3491dc82d70f2db20cdafb942e5c588a
20260752,P2,speed_stuck,hold,L8,"AUC(faulted, matched-clean) folded to [0.5,1.0]",0.500000,L1,False,0.957500,2.5669,VALID,,6383676a3491dc82d70f2db20cdafb942e5c588a
20260752,P2,speed_bias,3.0 m/s,L1,"AUC(faulted, matched-clean) folded to [0.5,1.0]",1.000000,L2b,False,0.750000,2.5669,VALID,,6383676a3491dc82d70f2db20cdafb942e5c588a
20260752,P2,speed_bias,3.0 m/s,L2a,"AUC(faulted, matched-clean) folded to [0.5,1.0]",0.631425,L2b,False,0.750000,2.5669,VALID,,6383676a3491dc82d70f2db20cdafb942e5c588a
20260752,P2,speed_bias,3.0 m/s,L2b,"AUC(faulted, matched-clean) folded to [0.5,1.0]",0.513525,L2b,False,0.750000,2.5669,VALID,,6383676a3491dc82d70f2db20cdafb942e5c588a
20260752,P2,speed_bias,3.0 m/s,L3,"AUC(faulted, matched-clean) folded to [0.5,1.0]",0.635838,L2b,False,0.750000,2.5669,VALID,,6383676a3491dc82d70f2db20cdafb942e5c588a
20260752,P2,speed_bias,3.0 m/s,L6,"AUC(faulted, matched-clean) folded to [0.5,1.0]",1.000000,L2b,False,0.750000,2.5669,VALID,,6383676a3491dc82d70f2db20cdafb942e5c588a
20260752,P2,speed_bias,3.0 m/s,L7,"AUC(faulted, matched-clean) folded to [0.5,1.0]",0.707500,L2b,False,0.750000,2.5669,VALID,,6383676a3491dc82d70f2db20cdafb942e5c588a
20260752,P2,speed_bias,3.0 m/s,L8,"AUC(faulted, matched-clean) folded to [0.5,1.0]",0.500000,L2b,False,0.750000,2.5669,VALID,,6383676a3491dc82d70f2db20cdafb942e5c588a
20260752,P2,lateral_noise,sigma x25,L1,"AUC(faulted, matched-clean) folded to [0.5,1.0]",0.997175,L2b,False,0.957500,2.5773,VALID,,6383676a3491dc82d70f2db20cdafb942e5c588a
20260752,P2,lateral_noise,sigma x25,L2a,"AUC(faulted, matched-clean) folded to [0.5,1.0]",0.968000,L2b,False,0.957500,2.5773,VALID,,6383676a3491dc82d70f2db20cdafb942e5c588a
20260752,P2,lateral_noise,sigma x25,L2b,"AUC(faulted, matched-clean) folded to [0.5,1.0]",0.522437,L2b,False,0.957500,2.5773,VALID,,6383676a3491dc82d70f2db20cdafb942e5c588a
20260752,P2,lateral_noise,sigma x25,L3,"AUC(faulted, matched-clean) folded to [0.5,1.0]",0.967963,L2b,False,0.957500,2.5773,VALID,,6383676a3491dc82d70f2db20cdafb942e5c588a
20260752,P2,lateral_noise,sigma x25,L6,"AUC(faulted, matched-clean) folded to [0.5,1.0]",0.990225,L2b,False,0.957500,2.5773,VALID,,6383676a3491dc82d70f2db20cdafb942e5c588a
20260752,P2,lateral_noise,sigma x25,L7,"AUC(faulted, matched-clean) folded to [0.5,1.0]",0.500000,L2b,False,0.957500,2.5773,VALID,,6383676a3491dc82d70f2db20cdafb942e5c588a
20260752,P2,lateral_noise,sigma x25,L8,"AUC(faulted, matched-clean) folded to [0.5,1.0]",0.500000,L2b,False,0.957500,2.5773,VALID,,6383676a3491dc82d70f2db20cdafb942e5c588a
20260753,P2,imu_dropout,suppress IMU,L1,"AUC(faulted, matched-clean) folded to [0.5,1.0]",0.997500,L2a,False,0.952500,3.8672,VALID,,6383676a3491dc82d70f2db20cdafb942e5c588a
20260753,P2,imu_dropout,suppress IMU,L2a,"AUC(faulted, matched-clean) folded to [0.5,1.0]",0.543250,L2a,False,0.952500,3.8672,VALID,,6383676a3491dc82d70f2db20cdafb942e5c588a
20260753,P2,imu_dropout,suppress IMU,L2b,"AUC(faulted, matched-clean) folded to [0.5,1.0]",0.836050,L2a,False,0.952500,3.8672,VALID,,6383676a3491dc82d70f2db20cdafb942e5c588a
20260753,P2,imu_dropout,suppress IMU,L3,"AUC(faulted, matched-clean) folded to [0.5,1.0]",0.544438,L2a,False,0.952500,3.8672,VALID,,6383676a3491dc82d70f2db20cdafb942e5c588a
20260753,P2,imu_dropout,suppress IMU,L6,"AUC(faulted, matched-clean) folded to [0.5,1.0]",0.858525,L2a,False,0.952500,3.8672,VALID,,6383676a3491dc82d70f2db20cdafb942e5c588a
20260753,P2,imu_dropout,suppress IMU,L7,"AUC(faulted, matched-clean) folded to [0.5,1.0]",0.500000,L2a,False,0.952500,3.8672,VALID,,6383676a3491dc82d70f2db20cdafb942e5c588a
20260753,P2,imu_dropout,suppress IMU,L8,"AUC(faulted, matched-clean) folded to [0.5,1.0]",0.500000,L2a,False,0.952500,3.8672,VALID,,6383676a3491dc82d70f2db20cdafb942e5c588a
20260753,P2,position_bias,1.0 m,L1,"AUC(faulted, matched-clean) folded to [0.5,1.0]",1.000000,L2a,True,0.952500,2.3489,INVALID,ground-truth regeneration (ADR-0033): fault never reached the estimator,6383676a3491dc82d70f2db20cdafb942e5c588a
20260753,P2,position_bias,1.0 m,L2a,"AUC(faulted, matched-clean) folded to [0.5,1.0]",0.500000,L2a,True,0.952500,2.3489,INVALID,ground-truth regeneration (ADR-0033): fault never reached the estimator,6383676a3491dc82d70f2db20cdafb942e5c588a
20260753,P2,position_bias,1.0 m,L2b,"AUC(faulted, matched-clean) folded to [0.5,1.0]",0.500000,L2a,True,0.952500,2.3489,INVALID,ground-truth regeneration (ADR-0033): fault never reached the estimator,6383676a3491dc82d70f2db20cdafb942e5c588a
20260753,P2,position_bias,1.0 m,L3,"AUC(faulted, matched-clean) folded to [0.5,1.0]",0.500000,L2a,True,0.952500,2.3489,INVALID,ground-truth regeneration (ADR-0033): fault never reached the estimator,6383676a3491dc82d70f2db20cdafb942e5c588a
20260753,P2,position_bias,1.0 m,L6,"AUC(faulted, matched-clean) folded to [0.5,1.0]",0.500000,L2a,True,0.952500,2.3489,INVALID,ground-truth regeneration (ADR-0033): fault never reached the estimator,6383676a3491dc82d70f2db20cdafb942e5c588a
20260753,P2,position_bias,1.0 m,L7,"AUC(faulted, matched-clean) folded to [0.5,1.0]",0.500000,L2a,True,0.952500,2.3489,INVALID,ground-truth regeneration (ADR-0033): fault never reached the estimator,6383676a3491dc82d70f2db20cdafb942e5c588a
20260753,P2,position_bias,1.0 m,L8,"AUC(faulted, matched-clean) folded to [0.5,1.0]",0.500000,L2a,True,0.952500,2.3489,INVALID,ground-truth regeneration (ADR-0033): fault never reached the estimator,6383676a3491dc82d70f2db20cdafb942e5c588a
20260753,P2,position_drift,2.0 m final,L1,"AUC(faulted, matched-clean) folded to [0.5,1.0]",0.969562,L2a,True,0.952500,2.3489,INVALID,ground-truth regeneration (ADR-0033): fault never reached the estimator,6383676a3491dc82d70f2db20cdafb942e5c588a
20260753,P2,position_drift,2.0 m final,L2a,"AUC(faulted, matched-clean) folded to [0.5,1.0]",0.500000,L2a,True,0.952500,2.3489,INVALID,ground-truth regeneration (ADR-0033): fault never reached the estimator,6383676a3491dc82d70f2db20cdafb942e5c588a
20260753,P2,position_drift,2.0 m final,L2b,"AUC(faulted, matched-clean) folded to [0.5,1.0]",0.500000,L2a,True,0.952500,2.3489,INVALID,ground-truth regeneration (ADR-0033): fault never reached the estimator,6383676a3491dc82d70f2db20cdafb942e5c588a
20260753,P2,position_drift,2.0 m final,L3,"AUC(faulted, matched-clean) folded to [0.5,1.0]",0.500000,L2a,True,0.952500,2.3489,INVALID,ground-truth regeneration (ADR-0033): fault never reached the estimator,6383676a3491dc82d70f2db20cdafb942e5c588a
20260753,P2,position_drift,2.0 m final,L6,"AUC(faulted, matched-clean) folded to [0.5,1.0]",0.500000,L2a,True,0.952500,2.3489,INVALID,ground-truth regeneration (ADR-0033): fault never reached the estimator,6383676a3491dc82d70f2db20cdafb942e5c588a
20260753,P2,position_drift,2.0 m final,L7,"AUC(faulted, matched-clean) folded to [0.5,1.0]",0.500000,L2a,True,0.952500,2.3489,INVALID,ground-truth regeneration (ADR-0033): fault never reached the estimator,6383676a3491dc82d70f2db20cdafb942e5c588a
20260753,P2,position_drift,2.0 m final,L8,"AUC(faulted, matched-clean) folded to [0.5,1.0]",0.500000,L2a,True,0.952500,2.3489,INVALID,ground-truth regeneration (ADR-0033): fault never reached the estimator,6383676a3491dc82d70f2db20cdafb942e5c588a
20260753,P2,speed_stuck,hold,L1,"AUC(faulted, matched-clean) folded to [0.5,1.0]",0.987500,L2b,False,0.952500,2.3447,VALID,,6383676a3491dc82d70f2db20cdafb942e5c588a
20260753,P2,speed_stuck,hold,L2a,"AUC(faulted, matched-clean) folded to [0.5,1.0]",0.638012,L2b,False,0.952500,2.3447,VALID,,6383676a3491dc82d70f2db20cdafb942e5c588a
20260753,P2,speed_stuck,hold,L2b,"AUC(faulted, matched-clean) folded to [0.5,1.0]",0.521162,L2b,False,0.952500,2.3447,VALID,,6383676a3491dc82d70f2db20cdafb942e5c588a
20260753,P2,speed_stuck,hold,L3,"AUC(faulted, matched-clean) folded to [0.5,1.0]",0.637162,L2b,False,0.952500,2.3447,VALID,,6383676a3491dc82d70f2db20cdafb942e5c588a
20260753,P2,speed_stuck,hold,L6,"AUC(faulted, matched-clean) folded to [0.5,1.0]",0.753537,L2b,False,0.952500,2.3447,VALID,,6383676a3491dc82d70f2db20cdafb942e5c588a
20260753,P2,speed_stuck,hold,L7,"AUC(faulted, matched-clean) folded to [0.5,1.0]",0.500000,L2b,False,0.952500,2.3447,VALID,,6383676a3491dc82d70f2db20cdafb942e5c588a
20260753,P2,speed_stuck,hold,L8,"AUC(faulted, matched-clean) folded to [0.5,1.0]",0.500000,L2b,False,0.952500,2.3447,VALID,,6383676a3491dc82d70f2db20cdafb942e5c588a
20260753,P2,speed_bias,3.0 m/s,L1,"AUC(faulted, matched-clean) folded to [0.5,1.0]",1.000000,L2a,False,0.742500,2.3447,VALID,,6383676a3491dc82d70f2db20cdafb942e5c588a
20260753,P2,speed_bias,3.0 m/s,L2a,"AUC(faulted, matched-clean) folded to [0.5,1.0]",0.592775,L2a,False,0.742500,2.3447,VALID,,6383676a3491dc82d70f2db20cdafb942e5c588a
20260753,P2,speed_bias,3.0 m/s,L2b,"AUC(faulted, matched-clean) folded to [0.5,1.0]",0.541000,L2a,False,0.742500,2.3447,VALID,,6383676a3491dc82d70f2db20cdafb942e5c588a
20260753,P2,speed_bias,3.0 m/s,L3,"AUC(faulted, matched-clean) folded to [0.5,1.0]",0.597187,L2a,False,0.742500,2.3447,VALID,,6383676a3491dc82d70f2db20cdafb942e5c588a
20260753,P2,speed_bias,3.0 m/s,L6,"AUC(faulted, matched-clean) folded to [0.5,1.0]",1.000000,L2a,False,0.742500,2.3447,VALID,,6383676a3491dc82d70f2db20cdafb942e5c588a
20260753,P2,speed_bias,3.0 m/s,L7,"AUC(faulted, matched-clean) folded to [0.5,1.0]",0.710000,L2a,False,0.742500,2.3447,VALID,,6383676a3491dc82d70f2db20cdafb942e5c588a
20260753,P2,speed_bias,3.0 m/s,L8,"AUC(faulted, matched-clean) folded to [0.5,1.0]",0.500000,L2a,False,0.742500,2.3447,VALID,,6383676a3491dc82d70f2db20cdafb942e5c588a
20260753,P2,lateral_noise,sigma x25,L1,"AUC(faulted, matched-clean) folded to [0.5,1.0]",1.000000,L2b,False,0.952500,2.3541,VALID,,6383676a3491dc82d70f2db20cdafb942e5c588a
20260753,P2,lateral_noise,sigma x25,L2a,"AUC(faulted, matched-clean) folded to [0.5,1.0]",0.974950,L2b,False,0.952500,2.3541,VALID,,6383676a3491dc82d70f2db20cdafb942e5c588a
20260753,P2,lateral_noise,sigma x25,L2b,"AUC(faulted, matched-clean) folded to [0.5,1.0]",0.519362,L2b,False,0.952500,2.3541,VALID,,6383676a3491dc82d70f2db20cdafb942e5c588a
20260753,P2,lateral_noise,sigma x25,L3,"AUC(faulted, matched-clean) folded to [0.5,1.0]",0.974900,L2b,False,0.952500,2.3541,VALID,,6383676a3491dc82d70f2db20cdafb942e5c588a
20260753,P2,lateral_noise,sigma x25,L6,"AUC(faulted, matched-clean) folded to [0.5,1.0]",0.968225,L2b,False,0.952500,2.3541,VALID,,6383676a3491dc82d70f2db20cdafb942e5c588a
20260753,P2,lateral_noise,sigma x25,L7,"AUC(faulted, matched-clean) folded to [0.5,1.0]",0.500000,L2b,False,0.952500,2.3541,VALID,,6383676a3491dc82d70f2db20cdafb942e5c588a
20260753,P2,lateral_noise,sigma x25,L8,"AUC(faulted, matched-clean) folded to [0.5,1.0]",0.500000,L2b,False,0.952500,2.3541,VALID,,6383676a3491dc82d70f2db20cdafb942e5c588a
20260754,P2,imu_dropout,suppress IMU,L1,"AUC(faulted, matched-clean) folded to [0.5,1.0]",0.997500,L2b,False,0.870000,3.3194,VALID,,6383676a3491dc82d70f2db20cdafb942e5c588a
20260754,P2,imu_dropout,suppress IMU,L2a,"AUC(faulted, matched-clean) folded to [0.5,1.0]",0.985000,L2b,False,0.870000,3.3194,VALID,,6383676a3491dc82d70f2db20cdafb942e5c588a
20260754,P2,imu_dropout,suppress IMU,L2b,"AUC(faulted, matched-clean) folded to [0.5,1.0]",0.546525,L2b,False,0.870000,3.3194,VALID,,6383676a3491dc82d70f2db20cdafb942e5c588a
20260754,P2,imu_dropout,suppress IMU,L3,"AUC(faulted, matched-clean) folded to [0.5,1.0]",0.986387,L2b,False,0.870000,3.3194,VALID,,6383676a3491dc82d70f2db20cdafb942e5c588a
20260754,P2,imu_dropout,suppress IMU,L6,"AUC(faulted, matched-clean) folded to [0.5,1.0]",0.703600,L2b,False,0.870000,3.3194,VALID,,6383676a3491dc82d70f2db20cdafb942e5c588a
20260754,P2,imu_dropout,suppress IMU,L7,"AUC(faulted, matched-clean) folded to [0.5,1.0]",0.502500,L2b,False,0.870000,3.3194,VALID,,6383676a3491dc82d70f2db20cdafb942e5c588a
20260754,P2,imu_dropout,suppress IMU,L8,"AUC(faulted, matched-clean) folded to [0.5,1.0]",0.500000,L2b,False,0.870000,3.3194,VALID,,6383676a3491dc82d70f2db20cdafb942e5c588a
20260754,P2,position_bias,1.0 m,L1,"AUC(faulted, matched-clean) folded to [0.5,1.0]",1.000000,L2a,True,0.867500,3.3260,INVALID,ground-truth regeneration (ADR-0033): fault never reached the estimator,6383676a3491dc82d70f2db20cdafb942e5c588a
20260754,P2,position_bias,1.0 m,L2a,"AUC(faulted, matched-clean) folded to [0.5,1.0]",0.500000,L2a,True,0.867500,3.3260,INVALID,ground-truth regeneration (ADR-0033): fault never reached the estimator,6383676a3491dc82d70f2db20cdafb942e5c588a
20260754,P2,position_bias,1.0 m,L2b,"AUC(faulted, matched-clean) folded to [0.5,1.0]",0.500000,L2a,True,0.867500,3.3260,INVALID,ground-truth regeneration (ADR-0033): fault never reached the estimator,6383676a3491dc82d70f2db20cdafb942e5c588a
20260754,P2,position_bias,1.0 m,L3,"AUC(faulted, matched-clean) folded to [0.5,1.0]",0.500000,L2a,True,0.867500,3.3260,INVALID,ground-truth regeneration (ADR-0033): fault never reached the estimator,6383676a3491dc82d70f2db20cdafb942e5c588a
20260754,P2,position_bias,1.0 m,L6,"AUC(faulted, matched-clean) folded to [0.5,1.0]",0.500000,L2a,True,0.867500,3.3260,INVALID,ground-truth regeneration (ADR-0033): fault never reached the estimator,6383676a3491dc82d70f2db20cdafb942e5c588a
20260754,P2,position_bias,1.0 m,L7,"AUC(faulted, matched-clean) folded to [0.5,1.0]",0.500000,L2a,True,0.867500,3.3260,INVALID,ground-truth regeneration (ADR-0033): fault never reached the estimator,6383676a3491dc82d70f2db20cdafb942e5c588a
20260754,P2,position_bias,1.0 m,L8,"AUC(faulted, matched-clean) folded to [0.5,1.0]",0.500000,L2a,True,0.867500,3.3260,INVALID,ground-truth regeneration (ADR-0033): fault never reached the estimator,6383676a3491dc82d70f2db20cdafb942e5c588a
20260754,P2,position_drift,2.0 m final,L1,"AUC(faulted, matched-clean) folded to [0.5,1.0]",0.971113,L2a,True,0.867500,3.3260,INVALID,ground-truth regeneration (ADR-0033): fault never reached the estimator,6383676a3491dc82d70f2db20cdafb942e5c588a
20260754,P2,position_drift,2.0 m final,L2a,"AUC(faulted, matched-clean) folded to [0.5,1.0]",0.500000,L2a,True,0.867500,3.3260,INVALID,ground-truth regeneration (ADR-0033): fault never reached the estimator,6383676a3491dc82d70f2db20cdafb942e5c588a
20260754,P2,position_drift,2.0 m final,L2b,"AUC(faulted, matched-clean) folded to [0.5,1.0]",0.500000,L2a,True,0.867500,3.3260,INVALID,ground-truth regeneration (ADR-0033): fault never reached the estimator,6383676a3491dc82d70f2db20cdafb942e5c588a
20260754,P2,position_drift,2.0 m final,L3,"AUC(faulted, matched-clean) folded to [0.5,1.0]",0.500000,L2a,True,0.867500,3.3260,INVALID,ground-truth regeneration (ADR-0033): fault never reached the estimator,6383676a3491dc82d70f2db20cdafb942e5c588a
20260754,P2,position_drift,2.0 m final,L6,"AUC(faulted, matched-clean) folded to [0.5,1.0]",0.500000,L2a,True,0.867500,3.3260,INVALID,ground-truth regeneration (ADR-0033): fault never reached the estimator,6383676a3491dc82d70f2db20cdafb942e5c588a
20260754,P2,position_drift,2.0 m final,L7,"AUC(faulted, matched-clean) folded to [0.5,1.0]",0.500000,L2a,True,0.867500,3.3260,INVALID,ground-truth regeneration (ADR-0033): fault never reached the estimator,6383676a3491dc82d70f2db20cdafb942e5c588a
20260754,P2,position_drift,2.0 m final,L8,"AUC(faulted, matched-clean) folded to [0.5,1.0]",0.500000,L2a,True,0.867500,3.3260,INVALID,ground-truth regeneration (ADR-0033): fault never reached the estimator,6383676a3491dc82d70f2db20cdafb942e5c588a
20260754,P2,speed_stuck,hold,L1,"AUC(faulted, matched-clean) folded to [0.5,1.0]",0.997500,L2b,False,0.845000,3.3194,VALID,,6383676a3491dc82d70f2db20cdafb942e5c588a
20260754,P2,speed_stuck,hold,L2a,"AUC(faulted, matched-clean) folded to [0.5,1.0]",0.688038,L2b,False,0.845000,3.3194,VALID,,6383676a3491dc82d70f2db20cdafb942e5c588a
20260754,P2,speed_stuck,hold,L2b,"AUC(faulted, matched-clean) folded to [0.5,1.0]",0.505437,L2b,False,0.845000,3.3194,VALID,,6383676a3491dc82d70f2db20cdafb942e5c588a
20260754,P2,speed_stuck,hold,L3,"AUC(faulted, matched-clean) folded to [0.5,1.0]",0.688738,L2b,False,0.845000,3.3194,VALID,,6383676a3491dc82d70f2db20cdafb942e5c588a
20260754,P2,speed_stuck,hold,L6,"AUC(faulted, matched-clean) folded to [0.5,1.0]",0.992138,L2b,False,0.845000,3.3194,VALID,,6383676a3491dc82d70f2db20cdafb942e5c588a
20260754,P2,speed_stuck,hold,L7,"AUC(faulted, matched-clean) folded to [0.5,1.0]",0.522500,L2b,False,0.845000,3.3194,VALID,,6383676a3491dc82d70f2db20cdafb942e5c588a
20260754,P2,speed_stuck,hold,L8,"AUC(faulted, matched-clean) folded to [0.5,1.0]",0.500000,L2b,False,0.845000,3.3194,VALID,,6383676a3491dc82d70f2db20cdafb942e5c588a
20260754,P2,speed_bias,3.0 m/s,L1,"AUC(faulted, matched-clean) folded to [0.5,1.0]",1.000000,L2b,False,0.660000,3.3194,VALID,,6383676a3491dc82d70f2db20cdafb942e5c588a
20260754,P2,speed_bias,3.0 m/s,L2a,"AUC(faulted, matched-clean) folded to [0.5,1.0]",0.644925,L2b,False,0.660000,3.3194,VALID,,6383676a3491dc82d70f2db20cdafb942e5c588a
20260754,P2,speed_bias,3.0 m/s,L2b,"AUC(faulted, matched-clean) folded to [0.5,1.0]",0.525300,L2b,False,0.660000,3.3194,VALID,,6383676a3491dc82d70f2db20cdafb942e5c588a
20260754,P2,speed_bias,3.0 m/s,L3,"AUC(faulted, matched-clean) folded to [0.5,1.0]",0.650737,L2b,False,0.660000,3.3194,VALID,,6383676a3491dc82d70f2db20cdafb942e5c588a
20260754,P2,speed_bias,3.0 m/s,L6,"AUC(faulted, matched-clean) folded to [0.5,1.0]",1.000000,L2b,False,0.660000,3.3194,VALID,,6383676a3491dc82d70f2db20cdafb942e5c588a
20260754,P2,speed_bias,3.0 m/s,L7,"AUC(faulted, matched-clean) folded to [0.5,1.0]",0.707500,L2b,False,0.660000,3.3194,VALID,,6383676a3491dc82d70f2db20cdafb942e5c588a
20260754,P2,speed_bias,3.0 m/s,L8,"AUC(faulted, matched-clean) folded to [0.5,1.0]",0.500000,L2b,False,0.660000,3.3194,VALID,,6383676a3491dc82d70f2db20cdafb942e5c588a
20260754,P2,lateral_noise,sigma x25,L1,"AUC(faulted, matched-clean) folded to [0.5,1.0]",0.996750,L2b,False,0.870000,3.3291,VALID,,6383676a3491dc82d70f2db20cdafb942e5c588a
20260754,P2,lateral_noise,sigma x25,L2a,"AUC(faulted, matched-clean) folded to [0.5,1.0]",0.955000,L2b,False,0.870000,3.3291,VALID,,6383676a3491dc82d70f2db20cdafb942e5c588a
20260754,P2,lateral_noise,sigma x25,L2b,"AUC(faulted, matched-clean) folded to [0.5,1.0]",0.514075,L2b,False,0.870000,3.3291,VALID,,6383676a3491dc82d70f2db20cdafb942e5c588a
20260754,P2,lateral_noise,sigma x25,L3,"AUC(faulted, matched-clean) folded to [0.5,1.0]",0.955187,L2b,False,0.870000,3.3291,VALID,,6383676a3491dc82d70f2db20cdafb942e5c588a
20260754,P2,lateral_noise,sigma x25,L6,"AUC(faulted, matched-clean) folded to [0.5,1.0]",0.988275,L2b,False,0.870000,3.3291,VALID,,6383676a3491dc82d70f2db20cdafb942e5c588a
20260754,P2,lateral_noise,sigma x25,L7,"AUC(faulted, matched-clean) folded to [0.5,1.0]",0.502500,L2b,False,0.870000,3.3291,VALID,,6383676a3491dc82d70f2db20cdafb942e5c588a
20260754,P2,lateral_noise,sigma x25,L8,"AUC(faulted, matched-clean) folded to [0.5,1.0]",0.500000,L2b,False,0.870000,3.3291,VALID,,6383676a3491dc82d70f2db20cdafb942e5c588a
20260755,P2,imu_dropout,suppress IMU,L1,"AUC(faulted, matched-clean) folded to [0.5,1.0]",0.997500,L2b,False,0.677500,3.7207,VALID,,6383676a3491dc82d70f2db20cdafb942e5c588a
20260755,P2,imu_dropout,suppress IMU,L2a,"AUC(faulted, matched-clean) folded to [0.5,1.0]",0.689825,L2b,False,0.677500,3.7207,VALID,,6383676a3491dc82d70f2db20cdafb942e5c588a
20260755,P2,imu_dropout,suppress IMU,L2b,"AUC(faulted, matched-clean) folded to [0.5,1.0]",0.562850,L2b,False,0.677500,3.7207,VALID,,6383676a3491dc82d70f2db20cdafb942e5c588a
20260755,P2,imu_dropout,suppress IMU,L3,"AUC(faulted, matched-clean) folded to [0.5,1.0]",0.689725,L2b,False,0.677500,3.7207,VALID,,6383676a3491dc82d70f2db20cdafb942e5c588a
20260755,P2,imu_dropout,suppress IMU,L6,"AUC(faulted, matched-clean) folded to [0.5,1.0]",0.750525,L2b,False,0.677500,3.7207,VALID,,6383676a3491dc82d70f2db20cdafb942e5c588a
20260755,P2,imu_dropout,suppress IMU,L7,"AUC(faulted, matched-clean) folded to [0.5,1.0]",0.557500,L2b,False,0.677500,3.7207,VALID,,6383676a3491dc82d70f2db20cdafb942e5c588a
20260755,P2,imu_dropout,suppress IMU,L8,"AUC(faulted, matched-clean) folded to [0.5,1.0]",0.677500,L2b,False,0.677500,3.7207,VALID,,6383676a3491dc82d70f2db20cdafb942e5c588a
20260755,P2,position_bias,1.0 m,L1,"AUC(faulted, matched-clean) folded to [0.5,1.0]",1.000000,L2a,True,0.620000,6.3578,INVALID,ground-truth regeneration (ADR-0033): fault never reached the estimator,6383676a3491dc82d70f2db20cdafb942e5c588a
20260755,P2,position_bias,1.0 m,L2a,"AUC(faulted, matched-clean) folded to [0.5,1.0]",0.500000,L2a,True,0.620000,6.3578,INVALID,ground-truth regeneration (ADR-0033): fault never reached the estimator,6383676a3491dc82d70f2db20cdafb942e5c588a
20260755,P2,position_bias,1.0 m,L2b,"AUC(faulted, matched-clean) folded to [0.5,1.0]",0.500000,L2a,True,0.620000,6.3578,INVALID,ground-truth regeneration (ADR-0033): fault never reached the estimator,6383676a3491dc82d70f2db20cdafb942e5c588a
20260755,P2,position_bias,1.0 m,L3,"AUC(faulted, matched-clean) folded to [0.5,1.0]",0.500000,L2a,True,0.620000,6.3578,INVALID,ground-truth regeneration (ADR-0033): fault never reached the estimator,6383676a3491dc82d70f2db20cdafb942e5c588a
20260755,P2,position_bias,1.0 m,L6,"AUC(faulted, matched-clean) folded to [0.5,1.0]",0.500000,L2a,True,0.620000,6.3578,INVALID,ground-truth regeneration (ADR-0033): fault never reached the estimator,6383676a3491dc82d70f2db20cdafb942e5c588a
20260755,P2,position_bias,1.0 m,L7,"AUC(faulted, matched-clean) folded to [0.5,1.0]",0.500000,L2a,True,0.620000,6.3578,INVALID,ground-truth regeneration (ADR-0033): fault never reached the estimator,6383676a3491dc82d70f2db20cdafb942e5c588a
20260755,P2,position_bias,1.0 m,L8,"AUC(faulted, matched-clean) folded to [0.5,1.0]",0.500000,L2a,True,0.620000,6.3578,INVALID,ground-truth regeneration (ADR-0033): fault never reached the estimator,6383676a3491dc82d70f2db20cdafb942e5c588a
20260755,P2,position_drift,2.0 m final,L1,"AUC(faulted, matched-clean) folded to [0.5,1.0]",0.982263,L2a,True,0.620000,6.3578,INVALID,ground-truth regeneration (ADR-0033): fault never reached the estimator,6383676a3491dc82d70f2db20cdafb942e5c588a
20260755,P2,position_drift,2.0 m final,L2a,"AUC(faulted, matched-clean) folded to [0.5,1.0]",0.500000,L2a,True,0.620000,6.3578,INVALID,ground-truth regeneration (ADR-0033): fault never reached the estimator,6383676a3491dc82d70f2db20cdafb942e5c588a
20260755,P2,position_drift,2.0 m final,L2b,"AUC(faulted, matched-clean) folded to [0.5,1.0]",0.500000,L2a,True,0.620000,6.3578,INVALID,ground-truth regeneration (ADR-0033): fault never reached the estimator,6383676a3491dc82d70f2db20cdafb942e5c588a
20260755,P2,position_drift,2.0 m final,L3,"AUC(faulted, matched-clean) folded to [0.5,1.0]",0.500000,L2a,True,0.620000,6.3578,INVALID,ground-truth regeneration (ADR-0033): fault never reached the estimator,6383676a3491dc82d70f2db20cdafb942e5c588a
20260755,P2,position_drift,2.0 m final,L6,"AUC(faulted, matched-clean) folded to [0.5,1.0]",0.500000,L2a,True,0.620000,6.3578,INVALID,ground-truth regeneration (ADR-0033): fault never reached the estimator,6383676a3491dc82d70f2db20cdafb942e5c588a
20260755,P2,position_drift,2.0 m final,L7,"AUC(faulted, matched-clean) folded to [0.5,1.0]",0.500000,L2a,True,0.620000,6.3578,INVALID,ground-truth regeneration (ADR-0033): fault never reached the estimator,6383676a3491dc82d70f2db20cdafb942e5c588a
20260755,P2,position_drift,2.0 m final,L8,"AUC(faulted, matched-clean) folded to [0.5,1.0]",0.500000,L2a,True,0.620000,6.3578,INVALID,ground-truth regeneration (ADR-0033): fault never reached the estimator,6383676a3491dc82d70f2db20cdafb942e5c588a
20260755,P2,speed_stuck,hold,L1,"AUC(faulted, matched-clean) folded to [0.5,1.0]",0.922500,L2b,False,0.635000,11.6147,VALID,,6383676a3491dc82d70f2db20cdafb942e5c588a
20260755,P2,speed_stuck,hold,L2a,"AUC(faulted, matched-clean) folded to [0.5,1.0]",0.969487,L2b,False,0.635000,11.6147,VALID,,6383676a3491dc82d70f2db20cdafb942e5c588a
20260755,P2,speed_stuck,hold,L2b,"AUC(faulted, matched-clean) folded to [0.5,1.0]",0.551013,L2b,False,0.635000,11.6147,VALID,,6383676a3491dc82d70f2db20cdafb942e5c588a
20260755,P2,speed_stuck,hold,L3,"AUC(faulted, matched-clean) folded to [0.5,1.0]",0.969912,L2b,False,0.635000,11.6147,VALID,,6383676a3491dc82d70f2db20cdafb942e5c588a
20260755,P2,speed_stuck,hold,L6,"AUC(faulted, matched-clean) folded to [0.5,1.0]",0.846187,L2b,False,0.635000,11.6147,VALID,,6383676a3491dc82d70f2db20cdafb942e5c588a
20260755,P2,speed_stuck,hold,L7,"AUC(faulted, matched-clean) folded to [0.5,1.0]",0.515000,L2b,False,0.635000,11.6147,VALID,,6383676a3491dc82d70f2db20cdafb942e5c588a
20260755,P2,speed_stuck,hold,L8,"AUC(faulted, matched-clean) folded to [0.5,1.0]",0.527500,L2b,False,0.635000,11.6147,VALID,,6383676a3491dc82d70f2db20cdafb942e5c588a
20260755,P2,speed_bias,3.0 m/s,L1,"AUC(faulted, matched-clean) folded to [0.5,1.0]",0.506350,L1,True,0.625000,4.8241,VALID,,6383676a3491dc82d70f2db20cdafb942e5c588a
20260755,P2,speed_bias,3.0 m/s,L2a,"AUC(faulted, matched-clean) folded to [0.5,1.0]",0.525125,L1,True,0.625000,4.8241,VALID,,6383676a3491dc82d70f2db20cdafb942e5c588a
20260755,P2,speed_bias,3.0 m/s,L2b,"AUC(faulted, matched-clean) folded to [0.5,1.0]",0.511800,L1,True,0.625000,4.8241,VALID,,6383676a3491dc82d70f2db20cdafb942e5c588a
20260755,P2,speed_bias,3.0 m/s,L3,"AUC(faulted, matched-clean) folded to [0.5,1.0]",0.513475,L1,True,0.625000,4.8241,VALID,,6383676a3491dc82d70f2db20cdafb942e5c588a
20260755,P2,speed_bias,3.0 m/s,L6,"AUC(faulted, matched-clean) folded to [0.5,1.0]",0.505300,L1,True,0.625000,4.8241,VALID,,6383676a3491dc82d70f2db20cdafb942e5c588a
20260755,P2,speed_bias,3.0 m/s,L7,"AUC(faulted, matched-clean) folded to [0.5,1.0]",0.505000,L1,True,0.625000,4.8241,VALID,,6383676a3491dc82d70f2db20cdafb942e5c588a
20260755,P2,speed_bias,3.0 m/s,L8,"AUC(faulted, matched-clean) folded to [0.5,1.0]",0.527500,L1,True,0.625000,4.8241,VALID,,6383676a3491dc82d70f2db20cdafb942e5c588a
20260755,P2,lateral_noise,sigma x25,L1,"AUC(faulted, matched-clean) folded to [0.5,1.0]",0.856175,,False,0.755000,4.9915,VALID,,6383676a3491dc82d70f2db20cdafb942e5c588a
20260755,P2,lateral_noise,sigma x25,L2a,"AUC(faulted, matched-clean) folded to [0.5,1.0]",0.794375,,False,0.755000,4.9915,VALID,,6383676a3491dc82d70f2db20cdafb942e5c588a
20260755,P2,lateral_noise,sigma x25,L2b,"AUC(faulted, matched-clean) folded to [0.5,1.0]",0.776725,,False,0.755000,4.9915,VALID,,6383676a3491dc82d70f2db20cdafb942e5c588a
20260755,P2,lateral_noise,sigma x25,L3,"AUC(faulted, matched-clean) folded to [0.5,1.0]",0.782537,,False,0.755000,4.9915,VALID,,6383676a3491dc82d70f2db20cdafb942e5c588a
20260755,P2,lateral_noise,sigma x25,L6,"AUC(faulted, matched-clean) folded to [0.5,1.0]",0.656575,,False,0.755000,4.9915,VALID,,6383676a3491dc82d70f2db20cdafb942e5c588a
20260755,P2,lateral_noise,sigma x25,L7,"AUC(faulted, matched-clean) folded to [0.5,1.0]",0.635000,,False,0.755000,4.9915,VALID,,6383676a3491dc82d70f2db20cdafb942e5c588a
20260755,P2,lateral_noise,sigma x25,L8,"AUC(faulted, matched-clean) folded to [0.5,1.0]",0.767500,,False,0.755000,4.9915,VALID,,6383676a3491dc82d70f2db20cdafb942e5c588a
20260756,P2,imu_dropout,suppress IMU,L1,"AUC(faulted, matched-clean) folded to [0.5,1.0]",0.997500,L7,True,0.860000,3.5004,VALID,,6383676a3491dc82d70f2db20cdafb942e5c588a
20260756,P2,imu_dropout,suppress IMU,L2a,"AUC(faulted, matched-clean) folded to [0.5,1.0]",0.879400,L7,True,0.860000,3.5004,VALID,,6383676a3491dc82d70f2db20cdafb942e5c588a
20260756,P2,imu_dropout,suppress IMU,L2b,"AUC(faulted, matched-clean) folded to [0.5,1.0]",0.973775,L7,True,0.860000,3.5004,VALID,,6383676a3491dc82d70f2db20cdafb942e5c588a
20260756,P2,imu_dropout,suppress IMU,L3,"AUC(faulted, matched-clean) folded to [0.5,1.0]",0.879387,L7,True,0.860000,3.5004,VALID,,6383676a3491dc82d70f2db20cdafb942e5c588a
20260756,P2,imu_dropout,suppress IMU,L6,"AUC(faulted, matched-clean) folded to [0.5,1.0]",0.982875,L7,True,0.860000,3.5004,VALID,,6383676a3491dc82d70f2db20cdafb942e5c588a
20260756,P2,imu_dropout,suppress IMU,L7,"AUC(faulted, matched-clean) folded to [0.5,1.0]",0.545000,L7,True,0.860000,3.5004,VALID,,6383676a3491dc82d70f2db20cdafb942e5c588a
20260756,P2,imu_dropout,suppress IMU,L8,"AUC(faulted, matched-clean) folded to [0.5,1.0]",0.595000,L7,True,0.860000,3.5004,VALID,,6383676a3491dc82d70f2db20cdafb942e5c588a
20260756,P2,position_bias,1.0 m,L1,"AUC(faulted, matched-clean) folded to [0.5,1.0]",1.000000,L2a,True,0.815000,3.9745,INVALID,ground-truth regeneration (ADR-0033): fault never reached the estimator,6383676a3491dc82d70f2db20cdafb942e5c588a
20260756,P2,position_bias,1.0 m,L2a,"AUC(faulted, matched-clean) folded to [0.5,1.0]",0.500000,L2a,True,0.815000,3.9745,INVALID,ground-truth regeneration (ADR-0033): fault never reached the estimator,6383676a3491dc82d70f2db20cdafb942e5c588a
20260756,P2,position_bias,1.0 m,L2b,"AUC(faulted, matched-clean) folded to [0.5,1.0]",0.500000,L2a,True,0.815000,3.9745,INVALID,ground-truth regeneration (ADR-0033): fault never reached the estimator,6383676a3491dc82d70f2db20cdafb942e5c588a
20260756,P2,position_bias,1.0 m,L3,"AUC(faulted, matched-clean) folded to [0.5,1.0]",0.500000,L2a,True,0.815000,3.9745,INVALID,ground-truth regeneration (ADR-0033): fault never reached the estimator,6383676a3491dc82d70f2db20cdafb942e5c588a
20260756,P2,position_bias,1.0 m,L6,"AUC(faulted, matched-clean) folded to [0.5,1.0]",0.500000,L2a,True,0.815000,3.9745,INVALID,ground-truth regeneration (ADR-0033): fault never reached the estimator,6383676a3491dc82d70f2db20cdafb942e5c588a
20260756,P2,position_bias,1.0 m,L7,"AUC(faulted, matched-clean) folded to [0.5,1.0]",0.500000,L2a,True,0.815000,3.9745,INVALID,ground-truth regeneration (ADR-0033): fault never reached the estimator,6383676a3491dc82d70f2db20cdafb942e5c588a
20260756,P2,position_bias,1.0 m,L8,"AUC(faulted, matched-clean) folded to [0.5,1.0]",0.500000,L2a,True,0.815000,3.9745,INVALID,ground-truth regeneration (ADR-0033): fault never reached the estimator,6383676a3491dc82d70f2db20cdafb942e5c588a
20260756,P2,position_drift,2.0 m final,L1,"AUC(faulted, matched-clean) folded to [0.5,1.0]",0.959937,L2a,True,0.815000,3.9745,INVALID,ground-truth regeneration (ADR-0033): fault never reached the estimator,6383676a3491dc82d70f2db20cdafb942e5c588a
20260756,P2,position_drift,2.0 m final,L2a,"AUC(faulted, matched-clean) folded to [0.5,1.0]",0.500000,L2a,True,0.815000,3.9745,INVALID,ground-truth regeneration (ADR-0033): fault never reached the estimator,6383676a3491dc82d70f2db20cdafb942e5c588a
20260756,P2,position_drift,2.0 m final,L2b,"AUC(faulted, matched-clean) folded to [0.5,1.0]",0.500000,L2a,True,0.815000,3.9745,INVALID,ground-truth regeneration (ADR-0033): fault never reached the estimator,6383676a3491dc82d70f2db20cdafb942e5c588a
20260756,P2,position_drift,2.0 m final,L3,"AUC(faulted, matched-clean) folded to [0.5,1.0]",0.500000,L2a,True,0.815000,3.9745,INVALID,ground-truth regeneration (ADR-0033): fault never reached the estimator,6383676a3491dc82d70f2db20cdafb942e5c588a
20260756,P2,position_drift,2.0 m final,L6,"AUC(faulted, matched-clean) folded to [0.5,1.0]",0.500000,L2a,True,0.815000,3.9745,INVALID,ground-truth regeneration (ADR-0033): fault never reached the estimator,6383676a3491dc82d70f2db20cdafb942e5c588a
20260756,P2,position_drift,2.0 m final,L7,"AUC(faulted, matched-clean) folded to [0.5,1.0]",0.500000,L2a,True,0.815000,3.9745,INVALID,ground-truth regeneration (ADR-0033): fault never reached the estimator,6383676a3491dc82d70f2db20cdafb942e5c588a
20260756,P2,position_drift,2.0 m final,L8,"AUC(faulted, matched-clean) folded to [0.5,1.0]",0.500000,L2a,True,0.815000,3.9745,INVALID,ground-truth regeneration (ADR-0033): fault never reached the estimator,6383676a3491dc82d70f2db20cdafb942e5c588a
20260756,P2,speed_stuck,hold,L1,"AUC(faulted, matched-clean) folded to [0.5,1.0]",0.972500,L8,True,0.692500,3.3684,VALID,,6383676a3491dc82d70f2db20cdafb942e5c588a
20260756,P2,speed_stuck,hold,L2a,"AUC(faulted, matched-clean) folded to [0.5,1.0]",0.771238,L8,True,0.692500,3.3684,VALID,,6383676a3491dc82d70f2db20cdafb942e5c588a
20260756,P2,speed_stuck,hold,L2b,"AUC(faulted, matched-clean) folded to [0.5,1.0]",0.658338,L8,True,0.692500,3.3684,VALID,,6383676a3491dc82d70f2db20cdafb942e5c588a
20260756,P2,speed_stuck,hold,L3,"AUC(faulted, matched-clean) folded to [0.5,1.0]",0.770800,L8,True,0.692500,3.3684,VALID,,6383676a3491dc82d70f2db20cdafb942e5c588a
20260756,P2,speed_stuck,hold,L6,"AUC(faulted, matched-clean) folded to [0.5,1.0]",0.802813,L8,True,0.692500,3.3684,VALID,,6383676a3491dc82d70f2db20cdafb942e5c588a
20260756,P2,speed_stuck,hold,L7,"AUC(faulted, matched-clean) folded to [0.5,1.0]",0.622500,L8,True,0.692500,3.3684,VALID,,6383676a3491dc82d70f2db20cdafb942e5c588a
20260756,P2,speed_stuck,hold,L8,"AUC(faulted, matched-clean) folded to [0.5,1.0]",0.515000,L8,True,0.692500,3.3684,VALID,,6383676a3491dc82d70f2db20cdafb942e5c588a
20260756,P2,speed_bias,3.0 m/s,L1,"AUC(faulted, matched-clean) folded to [0.5,1.0]",0.776875,L8,True,0.707500,3.5540,VALID,,6383676a3491dc82d70f2db20cdafb942e5c588a
20260756,P2,speed_bias,3.0 m/s,L2a,"AUC(faulted, matched-clean) folded to [0.5,1.0]",0.607550,L8,True,0.707500,3.5540,VALID,,6383676a3491dc82d70f2db20cdafb942e5c588a
20260756,P2,speed_bias,3.0 m/s,L2b,"AUC(faulted, matched-clean) folded to [0.5,1.0]",0.630700,L8,True,0.707500,3.5540,VALID,,6383676a3491dc82d70f2db20cdafb942e5c588a
20260756,P2,speed_bias,3.0 m/s,L3,"AUC(faulted, matched-clean) folded to [0.5,1.0]",0.613537,L8,True,0.707500,3.5540,VALID,,6383676a3491dc82d70f2db20cdafb942e5c588a
20260756,P2,speed_bias,3.0 m/s,L6,"AUC(faulted, matched-clean) folded to [0.5,1.0]",0.772350,L8,True,0.707500,3.5540,VALID,,6383676a3491dc82d70f2db20cdafb942e5c588a
20260756,P2,speed_bias,3.0 m/s,L7,"AUC(faulted, matched-clean) folded to [0.5,1.0]",0.607500,L8,True,0.707500,3.5540,VALID,,6383676a3491dc82d70f2db20cdafb942e5c588a
20260756,P2,speed_bias,3.0 m/s,L8,"AUC(faulted, matched-clean) folded to [0.5,1.0]",0.515000,L8,True,0.707500,3.5540,VALID,,6383676a3491dc82d70f2db20cdafb942e5c588a
20260756,P2,lateral_noise,sigma x25,L1,"AUC(faulted, matched-clean) folded to [0.5,1.0]",0.946050,L6,True,0.842500,3.4942,VALID,,6383676a3491dc82d70f2db20cdafb942e5c588a
20260756,P2,lateral_noise,sigma x25,L2a,"AUC(faulted, matched-clean) folded to [0.5,1.0]",0.878275,L6,True,0.842500,3.4942,VALID,,6383676a3491dc82d70f2db20cdafb942e5c588a
20260756,P2,lateral_noise,sigma x25,L2b,"AUC(faulted, matched-clean) folded to [0.5,1.0]",0.775025,L6,True,0.842500,3.4942,VALID,,6383676a3491dc82d70f2db20cdafb942e5c588a
20260756,P2,lateral_noise,sigma x25,L3,"AUC(faulted, matched-clean) folded to [0.5,1.0]",0.876875,L6,True,0.842500,3.4942,VALID,,6383676a3491dc82d70f2db20cdafb942e5c588a
20260756,P2,lateral_noise,sigma x25,L6,"AUC(faulted, matched-clean) folded to [0.5,1.0]",0.527325,L6,True,0.842500,3.4942,VALID,,6383676a3491dc82d70f2db20cdafb942e5c588a
20260756,P2,lateral_noise,sigma x25,L7,"AUC(faulted, matched-clean) folded to [0.5,1.0]",0.527500,L6,True,0.842500,3.4942,VALID,,6383676a3491dc82d70f2db20cdafb942e5c588a
20260756,P2,lateral_noise,sigma x25,L8,"AUC(faulted, matched-clean) folded to [0.5,1.0]",0.590000,L6,True,0.842500,3.4942,VALID,,6383676a3491dc82d70f2db20cdafb942e5c588a
20260757,P2,imu_dropout,suppress IMU,L1,"AUC(faulted, matched-clean) folded to [0.5,1.0]",0.997500,L7,True,0.865000,3.5365,VALID,,6383676a3491dc82d70f2db20cdafb942e5c588a
20260757,P2,imu_dropout,suppress IMU,L2a,"AUC(faulted, matched-clean) folded to [0.5,1.0]",0.920000,L7,True,0.865000,3.5365,VALID,,6383676a3491dc82d70f2db20cdafb942e5c588a
20260757,P2,imu_dropout,suppress IMU,L2b,"AUC(faulted, matched-clean) folded to [0.5,1.0]",0.997250,L7,True,0.865000,3.5365,VALID,,6383676a3491dc82d70f2db20cdafb942e5c588a
20260757,P2,imu_dropout,suppress IMU,L3,"AUC(faulted, matched-clean) folded to [0.5,1.0]",0.923400,L7,True,0.865000,3.5365,VALID,,6383676a3491dc82d70f2db20cdafb942e5c588a
20260757,P2,imu_dropout,suppress IMU,L6,"AUC(faulted, matched-clean) folded to [0.5,1.0]",0.913275,L7,True,0.865000,3.5365,VALID,,6383676a3491dc82d70f2db20cdafb942e5c588a
20260757,P2,imu_dropout,suppress IMU,L7,"AUC(faulted, matched-clean) folded to [0.5,1.0]",0.525000,L7,True,0.865000,3.5365,VALID,,6383676a3491dc82d70f2db20cdafb942e5c588a
20260757,P2,imu_dropout,suppress IMU,L8,"AUC(faulted, matched-clean) folded to [0.5,1.0]",0.505000,L7,True,0.865000,3.5365,VALID,,6383676a3491dc82d70f2db20cdafb942e5c588a
20260757,P2,position_bias,1.0 m,L1,"AUC(faulted, matched-clean) folded to [0.5,1.0]",1.000000,L2a,True,0.840000,3.5234,INVALID,ground-truth regeneration (ADR-0033): fault never reached the estimator,6383676a3491dc82d70f2db20cdafb942e5c588a
20260757,P2,position_bias,1.0 m,L2a,"AUC(faulted, matched-clean) folded to [0.5,1.0]",0.500000,L2a,True,0.840000,3.5234,INVALID,ground-truth regeneration (ADR-0033): fault never reached the estimator,6383676a3491dc82d70f2db20cdafb942e5c588a
20260757,P2,position_bias,1.0 m,L2b,"AUC(faulted, matched-clean) folded to [0.5,1.0]",0.500000,L2a,True,0.840000,3.5234,INVALID,ground-truth regeneration (ADR-0033): fault never reached the estimator,6383676a3491dc82d70f2db20cdafb942e5c588a
20260757,P2,position_bias,1.0 m,L3,"AUC(faulted, matched-clean) folded to [0.5,1.0]",0.500000,L2a,True,0.840000,3.5234,INVALID,ground-truth regeneration (ADR-0033): fault never reached the estimator,6383676a3491dc82d70f2db20cdafb942e5c588a
20260757,P2,position_bias,1.0 m,L6,"AUC(faulted, matched-clean) folded to [0.5,1.0]",0.500000,L2a,True,0.840000,3.5234,INVALID,ground-truth regeneration (ADR-0033): fault never reached the estimator,6383676a3491dc82d70f2db20cdafb942e5c588a
20260757,P2,position_bias,1.0 m,L7,"AUC(faulted, matched-clean) folded to [0.5,1.0]",0.500000,L2a,True,0.840000,3.5234,INVALID,ground-truth regeneration (ADR-0033): fault never reached the estimator,6383676a3491dc82d70f2db20cdafb942e5c588a
20260757,P2,position_bias,1.0 m,L8,"AUC(faulted, matched-clean) folded to [0.5,1.0]",0.500000,L2a,True,0.840000,3.5234,INVALID,ground-truth regeneration (ADR-0033): fault never reached the estimator,6383676a3491dc82d70f2db20cdafb942e5c588a
20260757,P2,position_drift,2.0 m final,L1,"AUC(faulted, matched-clean) folded to [0.5,1.0]",0.978163,L2a,True,0.840000,3.5234,INVALID,ground-truth regeneration (ADR-0033): fault never reached the estimator,6383676a3491dc82d70f2db20cdafb942e5c588a
20260757,P2,position_drift,2.0 m final,L2a,"AUC(faulted, matched-clean) folded to [0.5,1.0]",0.500000,L2a,True,0.840000,3.5234,INVALID,ground-truth regeneration (ADR-0033): fault never reached the estimator,6383676a3491dc82d70f2db20cdafb942e5c588a
20260757,P2,position_drift,2.0 m final,L2b,"AUC(faulted, matched-clean) folded to [0.5,1.0]",0.500000,L2a,True,0.840000,3.5234,INVALID,ground-truth regeneration (ADR-0033): fault never reached the estimator,6383676a3491dc82d70f2db20cdafb942e5c588a
20260757,P2,position_drift,2.0 m final,L3,"AUC(faulted, matched-clean) folded to [0.5,1.0]",0.500000,L2a,True,0.840000,3.5234,INVALID,ground-truth regeneration (ADR-0033): fault never reached the estimator,6383676a3491dc82d70f2db20cdafb942e5c588a
20260757,P2,position_drift,2.0 m final,L6,"AUC(faulted, matched-clean) folded to [0.5,1.0]",0.500000,L2a,True,0.840000,3.5234,INVALID,ground-truth regeneration (ADR-0033): fault never reached the estimator,6383676a3491dc82d70f2db20cdafb942e5c588a
20260757,P2,position_drift,2.0 m final,L7,"AUC(faulted, matched-clean) folded to [0.5,1.0]",0.500000,L2a,True,0.840000,3.5234,INVALID,ground-truth regeneration (ADR-0033): fault never reached the estimator,6383676a3491dc82d70f2db20cdafb942e5c588a
20260757,P2,position_drift,2.0 m final,L8,"AUC(faulted, matched-clean) folded to [0.5,1.0]",0.500000,L2a,True,0.840000,3.5234,INVALID,ground-truth regeneration (ADR-0033): fault never reached the estimator,6383676a3491dc82d70f2db20cdafb942e5c588a
20260757,P2,speed_stuck,hold,L1,"AUC(faulted, matched-clean) folded to [0.5,1.0]",0.997500,L8,True,0.655000,3.3996,VALID,,6383676a3491dc82d70f2db20cdafb942e5c588a
20260757,P2,speed_stuck,hold,L2a,"AUC(faulted, matched-clean) folded to [0.5,1.0]",0.702612,L8,True,0.655000,3.3996,VALID,,6383676a3491dc82d70f2db20cdafb942e5c588a
20260757,P2,speed_stuck,hold,L2b,"AUC(faulted, matched-clean) folded to [0.5,1.0]",0.653312,L8,True,0.655000,3.3996,VALID,,6383676a3491dc82d70f2db20cdafb942e5c588a
20260757,P2,speed_stuck,hold,L3,"AUC(faulted, matched-clean) folded to [0.5,1.0]",0.703750,L8,True,0.655000,3.3996,VALID,,6383676a3491dc82d70f2db20cdafb942e5c588a
20260757,P2,speed_stuck,hold,L6,"AUC(faulted, matched-clean) folded to [0.5,1.0]",0.952963,L8,True,0.655000,3.3996,VALID,,6383676a3491dc82d70f2db20cdafb942e5c588a
20260757,P2,speed_stuck,hold,L7,"AUC(faulted, matched-clean) folded to [0.5,1.0]",0.685000,L8,True,0.655000,3.3996,VALID,,6383676a3491dc82d70f2db20cdafb942e5c588a
20260757,P2,speed_stuck,hold,L8,"AUC(faulted, matched-clean) folded to [0.5,1.0]",0.505000,L8,True,0.655000,3.3996,VALID,,6383676a3491dc82d70f2db20cdafb942e5c588a
20260757,P2,speed_bias,3.0 m/s,L1,"AUC(faulted, matched-clean) folded to [0.5,1.0]",0.923850,L2b,False,0.655000,3.3996,VALID,,6383676a3491dc82d70f2db20cdafb942e5c588a
20260757,P2,speed_bias,3.0 m/s,L2a,"AUC(faulted, matched-clean) folded to [0.5,1.0]",0.611225,L2b,False,0.655000,3.3996,VALID,,6383676a3491dc82d70f2db20cdafb942e5c588a
20260757,P2,speed_bias,3.0 m/s,L2b,"AUC(faulted, matched-clean) folded to [0.5,1.0]",0.583550,L2b,False,0.655000,3.3996,VALID,,6383676a3491dc82d70f2db20cdafb942e5c588a
20260757,P2,speed_bias,3.0 m/s,L3,"AUC(faulted, matched-clean) folded to [0.5,1.0]",0.617313,L2b,False,0.655000,3.3996,VALID,,6383676a3491dc82d70f2db20cdafb942e5c588a
20260757,P2,speed_bias,3.0 m/s,L6,"AUC(faulted, matched-clean) folded to [0.5,1.0]",0.913550,L2b,False,0.655000,3.3996,VALID,,6383676a3491dc82d70f2db20cdafb942e5c588a
20260757,P2,speed_bias,3.0 m/s,L7,"AUC(faulted, matched-clean) folded to [0.5,1.0]",0.685000,L2b,False,0.655000,3.3996,VALID,,6383676a3491dc82d70f2db20cdafb942e5c588a
20260757,P2,speed_bias,3.0 m/s,L8,"AUC(faulted, matched-clean) folded to [0.5,1.0]",0.505000,L2b,False,0.655000,3.3996,VALID,,6383676a3491dc82d70f2db20cdafb942e5c588a
20260757,P2,lateral_noise,sigma x25,L1,"AUC(faulted, matched-clean) folded to [0.5,1.0]",0.985300,L7,True,0.862500,3.4942,VALID,,6383676a3491dc82d70f2db20cdafb942e5c588a
20260757,P2,lateral_noise,sigma x25,L2a,"AUC(faulted, matched-clean) folded to [0.5,1.0]",0.932500,L7,True,0.862500,3.4942,VALID,,6383676a3491dc82d70f2db20cdafb942e5c588a
20260757,P2,lateral_noise,sigma x25,L2b,"AUC(faulted, matched-clean) folded to [0.5,1.0]",0.989125,L7,True,0.862500,3.4942,VALID,,6383676a3491dc82d70f2db20cdafb942e5c588a
20260757,P2,lateral_noise,sigma x25,L3,"AUC(faulted, matched-clean) folded to [0.5,1.0]",0.931700,L7,True,0.862500,3.4942,VALID,,6383676a3491dc82d70f2db20cdafb942e5c588a
20260757,P2,lateral_noise,sigma x25,L6,"AUC(faulted, matched-clean) folded to [0.5,1.0]",0.990025,L7,True,0.862500,3.4942,VALID,,6383676a3491dc82d70f2db20cdafb942e5c588a
20260757,P2,lateral_noise,sigma x25,L7,"AUC(faulted, matched-clean) folded to [0.5,1.0]",0.522500,L7,True,0.862500,3.4942,VALID,,6383676a3491dc82d70f2db20cdafb942e5c588a
20260757,P2,lateral_noise,sigma x25,L8,"AUC(faulted, matched-clean) folded to [0.5,1.0]",0.505000,L7,True,0.862500,3.4942,VALID,,6383676a3491dc82d70f2db20cdafb942e5c588a
20260758,P2,imu_dropout,suppress IMU,L1,"AUC(faulted, matched-clean) folded to [0.5,1.0]",0.997500,L7,True,0.990000,2.3049,VALID,,6383676a3491dc82d70f2db20cdafb942e5c588a
20260758,P2,imu_dropout,suppress IMU,L2a,"AUC(faulted, matched-clean) folded to [0.5,1.0]",0.994150,L7,True,0.990000,2.3049,VALID,,6383676a3491dc82d70f2db20cdafb942e5c588a
20260758,P2,imu_dropout,suppress IMU,L2b,"AUC(faulted, matched-clean) folded to [0.5,1.0]",0.601250,L7,True,0.990000,2.3049,VALID,,6383676a3491dc82d70f2db20cdafb942e5c588a
20260758,P2,imu_dropout,suppress IMU,L3,"AUC(faulted, matched-clean) folded to [0.5,1.0]",0.994250,L7,True,0.990000,2.3049,VALID,,6383676a3491dc82d70f2db20cdafb942e5c588a
20260758,P2,imu_dropout,suppress IMU,L6,"AUC(faulted, matched-clean) folded to [0.5,1.0]",0.998900,L7,True,0.990000,2.3049,VALID,,6383676a3491dc82d70f2db20cdafb942e5c588a
20260758,P2,imu_dropout,suppress IMU,L7,"AUC(faulted, matched-clean) folded to [0.5,1.0]",0.547500,L7,True,0.990000,2.3049,VALID,,6383676a3491dc82d70f2db20cdafb942e5c588a
20260758,P2,imu_dropout,suppress IMU,L8,"AUC(faulted, matched-clean) folded to [0.5,1.0]",0.500000,L7,True,0.990000,2.3049,VALID,,6383676a3491dc82d70f2db20cdafb942e5c588a
20260758,P2,position_bias,1.0 m,L1,"AUC(faulted, matched-clean) folded to [0.5,1.0]",1.000000,L2a,True,0.942500,2.3167,INVALID,ground-truth regeneration (ADR-0033): fault never reached the estimator,6383676a3491dc82d70f2db20cdafb942e5c588a
20260758,P2,position_bias,1.0 m,L2a,"AUC(faulted, matched-clean) folded to [0.5,1.0]",0.500000,L2a,True,0.942500,2.3167,INVALID,ground-truth regeneration (ADR-0033): fault never reached the estimator,6383676a3491dc82d70f2db20cdafb942e5c588a
20260758,P2,position_bias,1.0 m,L2b,"AUC(faulted, matched-clean) folded to [0.5,1.0]",0.500000,L2a,True,0.942500,2.3167,INVALID,ground-truth regeneration (ADR-0033): fault never reached the estimator,6383676a3491dc82d70f2db20cdafb942e5c588a
20260758,P2,position_bias,1.0 m,L3,"AUC(faulted, matched-clean) folded to [0.5,1.0]",0.500000,L2a,True,0.942500,2.3167,INVALID,ground-truth regeneration (ADR-0033): fault never reached the estimator,6383676a3491dc82d70f2db20cdafb942e5c588a
20260758,P2,position_bias,1.0 m,L6,"AUC(faulted, matched-clean) folded to [0.5,1.0]",0.500000,L2a,True,0.942500,2.3167,INVALID,ground-truth regeneration (ADR-0033): fault never reached the estimator,6383676a3491dc82d70f2db20cdafb942e5c588a
20260758,P2,position_bias,1.0 m,L7,"AUC(faulted, matched-clean) folded to [0.5,1.0]",0.500000,L2a,True,0.942500,2.3167,INVALID,ground-truth regeneration (ADR-0033): fault never reached the estimator,6383676a3491dc82d70f2db20cdafb942e5c588a
20260758,P2,position_bias,1.0 m,L8,"AUC(faulted, matched-clean) folded to [0.5,1.0]",0.500000,L2a,True,0.942500,2.3167,INVALID,ground-truth regeneration (ADR-0033): fault never reached the estimator,6383676a3491dc82d70f2db20cdafb942e5c588a
20260758,P2,position_drift,2.0 m final,L1,"AUC(faulted, matched-clean) folded to [0.5,1.0]",0.959363,L2a,True,0.942500,2.3167,INVALID,ground-truth regeneration (ADR-0033): fault never reached the estimator,6383676a3491dc82d70f2db20cdafb942e5c588a
20260758,P2,position_drift,2.0 m final,L2a,"AUC(faulted, matched-clean) folded to [0.5,1.0]",0.500000,L2a,True,0.942500,2.3167,INVALID,ground-truth regeneration (ADR-0033): fault never reached the estimator,6383676a3491dc82d70f2db20cdafb942e5c588a
20260758,P2,position_drift,2.0 m final,L2b,"AUC(faulted, matched-clean) folded to [0.5,1.0]",0.500000,L2a,True,0.942500,2.3167,INVALID,ground-truth regeneration (ADR-0033): fault never reached the estimator,6383676a3491dc82d70f2db20cdafb942e5c588a
20260758,P2,position_drift,2.0 m final,L3,"AUC(faulted, matched-clean) folded to [0.5,1.0]",0.500000,L2a,True,0.942500,2.3167,INVALID,ground-truth regeneration (ADR-0033): fault never reached the estimator,6383676a3491dc82d70f2db20cdafb942e5c588a
20260758,P2,position_drift,2.0 m final,L6,"AUC(faulted, matched-clean) folded to [0.5,1.0]",0.500000,L2a,True,0.942500,2.3167,INVALID,ground-truth regeneration (ADR-0033): fault never reached the estimator,6383676a3491dc82d70f2db20cdafb942e5c588a
20260758,P2,position_drift,2.0 m final,L7,"AUC(faulted, matched-clean) folded to [0.5,1.0]",0.500000,L2a,True,0.942500,2.3167,INVALID,ground-truth regeneration (ADR-0033): fault never reached the estimator,6383676a3491dc82d70f2db20cdafb942e5c588a
20260758,P2,position_drift,2.0 m final,L8,"AUC(faulted, matched-clean) folded to [0.5,1.0]",0.500000,L2a,True,0.942500,2.3167,INVALID,ground-truth regeneration (ADR-0033): fault never reached the estimator,6383676a3491dc82d70f2db20cdafb942e5c588a
20260758,P2,speed_stuck,hold,L1,"AUC(faulted, matched-clean) folded to [0.5,1.0]",0.747500,L2a,False,0.990000,2.3049,VALID,,6383676a3491dc82d70f2db20cdafb942e5c588a
20260758,P2,speed_stuck,hold,L2a,"AUC(faulted, matched-clean) folded to [0.5,1.0]",0.521737,L2a,False,0.990000,2.3049,VALID,,6383676a3491dc82d70f2db20cdafb942e5c588a
20260758,P2,speed_stuck,hold,L2b,"AUC(faulted, matched-clean) folded to [0.5,1.0]",0.689488,L2a,False,0.990000,2.3049,VALID,,6383676a3491dc82d70f2db20cdafb942e5c588a
20260758,P2,speed_stuck,hold,L3,"AUC(faulted, matched-clean) folded to [0.5,1.0]",0.517713,L2a,False,0.990000,2.3049,VALID,,6383676a3491dc82d70f2db20cdafb942e5c588a
20260758,P2,speed_stuck,hold,L6,"AUC(faulted, matched-clean) folded to [0.5,1.0]",0.872713,L2a,False,0.990000,2.3049,VALID,,6383676a3491dc82d70f2db20cdafb942e5c588a
20260758,P2,speed_stuck,hold,L7,"AUC(faulted, matched-clean) folded to [0.5,1.0]",0.547500,L2a,False,0.990000,2.3049,VALID,,6383676a3491dc82d70f2db20cdafb942e5c588a
20260758,P2,speed_stuck,hold,L8,"AUC(faulted, matched-clean) folded to [0.5,1.0]",0.500000,L2a,False,0.990000,2.3049,VALID,,6383676a3491dc82d70f2db20cdafb942e5c588a
20260758,P2,speed_bias,3.0 m/s,L1,"AUC(faulted, matched-clean) folded to [0.5,1.0]",1.000000,L2b,False,0.780000,2.3049,VALID,,6383676a3491dc82d70f2db20cdafb942e5c588a
20260758,P2,speed_bias,3.0 m/s,L2a,"AUC(faulted, matched-clean) folded to [0.5,1.0]",0.961375,L2b,False,0.780000,2.3049,VALID,,6383676a3491dc82d70f2db20cdafb942e5c588a
20260758,P2,speed_bias,3.0 m/s,L2b,"AUC(faulted, matched-clean) folded to [0.5,1.0]",0.563250,L2b,False,0.780000,2.3049,VALID,,6383676a3491dc82d70f2db20cdafb942e5c588a
20260758,P2,speed_bias,3.0 m/s,L3,"AUC(faulted, matched-clean) folded to [0.5,1.0]",0.966912,L2b,False,0.780000,2.3049,VALID,,6383676a3491dc82d70f2db20cdafb942e5c588a
20260758,P2,speed_bias,3.0 m/s,L6,"AUC(faulted, matched-clean) folded to [0.5,1.0]",1.000000,L2b,False,0.780000,2.3049,VALID,,6383676a3491dc82d70f2db20cdafb942e5c588a
20260758,P2,speed_bias,3.0 m/s,L7,"AUC(faulted, matched-clean) folded to [0.5,1.0]",0.662500,L2b,False,0.780000,2.3049,VALID,,6383676a3491dc82d70f2db20cdafb942e5c588a
20260758,P2,speed_bias,3.0 m/s,L8,"AUC(faulted, matched-clean) folded to [0.5,1.0]",0.500000,L2b,False,0.780000,2.3049,VALID,,6383676a3491dc82d70f2db20cdafb942e5c588a
20260758,P2,lateral_noise,sigma x25,L1,"AUC(faulted, matched-clean) folded to [0.5,1.0]",0.969125,L2b,False,0.990000,2.3106,VALID,,6383676a3491dc82d70f2db20cdafb942e5c588a
20260758,P2,lateral_noise,sigma x25,L2a,"AUC(faulted, matched-clean) folded to [0.5,1.0]",0.676700,L2b,False,0.990000,2.3106,VALID,,6383676a3491dc82d70f2db20cdafb942e5c588a
20260758,P2,lateral_noise,sigma x25,L2b,"AUC(faulted, matched-clean) folded to [0.5,1.0]",0.586500,L2b,False,0.990000,2.3106,VALID,,6383676a3491dc82d70f2db20cdafb942e5c588a
20260758,P2,lateral_noise,sigma x25,L3,"AUC(faulted, matched-clean) folded to [0.5,1.0]",0.608062,L2b,False,0.990000,2.3106,VALID,,6383676a3491dc82d70f2db20cdafb942e5c588a
20260758,P2,lateral_noise,sigma x25,L6,"AUC(faulted, matched-clean) folded to [0.5,1.0]",0.922150,L2b,False,0.990000,2.3106,VALID,,6383676a3491dc82d70f2db20cdafb942e5c588a
20260758,P2,lateral_noise,sigma x25,L7,"AUC(faulted, matched-clean) folded to [0.5,1.0]",0.547500,L2b,False,0.990000,2.3106,VALID,,6383676a3491dc82d70f2db20cdafb942e5c588a
20260758,P2,lateral_noise,sigma x25,L8,"AUC(faulted, matched-clean) folded to [0.5,1.0]",0.500000,L2b,False,0.990000,2.3106,VALID,,6383676a3491dc82d70f2db20cdafb942e5c588a
20260759,P2,imu_dropout,suppress IMU,L1,"AUC(faulted, matched-clean) folded to [0.5,1.0]",0.997500,L7,True,0.942500,5.1742,VALID,,6383676a3491dc82d70f2db20cdafb942e5c588a
20260759,P2,imu_dropout,suppress IMU,L2a,"AUC(faulted, matched-clean) folded to [0.5,1.0]",0.960425,L7,True,0.942500,5.1742,VALID,,6383676a3491dc82d70f2db20cdafb942e5c588a
20260759,P2,imu_dropout,suppress IMU,L2b,"AUC(faulted, matched-clean) folded to [0.5,1.0]",0.958975,L7,True,0.942500,5.1742,VALID,,6383676a3491dc82d70f2db20cdafb942e5c588a
20260759,P2,imu_dropout,suppress IMU,L3,"AUC(faulted, matched-clean) folded to [0.5,1.0]",0.959512,L7,True,0.942500,5.1742,VALID,,6383676a3491dc82d70f2db20cdafb942e5c588a
20260759,P2,imu_dropout,suppress IMU,L6,"AUC(faulted, matched-clean) folded to [0.5,1.0]",0.922475,L7,True,0.942500,5.1742,VALID,,6383676a3491dc82d70f2db20cdafb942e5c588a
20260759,P2,imu_dropout,suppress IMU,L7,"AUC(faulted, matched-clean) folded to [0.5,1.0]",0.502500,L7,True,0.942500,5.1742,VALID,,6383676a3491dc82d70f2db20cdafb942e5c588a
20260759,P2,imu_dropout,suppress IMU,L8,"AUC(faulted, matched-clean) folded to [0.5,1.0]",0.500000,L7,True,0.942500,5.1742,VALID,,6383676a3491dc82d70f2db20cdafb942e5c588a
20260759,P2,position_bias,1.0 m,L1,"AUC(faulted, matched-clean) folded to [0.5,1.0]",1.000000,L2a,True,0.940000,2.6294,INVALID,ground-truth regeneration (ADR-0033): fault never reached the estimator,6383676a3491dc82d70f2db20cdafb942e5c588a
20260759,P2,position_bias,1.0 m,L2a,"AUC(faulted, matched-clean) folded to [0.5,1.0]",0.500000,L2a,True,0.940000,2.6294,INVALID,ground-truth regeneration (ADR-0033): fault never reached the estimator,6383676a3491dc82d70f2db20cdafb942e5c588a
20260759,P2,position_bias,1.0 m,L2b,"AUC(faulted, matched-clean) folded to [0.5,1.0]",0.500000,L2a,True,0.940000,2.6294,INVALID,ground-truth regeneration (ADR-0033): fault never reached the estimator,6383676a3491dc82d70f2db20cdafb942e5c588a
20260759,P2,position_bias,1.0 m,L3,"AUC(faulted, matched-clean) folded to [0.5,1.0]",0.500000,L2a,True,0.940000,2.6294,INVALID,ground-truth regeneration (ADR-0033): fault never reached the estimator,6383676a3491dc82d70f2db20cdafb942e5c588a
20260759,P2,position_bias,1.0 m,L6,"AUC(faulted, matched-clean) folded to [0.5,1.0]",0.500000,L2a,True,0.940000,2.6294,INVALID,ground-truth regeneration (ADR-0033): fault never reached the estimator,6383676a3491dc82d70f2db20cdafb942e5c588a
20260759,P2,position_bias,1.0 m,L7,"AUC(faulted, matched-clean) folded to [0.5,1.0]",0.500000,L2a,True,0.940000,2.6294,INVALID,ground-truth regeneration (ADR-0033): fault never reached the estimator,6383676a3491dc82d70f2db20cdafb942e5c588a
20260759,P2,position_bias,1.0 m,L8,"AUC(faulted, matched-clean) folded to [0.5,1.0]",0.500000,L2a,True,0.940000,2.6294,INVALID,ground-truth regeneration (ADR-0033): fault never reached the estimator,6383676a3491dc82d70f2db20cdafb942e5c588a
20260759,P2,position_drift,2.0 m final,L1,"AUC(faulted, matched-clean) folded to [0.5,1.0]",0.963987,L2a,True,0.940000,2.6294,INVALID,ground-truth regeneration (ADR-0033): fault never reached the estimator,6383676a3491dc82d70f2db20cdafb942e5c588a
20260759,P2,position_drift,2.0 m final,L2a,"AUC(faulted, matched-clean) folded to [0.5,1.0]",0.500000,L2a,True,0.940000,2.6294,INVALID,ground-truth regeneration (ADR-0033): fault never reached the estimator,6383676a3491dc82d70f2db20cdafb942e5c588a
20260759,P2,position_drift,2.0 m final,L2b,"AUC(faulted, matched-clean) folded to [0.5,1.0]",0.500000,L2a,True,0.940000,2.6294,INVALID,ground-truth regeneration (ADR-0033): fault never reached the estimator,6383676a3491dc82d70f2db20cdafb942e5c588a
20260759,P2,position_drift,2.0 m final,L3,"AUC(faulted, matched-clean) folded to [0.5,1.0]",0.500000,L2a,True,0.940000,2.6294,INVALID,ground-truth regeneration (ADR-0033): fault never reached the estimator,6383676a3491dc82d70f2db20cdafb942e5c588a
20260759,P2,position_drift,2.0 m final,L6,"AUC(faulted, matched-clean) folded to [0.5,1.0]",0.500000,L2a,True,0.940000,2.6294,INVALID,ground-truth regeneration (ADR-0033): fault never reached the estimator,6383676a3491dc82d70f2db20cdafb942e5c588a
20260759,P2,position_drift,2.0 m final,L7,"AUC(faulted, matched-clean) folded to [0.5,1.0]",0.500000,L2a,True,0.940000,2.6294,INVALID,ground-truth regeneration (ADR-0033): fault never reached the estimator,6383676a3491dc82d70f2db20cdafb942e5c588a
20260759,P2,position_drift,2.0 m final,L8,"AUC(faulted, matched-clean) folded to [0.5,1.0]",0.500000,L2a,True,0.940000,2.6294,INVALID,ground-truth regeneration (ADR-0033): fault never reached the estimator,6383676a3491dc82d70f2db20cdafb942e5c588a
20260759,P2,speed_stuck,hold,L1,"AUC(faulted, matched-clean) folded to [0.5,1.0]",0.882500,L2a,False,0.945000,2.6179,VALID,,6383676a3491dc82d70f2db20cdafb942e5c588a
20260759,P2,speed_stuck,hold,L2a,"AUC(faulted, matched-clean) folded to [0.5,1.0]",0.548138,L2a,False,0.945000,2.6179,VALID,,6383676a3491dc82d70f2db20cdafb942e5c588a
20260759,P2,speed_stuck,hold,L2b,"AUC(faulted, matched-clean) folded to [0.5,1.0]",0.622413,L2a,False,0.945000,2.6179,VALID,,6383676a3491dc82d70f2db20cdafb942e5c588a
20260759,P2,speed_stuck,hold,L3,"AUC(faulted, matched-clean) folded to [0.5,1.0]",0.559737,L2a,False,0.945000,2.6179,VALID,,6383676a3491dc82d70f2db20cdafb942e5c588a
20260759,P2,speed_stuck,hold,L6,"AUC(faulted, matched-clean) folded to [0.5,1.0]",0.952313,L2a,False,0.945000,2.6179,VALID,,6383676a3491dc82d70f2db20cdafb942e5c588a
20260759,P2,speed_stuck,hold,L7,"AUC(faulted, matched-clean) folded to [0.5,1.0]",0.505000,L2a,False,0.945000,2.6179,VALID,,6383676a3491dc82d70f2db20cdafb942e5c588a
20260759,P2,speed_stuck,hold,L8,"AUC(faulted, matched-clean) folded to [0.5,1.0]",0.500000,L2a,False,0.945000,2.6179,VALID,,6383676a3491dc82d70f2db20cdafb942e5c588a
20260759,P2,speed_bias,3.0 m/s,L1,"AUC(faulted, matched-clean) folded to [0.5,1.0]",1.000000,L2a,False,0.860000,2.6179,VALID,,6383676a3491dc82d70f2db20cdafb942e5c588a
20260759,P2,speed_bias,3.0 m/s,L2a,"AUC(faulted, matched-clean) folded to [0.5,1.0]",0.559925,L2a,False,0.860000,2.6179,VALID,,6383676a3491dc82d70f2db20cdafb942e5c588a
20260759,P2,speed_bias,3.0 m/s,L2b,"AUC(faulted, matched-clean) folded to [0.5,1.0]",0.740875,L2a,False,0.860000,2.6179,VALID,,6383676a3491dc82d70f2db20cdafb942e5c588a
20260759,P2,speed_bias,3.0 m/s,L3,"AUC(faulted, matched-clean) folded to [0.5,1.0]",0.597025,L2a,False,0.860000,2.6179,VALID,,6383676a3491dc82d70f2db20cdafb942e5c588a
20260759,P2,speed_bias,3.0 m/s,L6,"AUC(faulted, matched-clean) folded to [0.5,1.0]",0.996875,L2a,False,0.860000,2.6179,VALID,,6383676a3491dc82d70f2db20cdafb942e5c588a
20260759,P2,speed_bias,3.0 m/s,L7,"AUC(faulted, matched-clean) folded to [0.5,1.0]",0.580000,L2a,False,0.860000,2.6179,VALID,,6383676a3491dc82d70f2db20cdafb942e5c588a
20260759,P2,speed_bias,3.0 m/s,L8,"AUC(faulted, matched-clean) folded to [0.5,1.0]",0.500000,L2a,False,0.860000,2.6179,VALID,,6383676a3491dc82d70f2db20cdafb942e5c588a
20260759,P2,lateral_noise,sigma x25,L1,"AUC(faulted, matched-clean) folded to [0.5,1.0]",0.973275,L2b,False,0.942500,2.6300,VALID,,6383676a3491dc82d70f2db20cdafb942e5c588a
20260759,P2,lateral_noise,sigma x25,L2a,"AUC(faulted, matched-clean) folded to [0.5,1.0]",0.823950,L2b,False,0.942500,2.6300,VALID,,6383676a3491dc82d70f2db20cdafb942e5c588a
20260759,P2,lateral_noise,sigma x25,L2b,"AUC(faulted, matched-clean) folded to [0.5,1.0]",0.505988,L2b,False,0.942500,2.6300,VALID,,6383676a3491dc82d70f2db20cdafb942e5c588a
20260759,P2,lateral_noise,sigma x25,L3,"AUC(faulted, matched-clean) folded to [0.5,1.0]",0.758900,L2b,False,0.942500,2.6300,VALID,,6383676a3491dc82d70f2db20cdafb942e5c588a
20260759,P2,lateral_noise,sigma x25,L6,"AUC(faulted, matched-clean) folded to [0.5,1.0]",0.843175,L2b,False,0.942500,2.6300,VALID,,6383676a3491dc82d70f2db20cdafb942e5c588a
20260759,P2,lateral_noise,sigma x25,L7,"AUC(faulted, matched-clean) folded to [0.5,1.0]",0.502500,L2b,False,0.942500,2.6300,VALID,,6383676a3491dc82d70f2db20cdafb942e5c588a
20260759,P2,lateral_noise,sigma x25,L8,"AUC(faulted, matched-clean) folded to [0.5,1.0]",0.500000,L2b,False,0.942500,2.6300,VALID,,6383676a3491dc82d70f2db20cdafb942e5c588a
20260760,P2,imu_dropout,suppress IMU,L1,"AUC(faulted, matched-clean) folded to [0.5,1.0]",0.997500,L2a,False,0.965000,3.9808,VALID,,6383676a3491dc82d70f2db20cdafb942e5c588a
20260760,P2,imu_dropout,suppress IMU,L2a,"AUC(faulted, matched-clean) folded to [0.5,1.0]",0.568425,L2a,False,0.965000,3.9808,VALID,,6383676a3491dc82d70f2db20cdafb942e5c588a
20260760,P2,imu_dropout,suppress IMU,L2b,"AUC(faulted, matched-clean) folded to [0.5,1.0]",0.919475,L2a,False,0.965000,3.9808,VALID,,6383676a3491dc82d70f2db20cdafb942e5c588a
20260760,P2,imu_dropout,suppress IMU,L3,"AUC(faulted, matched-clean) folded to [0.5,1.0]",0.567650,L2a,False,0.965000,3.9808,VALID,,6383676a3491dc82d70f2db20cdafb942e5c588a
20260760,P2,imu_dropout,suppress IMU,L6,"AUC(faulted, matched-clean) folded to [0.5,1.0]",0.944725,L2a,False,0.965000,3.9808,VALID,,6383676a3491dc82d70f2db20cdafb942e5c588a
20260760,P2,imu_dropout,suppress IMU,L7,"AUC(faulted, matched-clean) folded to [0.5,1.0]",0.500000,L2a,False,0.965000,3.9808,VALID,,6383676a3491dc82d70f2db20cdafb942e5c588a
20260760,P2,imu_dropout,suppress IMU,L8,"AUC(faulted, matched-clean) folded to [0.5,1.0]",0.500000,L2a,False,0.965000,3.9808,VALID,,6383676a3491dc82d70f2db20cdafb942e5c588a
20260760,P2,position_bias,1.0 m,L1,"AUC(faulted, matched-clean) folded to [0.5,1.0]",1.000000,L2a,True,0.965000,2.4628,INVALID,ground-truth regeneration (ADR-0033): fault never reached the estimator,6383676a3491dc82d70f2db20cdafb942e5c588a
20260760,P2,position_bias,1.0 m,L2a,"AUC(faulted, matched-clean) folded to [0.5,1.0]",0.500000,L2a,True,0.965000,2.4628,INVALID,ground-truth regeneration (ADR-0033): fault never reached the estimator,6383676a3491dc82d70f2db20cdafb942e5c588a
20260760,P2,position_bias,1.0 m,L2b,"AUC(faulted, matched-clean) folded to [0.5,1.0]",0.500000,L2a,True,0.965000,2.4628,INVALID,ground-truth regeneration (ADR-0033): fault never reached the estimator,6383676a3491dc82d70f2db20cdafb942e5c588a
20260760,P2,position_bias,1.0 m,L3,"AUC(faulted, matched-clean) folded to [0.5,1.0]",0.500000,L2a,True,0.965000,2.4628,INVALID,ground-truth regeneration (ADR-0033): fault never reached the estimator,6383676a3491dc82d70f2db20cdafb942e5c588a
20260760,P2,position_bias,1.0 m,L6,"AUC(faulted, matched-clean) folded to [0.5,1.0]",0.500000,L2a,True,0.965000,2.4628,INVALID,ground-truth regeneration (ADR-0033): fault never reached the estimator,6383676a3491dc82d70f2db20cdafb942e5c588a
20260760,P2,position_bias,1.0 m,L7,"AUC(faulted, matched-clean) folded to [0.5,1.0]",0.500000,L2a,True,0.965000,2.4628,INVALID,ground-truth regeneration (ADR-0033): fault never reached the estimator,6383676a3491dc82d70f2db20cdafb942e5c588a
20260760,P2,position_bias,1.0 m,L8,"AUC(faulted, matched-clean) folded to [0.5,1.0]",0.500000,L2a,True,0.965000,2.4628,INVALID,ground-truth regeneration (ADR-0033): fault never reached the estimator,6383676a3491dc82d70f2db20cdafb942e5c588a
20260760,P2,position_drift,2.0 m final,L1,"AUC(faulted, matched-clean) folded to [0.5,1.0]",0.965888,L2a,True,0.965000,2.4628,INVALID,ground-truth regeneration (ADR-0033): fault never reached the estimator,6383676a3491dc82d70f2db20cdafb942e5c588a
20260760,P2,position_drift,2.0 m final,L2a,"AUC(faulted, matched-clean) folded to [0.5,1.0]",0.500000,L2a,True,0.965000,2.4628,INVALID,ground-truth regeneration (ADR-0033): fault never reached the estimator,6383676a3491dc82d70f2db20cdafb942e5c588a
20260760,P2,position_drift,2.0 m final,L2b,"AUC(faulted, matched-clean) folded to [0.5,1.0]",0.500000,L2a,True,0.965000,2.4628,INVALID,ground-truth regeneration (ADR-0033): fault never reached the estimator,6383676a3491dc82d70f2db20cdafb942e5c588a
20260760,P2,position_drift,2.0 m final,L3,"AUC(faulted, matched-clean) folded to [0.5,1.0]",0.500000,L2a,True,0.965000,2.4628,INVALID,ground-truth regeneration (ADR-0033): fault never reached the estimator,6383676a3491dc82d70f2db20cdafb942e5c588a
20260760,P2,position_drift,2.0 m final,L6,"AUC(faulted, matched-clean) folded to [0.5,1.0]",0.500000,L2a,True,0.965000,2.4628,INVALID,ground-truth regeneration (ADR-0033): fault never reached the estimator,6383676a3491dc82d70f2db20cdafb942e5c588a
20260760,P2,position_drift,2.0 m final,L7,"AUC(faulted, matched-clean) folded to [0.5,1.0]",0.500000,L2a,True,0.965000,2.4628,INVALID,ground-truth regeneration (ADR-0033): fault never reached the estimator,6383676a3491dc82d70f2db20cdafb942e5c588a
20260760,P2,position_drift,2.0 m final,L8,"AUC(faulted, matched-clean) folded to [0.5,1.0]",0.500000,L2a,True,0.965000,2.4628,INVALID,ground-truth regeneration (ADR-0033): fault never reached the estimator,6383676a3491dc82d70f2db20cdafb942e5c588a
20260760,P2,speed_stuck,hold,L1,"AUC(faulted, matched-clean) folded to [0.5,1.0]",0.832500,L2b,False,0.965000,2.4583,VALID,,6383676a3491dc82d70f2db20cdafb942e5c588a
20260760,P2,speed_stuck,hold,L2a,"AUC(faulted, matched-clean) folded to [0.5,1.0]",0.643112,L2b,False,0.965000,2.4583,VALID,,6383676a3491dc82d70f2db20cdafb942e5c588a
20260760,P2,speed_stuck,hold,L2b,"AUC(faulted, matched-clean) folded to [0.5,1.0]",0.516238,L2b,False,0.965000,2.4583,VALID,,6383676a3491dc82d70f2db20cdafb942e5c588a
20260760,P2,speed_stuck,hold,L3,"AUC(faulted, matched-clean) folded to [0.5,1.0]",0.644312,L2b,False,0.965000,2.4583,VALID,,6383676a3491dc82d70f2db20cdafb942e5c588a
20260760,P2,speed_stuck,hold,L6,"AUC(faulted, matched-clean) folded to [0.5,1.0]",0.583413,L2b,False,0.965000,2.4583,VALID,,6383676a3491dc82d70f2db20cdafb942e5c588a
20260760,P2,speed_stuck,hold,L7,"AUC(faulted, matched-clean) folded to [0.5,1.0]",0.500000,L2b,False,0.965000,2.4583,VALID,,6383676a3491dc82d70f2db20cdafb942e5c588a
20260760,P2,speed_stuck,hold,L8,"AUC(faulted, matched-clean) folded to [0.5,1.0]",0.500000,L2b,False,0.965000,2.4583,VALID,,6383676a3491dc82d70f2db20cdafb942e5c588a
20260760,P2,speed_bias,3.0 m/s,L1,"AUC(faulted, matched-clean) folded to [0.5,1.0]",1.000000,L2b,False,0.770000,2.4583,VALID,,6383676a3491dc82d70f2db20cdafb942e5c588a
20260760,P2,speed_bias,3.0 m/s,L2a,"AUC(faulted, matched-clean) folded to [0.5,1.0]",0.601200,L2b,False,0.770000,2.4583,VALID,,6383676a3491dc82d70f2db20cdafb942e5c588a
20260760,P2,speed_bias,3.0 m/s,L2b,"AUC(faulted, matched-clean) folded to [0.5,1.0]",0.548750,L2b,False,0.770000,2.4583,VALID,,6383676a3491dc82d70f2db20cdafb942e5c588a
20260760,P2,speed_bias,3.0 m/s,L3,"AUC(faulted, matched-clean) folded to [0.5,1.0]",0.605750,L2b,False,0.770000,2.4583,VALID,,6383676a3491dc82d70f2db20cdafb942e5c588a
20260760,P2,speed_bias,3.0 m/s,L6,"AUC(faulted, matched-clean) folded to [0.5,1.0]",1.000000,L2b,False,0.770000,2.4583,VALID,,6383676a3491dc82d70f2db20cdafb942e5c588a
20260760,P2,speed_bias,3.0 m/s,L7,"AUC(faulted, matched-clean) folded to [0.5,1.0]",0.695000,L2b,False,0.770000,2.4583,VALID,,6383676a3491dc82d70f2db20cdafb942e5c588a
20260760,P2,speed_bias,3.0 m/s,L8,"AUC(faulted, matched-clean) folded to [0.5,1.0]",0.500000,L2b,False,0.770000,2.4583,VALID,,6383676a3491dc82d70f2db20cdafb942e5c588a
20260760,P2,lateral_noise,sigma x25,L1,"AUC(faulted, matched-clean) folded to [0.5,1.0]",1.000000,L2b,False,0.962500,2.4655,VALID,,6383676a3491dc82d70f2db20cdafb942e5c588a
20260760,P2,lateral_noise,sigma x25,L2a,"AUC(faulted, matched-clean) folded to [0.5,1.0]",0.976300,L2b,False,0.962500,2.4655,VALID,,6383676a3491dc82d70f2db20cdafb942e5c588a
20260760,P2,lateral_noise,sigma x25,L2b,"AUC(faulted, matched-clean) folded to [0.5,1.0]",0.520687,L2b,False,0.962500,2.4655,VALID,,6383676a3491dc82d70f2db20cdafb942e5c588a
20260760,P2,lateral_noise,sigma x25,L3,"AUC(faulted, matched-clean) folded to [0.5,1.0]",0.976275,L2b,False,0.962500,2.4655,VALID,,6383676a3491dc82d70f2db20cdafb942e5c588a
20260760,P2,lateral_noise,sigma x25,L6,"AUC(faulted, matched-clean) folded to [0.5,1.0]",0.918150,L2b,False,0.962500,2.4655,VALID,,6383676a3491dc82d70f2db20cdafb942e5c588a
20260760,P2,lateral_noise,sigma x25,L7,"AUC(faulted, matched-clean) folded to [0.5,1.0]",0.502500,L2b,False,0.962500,2.4655,VALID,,6383676a3491dc82d70f2db20cdafb942e5c588a
20260760,P2,lateral_noise,sigma x25,L8,"AUC(faulted, matched-clean) folded to [0.5,1.0]",0.500000,L2b,False,0.962500,2.4655,VALID,,6383676a3491dc82d70f2db20cdafb942e5c588a
20260731,P3,imu_dropout,suppress IMU,L1,"AUC(faulted, matched-clean) folded to [0.5,1.0]",0.997500,L7,False,0.007500,5.8847,VALID,,6383676a3491dc82d70f2db20cdafb942e5c588a
20260731,P3,imu_dropout,suppress IMU,L2a,"AUC(faulted, matched-clean) folded to [0.5,1.0]",0.691975,L7,False,0.007500,5.8847,VALID,,6383676a3491dc82d70f2db20cdafb942e5c588a
20260731,P3,imu_dropout,suppress IMU,L2b,"AUC(faulted, matched-clean) folded to [0.5,1.0]",0.825450,L7,False,0.007500,5.8847,VALID,,6383676a3491dc82d70f2db20cdafb942e5c588a
20260731,P3,imu_dropout,suppress IMU,L3,"AUC(faulted, matched-clean) folded to [0.5,1.0]",0.690937,L7,False,0.007500,5.8847,VALID,,6383676a3491dc82d70f2db20cdafb942e5c588a
20260731,P3,imu_dropout,suppress IMU,L6,"AUC(faulted, matched-clean) folded to [0.5,1.0]",0.728925,L7,False,0.007500,5.8847,VALID,,6383676a3491dc82d70f2db20cdafb942e5c588a
20260731,P3,imu_dropout,suppress IMU,L7,"AUC(faulted, matched-clean) folded to [0.5,1.0]",0.500000,L7,False,0.007500,5.8847,VALID,,6383676a3491dc82d70f2db20cdafb942e5c588a
20260731,P3,imu_dropout,suppress IMU,L8,"AUC(faulted, matched-clean) folded to [0.5,1.0]",0.987500,L7,False,0.007500,5.8847,VALID,,6383676a3491dc82d70f2db20cdafb942e5c588a
20260731,P3,position_bias,1.0 m,L1,"AUC(faulted, matched-clean) folded to [0.5,1.0]",1.000000,L2a,True,0.007500,10.5431,INVALID,ground-truth regeneration (ADR-0033): fault never reached the estimator,6383676a3491dc82d70f2db20cdafb942e5c588a
20260731,P3,position_bias,1.0 m,L2a,"AUC(faulted, matched-clean) folded to [0.5,1.0]",0.500000,L2a,True,0.007500,10.5431,INVALID,ground-truth regeneration (ADR-0033): fault never reached the estimator,6383676a3491dc82d70f2db20cdafb942e5c588a
20260731,P3,position_bias,1.0 m,L2b,"AUC(faulted, matched-clean) folded to [0.5,1.0]",0.500000,L2a,True,0.007500,10.5431,INVALID,ground-truth regeneration (ADR-0033): fault never reached the estimator,6383676a3491dc82d70f2db20cdafb942e5c588a
20260731,P3,position_bias,1.0 m,L3,"AUC(faulted, matched-clean) folded to [0.5,1.0]",0.500000,L2a,True,0.007500,10.5431,INVALID,ground-truth regeneration (ADR-0033): fault never reached the estimator,6383676a3491dc82d70f2db20cdafb942e5c588a
20260731,P3,position_bias,1.0 m,L6,"AUC(faulted, matched-clean) folded to [0.5,1.0]",0.500000,L2a,True,0.007500,10.5431,INVALID,ground-truth regeneration (ADR-0033): fault never reached the estimator,6383676a3491dc82d70f2db20cdafb942e5c588a
20260731,P3,position_bias,1.0 m,L7,"AUC(faulted, matched-clean) folded to [0.5,1.0]",0.500000,L2a,True,0.007500,10.5431,INVALID,ground-truth regeneration (ADR-0033): fault never reached the estimator,6383676a3491dc82d70f2db20cdafb942e5c588a
20260731,P3,position_bias,1.0 m,L8,"AUC(faulted, matched-clean) folded to [0.5,1.0]",0.500000,L2a,True,0.007500,10.5431,INVALID,ground-truth regeneration (ADR-0033): fault never reached the estimator,6383676a3491dc82d70f2db20cdafb942e5c588a
20260731,P3,position_drift,2.0 m final,L1,"AUC(faulted, matched-clean) folded to [0.5,1.0]",0.977038,L2a,True,0.007500,10.5431,INVALID,ground-truth regeneration (ADR-0033): fault never reached the estimator,6383676a3491dc82d70f2db20cdafb942e5c588a
20260731,P3,position_drift,2.0 m final,L2a,"AUC(faulted, matched-clean) folded to [0.5,1.0]",0.500000,L2a,True,0.007500,10.5431,INVALID,ground-truth regeneration (ADR-0033): fault never reached the estimator,6383676a3491dc82d70f2db20cdafb942e5c588a
20260731,P3,position_drift,2.0 m final,L2b,"AUC(faulted, matched-clean) folded to [0.5,1.0]",0.500000,L2a,True,0.007500,10.5431,INVALID,ground-truth regeneration (ADR-0033): fault never reached the estimator,6383676a3491dc82d70f2db20cdafb942e5c588a
20260731,P3,position_drift,2.0 m final,L3,"AUC(faulted, matched-clean) folded to [0.5,1.0]",0.500000,L2a,True,0.007500,10.5431,INVALID,ground-truth regeneration (ADR-0033): fault never reached the estimator,6383676a3491dc82d70f2db20cdafb942e5c588a
20260731,P3,position_drift,2.0 m final,L6,"AUC(faulted, matched-clean) folded to [0.5,1.0]",0.500000,L2a,True,0.007500,10.5431,INVALID,ground-truth regeneration (ADR-0033): fault never reached the estimator,6383676a3491dc82d70f2db20cdafb942e5c588a
20260731,P3,position_drift,2.0 m final,L7,"AUC(faulted, matched-clean) folded to [0.5,1.0]",0.500000,L2a,True,0.007500,10.5431,INVALID,ground-truth regeneration (ADR-0033): fault never reached the estimator,6383676a3491dc82d70f2db20cdafb942e5c588a
20260731,P3,position_drift,2.0 m final,L8,"AUC(faulted, matched-clean) folded to [0.5,1.0]",0.500000,L2a,True,0.007500,10.5431,INVALID,ground-truth regeneration (ADR-0033): fault never reached the estimator,6383676a3491dc82d70f2db20cdafb942e5c588a
20260731,P3,speed_stuck,hold,L1,"AUC(faulted, matched-clean) folded to [0.5,1.0]",0.987500,L2a,False,0.007500,10.5703,VALID,,6383676a3491dc82d70f2db20cdafb942e5c588a
20260731,P3,speed_stuck,hold,L2a,"AUC(faulted, matched-clean) folded to [0.5,1.0]",0.564113,L2a,False,0.007500,10.5703,VALID,,6383676a3491dc82d70f2db20cdafb942e5c588a
20260731,P3,speed_stuck,hold,L2b,"AUC(faulted, matched-clean) folded to [0.5,1.0]",0.505038,L2a,False,0.007500,10.5703,VALID,,6383676a3491dc82d70f2db20cdafb942e5c588a
20260731,P3,speed_stuck,hold,L3,"AUC(faulted, matched-clean) folded to [0.5,1.0]",0.563113,L2a,False,0.007500,10.5703,VALID,,6383676a3491dc82d70f2db20cdafb942e5c588a
20260731,P3,speed_stuck,hold,L6,"AUC(faulted, matched-clean) folded to [0.5,1.0]",0.755888,L2a,False,0.007500,10.5703,VALID,,6383676a3491dc82d70f2db20cdafb942e5c588a
20260731,P3,speed_stuck,hold,L7,"AUC(faulted, matched-clean) folded to [0.5,1.0]",0.500000,L2a,False,0.007500,10.5703,VALID,,6383676a3491dc82d70f2db20cdafb942e5c588a
20260731,P3,speed_stuck,hold,L8,"AUC(faulted, matched-clean) folded to [0.5,1.0]",0.500000,L2a,False,0.007500,10.5703,VALID,,6383676a3491dc82d70f2db20cdafb942e5c588a
20260731,P3,speed_bias,3.0 m/s,L1,"AUC(faulted, matched-clean) folded to [0.5,1.0]",1.000000,L2a,False,0.007500,10.2439,VALID,,6383676a3491dc82d70f2db20cdafb942e5c588a
20260731,P3,speed_bias,3.0 m/s,L2a,"AUC(faulted, matched-clean) folded to [0.5,1.0]",0.502900,L2a,False,0.007500,10.2439,VALID,,6383676a3491dc82d70f2db20cdafb942e5c588a
20260731,P3,speed_bias,3.0 m/s,L2b,"AUC(faulted, matched-clean) folded to [0.5,1.0]",0.511675,L2a,False,0.007500,10.2439,VALID,,6383676a3491dc82d70f2db20cdafb942e5c588a
20260731,P3,speed_bias,3.0 m/s,L3,"AUC(faulted, matched-clean) folded to [0.5,1.0]",0.503700,L2a,False,0.007500,10.2439,VALID,,6383676a3491dc82d70f2db20cdafb942e5c588a
20260731,P3,speed_bias,3.0 m/s,L6,"AUC(faulted, matched-clean) folded to [0.5,1.0]",0.992575,L2a,False,0.007500,10.2439,VALID,,6383676a3491dc82d70f2db20cdafb942e5c588a
20260731,P3,speed_bias,3.0 m/s,L7,"AUC(faulted, matched-clean) folded to [0.5,1.0]",0.500000,L2a,False,0.007500,10.2439,VALID,,6383676a3491dc82d70f2db20cdafb942e5c588a
20260731,P3,speed_bias,3.0 m/s,L8,"AUC(faulted, matched-clean) folded to [0.5,1.0]",0.500000,L2a,False,0.007500,10.2439,VALID,,6383676a3491dc82d70f2db20cdafb942e5c588a
20260731,P3,lateral_noise,sigma x25,L1,"AUC(faulted, matched-clean) folded to [0.5,1.0]",0.996475,,False,0.302500,8.5620,VALID,,6383676a3491dc82d70f2db20cdafb942e5c588a
20260731,P3,lateral_noise,sigma x25,L2a,"AUC(faulted, matched-clean) folded to [0.5,1.0]",0.972550,,False,0.302500,8.5620,VALID,,6383676a3491dc82d70f2db20cdafb942e5c588a
20260731,P3,lateral_noise,sigma x25,L2b,"AUC(faulted, matched-clean) folded to [0.5,1.0]",0.900863,,False,0.302500,8.5620,VALID,,6383676a3491dc82d70f2db20cdafb942e5c588a
20260731,P3,lateral_noise,sigma x25,L3,"AUC(faulted, matched-clean) folded to [0.5,1.0]",0.972775,,False,0.302500,8.5620,VALID,,6383676a3491dc82d70f2db20cdafb942e5c588a
20260731,P3,lateral_noise,sigma x25,L6,"AUC(faulted, matched-clean) folded to [0.5,1.0]",0.995425,,False,0.302500,8.5620,VALID,,6383676a3491dc82d70f2db20cdafb942e5c588a
20260731,P3,lateral_noise,sigma x25,L7,"AUC(faulted, matched-clean) folded to [0.5,1.0]",0.795000,,False,0.302500,8.5620,VALID,,6383676a3491dc82d70f2db20cdafb942e5c588a
20260731,P3,lateral_noise,sigma x25,L8,"AUC(faulted, matched-clean) folded to [0.5,1.0]",0.865000,,False,0.302500,8.5620,VALID,,6383676a3491dc82d70f2db20cdafb942e5c588a
20260732,P3,imu_dropout,suppress IMU,L1,"AUC(faulted, matched-clean) folded to [0.5,1.0]",0.997500,L2b,False,0.012500,6.2630,VALID,,6383676a3491dc82d70f2db20cdafb942e5c588a
20260732,P3,imu_dropout,suppress IMU,L2a,"AUC(faulted, matched-clean) folded to [0.5,1.0]",0.904125,L2b,False,0.012500,6.2630,VALID,,6383676a3491dc82d70f2db20cdafb942e5c588a
20260732,P3,imu_dropout,suppress IMU,L2b,"AUC(faulted, matched-clean) folded to [0.5,1.0]",0.508675,L2b,False,0.012500,6.2630,VALID,,6383676a3491dc82d70f2db20cdafb942e5c588a
20260732,P3,imu_dropout,suppress IMU,L3,"AUC(faulted, matched-clean) folded to [0.5,1.0]",0.903875,L2b,False,0.012500,6.2630,VALID,,6383676a3491dc82d70f2db20cdafb942e5c588a
20260732,P3,imu_dropout,suppress IMU,L6,"AUC(faulted, matched-clean) folded to [0.5,1.0]",0.915425,L2b,False,0.012500,6.2630,VALID,,6383676a3491dc82d70f2db20cdafb942e5c588a
20260732,P3,imu_dropout,suppress IMU,L7,"AUC(faulted, matched-clean) folded to [0.5,1.0]",0.510000,L2b,False,0.012500,6.2630,VALID,,6383676a3491dc82d70f2db20cdafb942e5c588a
20260732,P3,imu_dropout,suppress IMU,L8,"AUC(faulted, matched-clean) folded to [0.5,1.0]",0.987500,L2b,False,0.012500,6.2630,VALID,,6383676a3491dc82d70f2db20cdafb942e5c588a
20260732,P3,position_bias,1.0 m,L1,"AUC(faulted, matched-clean) folded to [0.5,1.0]",1.000000,L2a,True,0.002500,11.1094,INVALID,ground-truth regeneration (ADR-0033): fault never reached the estimator,6383676a3491dc82d70f2db20cdafb942e5c588a
20260732,P3,position_bias,1.0 m,L2a,"AUC(faulted, matched-clean) folded to [0.5,1.0]",0.500000,L2a,True,0.002500,11.1094,INVALID,ground-truth regeneration (ADR-0033): fault never reached the estimator,6383676a3491dc82d70f2db20cdafb942e5c588a
20260732,P3,position_bias,1.0 m,L2b,"AUC(faulted, matched-clean) folded to [0.5,1.0]",0.500000,L2a,True,0.002500,11.1094,INVALID,ground-truth regeneration (ADR-0033): fault never reached the estimator,6383676a3491dc82d70f2db20cdafb942e5c588a
20260732,P3,position_bias,1.0 m,L3,"AUC(faulted, matched-clean) folded to [0.5,1.0]",0.500000,L2a,True,0.002500,11.1094,INVALID,ground-truth regeneration (ADR-0033): fault never reached the estimator,6383676a3491dc82d70f2db20cdafb942e5c588a
20260732,P3,position_bias,1.0 m,L6,"AUC(faulted, matched-clean) folded to [0.5,1.0]",0.500000,L2a,True,0.002500,11.1094,INVALID,ground-truth regeneration (ADR-0033): fault never reached the estimator,6383676a3491dc82d70f2db20cdafb942e5c588a
20260732,P3,position_bias,1.0 m,L7,"AUC(faulted, matched-clean) folded to [0.5,1.0]",0.500000,L2a,True,0.002500,11.1094,INVALID,ground-truth regeneration (ADR-0033): fault never reached the estimator,6383676a3491dc82d70f2db20cdafb942e5c588a
20260732,P3,position_bias,1.0 m,L8,"AUC(faulted, matched-clean) folded to [0.5,1.0]",0.500000,L2a,True,0.002500,11.1094,INVALID,ground-truth regeneration (ADR-0033): fault never reached the estimator,6383676a3491dc82d70f2db20cdafb942e5c588a
20260732,P3,position_drift,2.0 m final,L1,"AUC(faulted, matched-clean) folded to [0.5,1.0]",0.973012,L2a,True,0.002500,11.1094,INVALID,ground-truth regeneration (ADR-0033): fault never reached the estimator,6383676a3491dc82d70f2db20cdafb942e5c588a
20260732,P3,position_drift,2.0 m final,L2a,"AUC(faulted, matched-clean) folded to [0.5,1.0]",0.500000,L2a,True,0.002500,11.1094,INVALID,ground-truth regeneration (ADR-0033): fault never reached the estimator,6383676a3491dc82d70f2db20cdafb942e5c588a
20260732,P3,position_drift,2.0 m final,L2b,"AUC(faulted, matched-clean) folded to [0.5,1.0]",0.500000,L2a,True,0.002500,11.1094,INVALID,ground-truth regeneration (ADR-0033): fault never reached the estimator,6383676a3491dc82d70f2db20cdafb942e5c588a
20260732,P3,position_drift,2.0 m final,L3,"AUC(faulted, matched-clean) folded to [0.5,1.0]",0.500000,L2a,True,0.002500,11.1094,INVALID,ground-truth regeneration (ADR-0033): fault never reached the estimator,6383676a3491dc82d70f2db20cdafb942e5c588a
20260732,P3,position_drift,2.0 m final,L6,"AUC(faulted, matched-clean) folded to [0.5,1.0]",0.500000,L2a,True,0.002500,11.1094,INVALID,ground-truth regeneration (ADR-0033): fault never reached the estimator,6383676a3491dc82d70f2db20cdafb942e5c588a
20260732,P3,position_drift,2.0 m final,L7,"AUC(faulted, matched-clean) folded to [0.5,1.0]",0.500000,L2a,True,0.002500,11.1094,INVALID,ground-truth regeneration (ADR-0033): fault never reached the estimator,6383676a3491dc82d70f2db20cdafb942e5c588a
20260732,P3,position_drift,2.0 m final,L8,"AUC(faulted, matched-clean) folded to [0.5,1.0]",0.500000,L2a,True,0.002500,11.1094,INVALID,ground-truth regeneration (ADR-0033): fault never reached the estimator,6383676a3491dc82d70f2db20cdafb942e5c588a
20260732,P3,speed_stuck,hold,L1,"AUC(faulted, matched-clean) folded to [0.5,1.0]",0.992500,L2a,False,0.002500,11.1301,VALID,,6383676a3491dc82d70f2db20cdafb942e5c588a
20260732,P3,speed_stuck,hold,L2a,"AUC(faulted, matched-clean) folded to [0.5,1.0]",0.554737,L2a,False,0.002500,11.1301,VALID,,6383676a3491dc82d70f2db20cdafb942e5c588a
20260732,P3,speed_stuck,hold,L2b,"AUC(faulted, matched-clean) folded to [0.5,1.0]",0.501663,L2a,False,0.002500,11.1301,VALID,,6383676a3491dc82d70f2db20cdafb942e5c588a
20260732,P3,speed_stuck,hold,L3,"AUC(faulted, matched-clean) folded to [0.5,1.0]",0.552700,L2a,False,0.002500,11.1301,VALID,,6383676a3491dc82d70f2db20cdafb942e5c588a
20260732,P3,speed_stuck,hold,L6,"AUC(faulted, matched-clean) folded to [0.5,1.0]",0.620687,L2a,False,0.002500,11.1301,VALID,,6383676a3491dc82d70f2db20cdafb942e5c588a
20260732,P3,speed_stuck,hold,L7,"AUC(faulted, matched-clean) folded to [0.5,1.0]",0.500000,L2a,False,0.002500,11.1301,VALID,,6383676a3491dc82d70f2db20cdafb942e5c588a
20260732,P3,speed_stuck,hold,L8,"AUC(faulted, matched-clean) folded to [0.5,1.0]",0.500000,L2a,False,0.002500,11.1301,VALID,,6383676a3491dc82d70f2db20cdafb942e5c588a
20260732,P3,speed_bias,3.0 m/s,L1,"AUC(faulted, matched-clean) folded to [0.5,1.0]",1.000000,L2a,False,0.002500,10.7773,VALID,,6383676a3491dc82d70f2db20cdafb942e5c588a
20260732,P3,speed_bias,3.0 m/s,L2a,"AUC(faulted, matched-clean) folded to [0.5,1.0]",0.508625,L2a,False,0.002500,10.7773,VALID,,6383676a3491dc82d70f2db20cdafb942e5c588a
20260732,P3,speed_bias,3.0 m/s,L2b,"AUC(faulted, matched-clean) folded to [0.5,1.0]",0.543400,L2a,False,0.002500,10.7773,VALID,,6383676a3491dc82d70f2db20cdafb942e5c588a
20260732,P3,speed_bias,3.0 m/s,L3,"AUC(faulted, matched-clean) folded to [0.5,1.0]",0.504875,L2a,False,0.002500,10.7773,VALID,,6383676a3491dc82d70f2db20cdafb942e5c588a
20260732,P3,speed_bias,3.0 m/s,L6,"AUC(faulted, matched-clean) folded to [0.5,1.0]",0.972475,L2a,False,0.002500,10.7773,VALID,,6383676a3491dc82d70f2db20cdafb942e5c588a
20260732,P3,speed_bias,3.0 m/s,L7,"AUC(faulted, matched-clean) folded to [0.5,1.0]",0.500000,L2a,False,0.002500,10.7773,VALID,,6383676a3491dc82d70f2db20cdafb942e5c588a
20260732,P3,speed_bias,3.0 m/s,L8,"AUC(faulted, matched-clean) folded to [0.5,1.0]",0.500000,L2a,False,0.002500,10.7773,VALID,,6383676a3491dc82d70f2db20cdafb942e5c588a
20260732,P3,lateral_noise,sigma x25,L1,"AUC(faulted, matched-clean) folded to [0.5,1.0]",0.998575,,False,0.380000,9.2702,VALID,,6383676a3491dc82d70f2db20cdafb942e5c588a
20260732,P3,lateral_noise,sigma x25,L2a,"AUC(faulted, matched-clean) folded to [0.5,1.0]",0.983275,,False,0.380000,9.2702,VALID,,6383676a3491dc82d70f2db20cdafb942e5c588a
20260732,P3,lateral_noise,sigma x25,L2b,"AUC(faulted, matched-clean) folded to [0.5,1.0]",0.854825,,False,0.380000,9.2702,VALID,,6383676a3491dc82d70f2db20cdafb942e5c588a
20260732,P3,lateral_noise,sigma x25,L3,"AUC(faulted, matched-clean) folded to [0.5,1.0]",0.983213,,False,0.380000,9.2702,VALID,,6383676a3491dc82d70f2db20cdafb942e5c588a
20260732,P3,lateral_noise,sigma x25,L6,"AUC(faulted, matched-clean) folded to [0.5,1.0]",0.990675,,False,0.380000,9.2702,VALID,,6383676a3491dc82d70f2db20cdafb942e5c588a
20260732,P3,lateral_noise,sigma x25,L7,"AUC(faulted, matched-clean) folded to [0.5,1.0]",0.877500,,False,0.380000,9.2702,VALID,,6383676a3491dc82d70f2db20cdafb942e5c588a
20260732,P3,lateral_noise,sigma x25,L8,"AUC(faulted, matched-clean) folded to [0.5,1.0]",0.775000,,False,0.380000,9.2702,VALID,,6383676a3491dc82d70f2db20cdafb942e5c588a
20260733,P3,imu_dropout,suppress IMU,L1,"AUC(faulted, matched-clean) folded to [0.5,1.0]",0.997500,L2b,False,0.015000,8.1507,VALID,,6383676a3491dc82d70f2db20cdafb942e5c588a
20260733,P3,imu_dropout,suppress IMU,L2a,"AUC(faulted, matched-clean) folded to [0.5,1.0]",0.831150,L2b,False,0.015000,8.1507,VALID,,6383676a3491dc82d70f2db20cdafb942e5c588a
20260733,P3,imu_dropout,suppress IMU,L2b,"AUC(faulted, matched-clean) folded to [0.5,1.0]",0.540325,L2b,False,0.015000,8.1507,VALID,,6383676a3491dc82d70f2db20cdafb942e5c588a
20260733,P3,imu_dropout,suppress IMU,L3,"AUC(faulted, matched-clean) folded to [0.5,1.0]",0.831163,L2b,False,0.015000,8.1507,VALID,,6383676a3491dc82d70f2db20cdafb942e5c588a
20260733,P3,imu_dropout,suppress IMU,L6,"AUC(faulted, matched-clean) folded to [0.5,1.0]",0.691075,L2b,False,0.015000,8.1507,VALID,,6383676a3491dc82d70f2db20cdafb942e5c588a
20260733,P3,imu_dropout,suppress IMU,L7,"AUC(faulted, matched-clean) folded to [0.5,1.0]",0.507500,L2b,False,0.015000,8.1507,VALID,,6383676a3491dc82d70f2db20cdafb942e5c588a
20260733,P3,imu_dropout,suppress IMU,L8,"AUC(faulted, matched-clean) folded to [0.5,1.0]",0.987500,L2b,False,0.015000,8.1507,VALID,,6383676a3491dc82d70f2db20cdafb942e5c588a
20260733,P3,position_bias,1.0 m,L1,"AUC(faulted, matched-clean) folded to [0.5,1.0]",1.000000,L2a,True,0.007500,13.7081,INVALID,ground-truth regeneration (ADR-0033): fault never reached the estimator,6383676a3491dc82d70f2db20cdafb942e5c588a
20260733,P3,position_bias,1.0 m,L2a,"AUC(faulted, matched-clean) folded to [0.5,1.0]",0.500000,L2a,True,0.007500,13.7081,INVALID,ground-truth regeneration (ADR-0033): fault never reached the estimator,6383676a3491dc82d70f2db20cdafb942e5c588a
20260733,P3,position_bias,1.0 m,L2b,"AUC(faulted, matched-clean) folded to [0.5,1.0]",0.500000,L2a,True,0.007500,13.7081,INVALID,ground-truth regeneration (ADR-0033): fault never reached the estimator,6383676a3491dc82d70f2db20cdafb942e5c588a
20260733,P3,position_bias,1.0 m,L3,"AUC(faulted, matched-clean) folded to [0.5,1.0]",0.500000,L2a,True,0.007500,13.7081,INVALID,ground-truth regeneration (ADR-0033): fault never reached the estimator,6383676a3491dc82d70f2db20cdafb942e5c588a
20260733,P3,position_bias,1.0 m,L6,"AUC(faulted, matched-clean) folded to [0.5,1.0]",0.500000,L2a,True,0.007500,13.7081,INVALID,ground-truth regeneration (ADR-0033): fault never reached the estimator,6383676a3491dc82d70f2db20cdafb942e5c588a
20260733,P3,position_bias,1.0 m,L7,"AUC(faulted, matched-clean) folded to [0.5,1.0]",0.500000,L2a,True,0.007500,13.7081,INVALID,ground-truth regeneration (ADR-0033): fault never reached the estimator,6383676a3491dc82d70f2db20cdafb942e5c588a
20260733,P3,position_bias,1.0 m,L8,"AUC(faulted, matched-clean) folded to [0.5,1.0]",0.500000,L2a,True,0.007500,13.7081,INVALID,ground-truth regeneration (ADR-0033): fault never reached the estimator,6383676a3491dc82d70f2db20cdafb942e5c588a
20260733,P3,position_drift,2.0 m final,L1,"AUC(faulted, matched-clean) folded to [0.5,1.0]",0.976038,L2a,True,0.007500,13.7081,INVALID,ground-truth regeneration (ADR-0033): fault never reached the estimator,6383676a3491dc82d70f2db20cdafb942e5c588a
20260733,P3,position_drift,2.0 m final,L2a,"AUC(faulted, matched-clean) folded to [0.5,1.0]",0.500000,L2a,True,0.007500,13.7081,INVALID,ground-truth regeneration (ADR-0033): fault never reached the estimator,6383676a3491dc82d70f2db20cdafb942e5c588a
20260733,P3,position_drift,2.0 m final,L2b,"AUC(faulted, matched-clean) folded to [0.5,1.0]",0.500000,L2a,True,0.007500,13.7081,INVALID,ground-truth regeneration (ADR-0033): fault never reached the estimator,6383676a3491dc82d70f2db20cdafb942e5c588a
20260733,P3,position_drift,2.0 m final,L3,"AUC(faulted, matched-clean) folded to [0.5,1.0]",0.500000,L2a,True,0.007500,13.7081,INVALID,ground-truth regeneration (ADR-0033): fault never reached the estimator,6383676a3491dc82d70f2db20cdafb942e5c588a
20260733,P3,position_drift,2.0 m final,L6,"AUC(faulted, matched-clean) folded to [0.5,1.0]",0.500000,L2a,True,0.007500,13.7081,INVALID,ground-truth regeneration (ADR-0033): fault never reached the estimator,6383676a3491dc82d70f2db20cdafb942e5c588a
20260733,P3,position_drift,2.0 m final,L7,"AUC(faulted, matched-clean) folded to [0.5,1.0]",0.500000,L2a,True,0.007500,13.7081,INVALID,ground-truth regeneration (ADR-0033): fault never reached the estimator,6383676a3491dc82d70f2db20cdafb942e5c588a
20260733,P3,position_drift,2.0 m final,L8,"AUC(faulted, matched-clean) folded to [0.5,1.0]",0.500000,L2a,True,0.007500,13.7081,INVALID,ground-truth regeneration (ADR-0033): fault never reached the estimator,6383676a3491dc82d70f2db20cdafb942e5c588a
20260733,P3,speed_stuck,hold,L1,"AUC(faulted, matched-clean) folded to [0.5,1.0]",0.947500,L2a,True,0.007500,13.6872,VALID,,6383676a3491dc82d70f2db20cdafb942e5c588a
20260733,P3,speed_stuck,hold,L2a,"AUC(faulted, matched-clean) folded to [0.5,1.0]",0.559813,L2a,True,0.007500,13.6872,VALID,,6383676a3491dc82d70f2db20cdafb942e5c588a
20260733,P3,speed_stuck,hold,L2b,"AUC(faulted, matched-clean) folded to [0.5,1.0]",0.537563,L2a,True,0.007500,13.6872,VALID,,6383676a3491dc82d70f2db20cdafb942e5c588a
20260733,P3,speed_stuck,hold,L3,"AUC(faulted, matched-clean) folded to [0.5,1.0]",0.558575,L2a,True,0.007500,13.6872,VALID,,6383676a3491dc82d70f2db20cdafb942e5c588a
20260733,P3,speed_stuck,hold,L6,"AUC(faulted, matched-clean) folded to [0.5,1.0]",0.595638,L2a,True,0.007500,13.6872,VALID,,6383676a3491dc82d70f2db20cdafb942e5c588a
20260733,P3,speed_stuck,hold,L7,"AUC(faulted, matched-clean) folded to [0.5,1.0]",0.500000,L2a,True,0.007500,13.6872,VALID,,6383676a3491dc82d70f2db20cdafb942e5c588a
20260733,P3,speed_stuck,hold,L8,"AUC(faulted, matched-clean) folded to [0.5,1.0]",0.500000,L2a,True,0.007500,13.6872,VALID,,6383676a3491dc82d70f2db20cdafb942e5c588a
20260733,P3,speed_bias,3.0 m/s,L1,"AUC(faulted, matched-clean) folded to [0.5,1.0]",1.000000,L2a,False,0.007500,13.2439,VALID,,6383676a3491dc82d70f2db20cdafb942e5c588a
20260733,P3,speed_bias,3.0 m/s,L2a,"AUC(faulted, matched-clean) folded to [0.5,1.0]",0.547925,L2a,False,0.007500,13.2439,VALID,,6383676a3491dc82d70f2db20cdafb942e5c588a
20260733,P3,speed_bias,3.0 m/s,L2b,"AUC(faulted, matched-clean) folded to [0.5,1.0]",0.726950,L2a,False,0.007500,13.2439,VALID,,6383676a3491dc82d70f2db20cdafb942e5c588a
20260733,P3,speed_bias,3.0 m/s,L3,"AUC(faulted, matched-clean) folded to [0.5,1.0]",0.541650,L2a,False,0.007500,13.2439,VALID,,6383676a3491dc82d70f2db20cdafb942e5c588a
20260733,P3,speed_bias,3.0 m/s,L6,"AUC(faulted, matched-clean) folded to [0.5,1.0]",0.594850,L2a,False,0.007500,13.2439,VALID,,6383676a3491dc82d70f2db20cdafb942e5c588a
20260733,P3,speed_bias,3.0 m/s,L7,"AUC(faulted, matched-clean) folded to [0.5,1.0]",0.500000,L2a,False,0.007500,13.2439,VALID,,6383676a3491dc82d70f2db20cdafb942e5c588a
20260733,P3,speed_bias,3.0 m/s,L8,"AUC(faulted, matched-clean) folded to [0.5,1.0]",0.500000,L2a,False,0.007500,13.2439,VALID,,6383676a3491dc82d70f2db20cdafb942e5c588a
20260733,P3,lateral_noise,sigma x25,L1,"AUC(faulted, matched-clean) folded to [0.5,1.0]",1.000000,,False,0.292500,11.3439,VALID,,6383676a3491dc82d70f2db20cdafb942e5c588a
20260733,P3,lateral_noise,sigma x25,L2a,"AUC(faulted, matched-clean) folded to [0.5,1.0]",0.988775,,False,0.292500,11.3439,VALID,,6383676a3491dc82d70f2db20cdafb942e5c588a
20260733,P3,lateral_noise,sigma x25,L2b,"AUC(faulted, matched-clean) folded to [0.5,1.0]",0.837437,,False,0.292500,11.3439,VALID,,6383676a3491dc82d70f2db20cdafb942e5c588a
20260733,P3,lateral_noise,sigma x25,L3,"AUC(faulted, matched-clean) folded to [0.5,1.0]",0.988712,,False,0.292500,11.3439,VALID,,6383676a3491dc82d70f2db20cdafb942e5c588a
20260733,P3,lateral_noise,sigma x25,L6,"AUC(faulted, matched-clean) folded to [0.5,1.0]",0.965525,,False,0.292500,11.3439,VALID,,6383676a3491dc82d70f2db20cdafb942e5c588a
20260733,P3,lateral_noise,sigma x25,L7,"AUC(faulted, matched-clean) folded to [0.5,1.0]",0.785000,,False,0.292500,11.3439,VALID,,6383676a3491dc82d70f2db20cdafb942e5c588a
20260733,P3,lateral_noise,sigma x25,L8,"AUC(faulted, matched-clean) folded to [0.5,1.0]",0.840000,,False,0.292500,11.3439,VALID,,6383676a3491dc82d70f2db20cdafb942e5c588a
20260734,P3,imu_dropout,suppress IMU,L1,"AUC(faulted, matched-clean) folded to [0.5,1.0]",0.997500,L2b,False,0.017500,8.1294,VALID,,6383676a3491dc82d70f2db20cdafb942e5c588a
20260734,P3,imu_dropout,suppress IMU,L2a,"AUC(faulted, matched-clean) folded to [0.5,1.0]",0.833700,L2b,False,0.017500,8.1294,VALID,,6383676a3491dc82d70f2db20cdafb942e5c588a
20260734,P3,imu_dropout,suppress IMU,L2b,"AUC(faulted, matched-clean) folded to [0.5,1.0]",0.597575,L2b,False,0.017500,8.1294,VALID,,6383676a3491dc82d70f2db20cdafb942e5c588a
20260734,P3,imu_dropout,suppress IMU,L3,"AUC(faulted, matched-clean) folded to [0.5,1.0]",0.833438,L2b,False,0.017500,8.1294,VALID,,6383676a3491dc82d70f2db20cdafb942e5c588a
20260734,P3,imu_dropout,suppress IMU,L6,"AUC(faulted, matched-clean) folded to [0.5,1.0]",0.618825,L2b,False,0.017500,8.1294,VALID,,6383676a3491dc82d70f2db20cdafb942e5c588a
20260734,P3,imu_dropout,suppress IMU,L7,"AUC(faulted, matched-clean) folded to [0.5,1.0]",0.507500,L2b,False,0.017500,8.1294,VALID,,6383676a3491dc82d70f2db20cdafb942e5c588a
20260734,P3,imu_dropout,suppress IMU,L8,"AUC(faulted, matched-clean) folded to [0.5,1.0]",0.987500,L2b,False,0.017500,8.1294,VALID,,6383676a3491dc82d70f2db20cdafb942e5c588a
20260734,P3,position_bias,1.0 m,L1,"AUC(faulted, matched-clean) folded to [0.5,1.0]",1.000000,L2a,True,0.010000,13.7055,INVALID,ground-truth regeneration (ADR-0033): fault never reached the estimator,6383676a3491dc82d70f2db20cdafb942e5c588a
20260734,P3,position_bias,1.0 m,L2a,"AUC(faulted, matched-clean) folded to [0.5,1.0]",0.500000,L2a,True,0.010000,13.7055,INVALID,ground-truth regeneration (ADR-0033): fault never reached the estimator,6383676a3491dc82d70f2db20cdafb942e5c588a
20260734,P3,position_bias,1.0 m,L2b,"AUC(faulted, matched-clean) folded to [0.5,1.0]",0.500000,L2a,True,0.010000,13.7055,INVALID,ground-truth regeneration (ADR-0033): fault never reached the estimator,6383676a3491dc82d70f2db20cdafb942e5c588a
20260734,P3,position_bias,1.0 m,L3,"AUC(faulted, matched-clean) folded to [0.5,1.0]",0.500000,L2a,True,0.010000,13.7055,INVALID,ground-truth regeneration (ADR-0033): fault never reached the estimator,6383676a3491dc82d70f2db20cdafb942e5c588a
20260734,P3,position_bias,1.0 m,L6,"AUC(faulted, matched-clean) folded to [0.5,1.0]",0.500000,L2a,True,0.010000,13.7055,INVALID,ground-truth regeneration (ADR-0033): fault never reached the estimator,6383676a3491dc82d70f2db20cdafb942e5c588a
20260734,P3,position_bias,1.0 m,L7,"AUC(faulted, matched-clean) folded to [0.5,1.0]",0.500000,L2a,True,0.010000,13.7055,INVALID,ground-truth regeneration (ADR-0033): fault never reached the estimator,6383676a3491dc82d70f2db20cdafb942e5c588a
20260734,P3,position_bias,1.0 m,L8,"AUC(faulted, matched-clean) folded to [0.5,1.0]",0.500000,L2a,True,0.010000,13.7055,INVALID,ground-truth regeneration (ADR-0033): fault never reached the estimator,6383676a3491dc82d70f2db20cdafb942e5c588a
20260734,P3,position_drift,2.0 m final,L1,"AUC(faulted, matched-clean) folded to [0.5,1.0]",0.951187,L2a,True,0.010000,13.7055,INVALID,ground-truth regeneration (ADR-0033): fault never reached the estimator,6383676a3491dc82d70f2db20cdafb942e5c588a
20260734,P3,position_drift,2.0 m final,L2a,"AUC(faulted, matched-clean) folded to [0.5,1.0]",0.500000,L2a,True,0.010000,13.7055,INVALID,ground-truth regeneration (ADR-0033): fault never reached the estimator,6383676a3491dc82d70f2db20cdafb942e5c588a
20260734,P3,position_drift,2.0 m final,L2b,"AUC(faulted, matched-clean) folded to [0.5,1.0]",0.500000,L2a,True,0.010000,13.7055,INVALID,ground-truth regeneration (ADR-0033): fault never reached the estimator,6383676a3491dc82d70f2db20cdafb942e5c588a
20260734,P3,position_drift,2.0 m final,L3,"AUC(faulted, matched-clean) folded to [0.5,1.0]",0.500000,L2a,True,0.010000,13.7055,INVALID,ground-truth regeneration (ADR-0033): fault never reached the estimator,6383676a3491dc82d70f2db20cdafb942e5c588a
20260734,P3,position_drift,2.0 m final,L6,"AUC(faulted, matched-clean) folded to [0.5,1.0]",0.500000,L2a,True,0.010000,13.7055,INVALID,ground-truth regeneration (ADR-0033): fault never reached the estimator,6383676a3491dc82d70f2db20cdafb942e5c588a
20260734,P3,position_drift,2.0 m final,L7,"AUC(faulted, matched-clean) folded to [0.5,1.0]",0.500000,L2a,True,0.010000,13.7055,INVALID,ground-truth regeneration (ADR-0033): fault never reached the estimator,6383676a3491dc82d70f2db20cdafb942e5c588a
20260734,P3,position_drift,2.0 m final,L8,"AUC(faulted, matched-clean) folded to [0.5,1.0]",0.500000,L2a,True,0.010000,13.7055,INVALID,ground-truth regeneration (ADR-0033): fault never reached the estimator,6383676a3491dc82d70f2db20cdafb942e5c588a
20260734,P3,speed_stuck,hold,L1,"AUC(faulted, matched-clean) folded to [0.5,1.0]",0.977500,L2a,False,0.010000,13.6797,VALID,,6383676a3491dc82d70f2db20cdafb942e5c588a
20260734,P3,speed_stuck,hold,L2a,"AUC(faulted, matched-clean) folded to [0.5,1.0]",0.565538,L2a,False,0.010000,13.6797,VALID,,6383676a3491dc82d70f2db20cdafb942e5c588a
20260734,P3,speed_stuck,hold,L2b,"AUC(faulted, matched-clean) folded to [0.5,1.0]",0.531513,L2a,False,0.010000,13.6797,VALID,,6383676a3491dc82d70f2db20cdafb942e5c588a
20260734,P3,speed_stuck,hold,L3,"AUC(faulted, matched-clean) folded to [0.5,1.0]",0.564000,L2a,False,0.010000,13.6797,VALID,,6383676a3491dc82d70f2db20cdafb942e5c588a
20260734,P3,speed_stuck,hold,L6,"AUC(faulted, matched-clean) folded to [0.5,1.0]",0.628287,L2a,False,0.010000,13.6797,VALID,,6383676a3491dc82d70f2db20cdafb942e5c588a
20260734,P3,speed_stuck,hold,L7,"AUC(faulted, matched-clean) folded to [0.5,1.0]",0.500000,L2a,False,0.010000,13.6797,VALID,,6383676a3491dc82d70f2db20cdafb942e5c588a
20260734,P3,speed_stuck,hold,L8,"AUC(faulted, matched-clean) folded to [0.5,1.0]",0.500000,L2a,False,0.010000,13.6797,VALID,,6383676a3491dc82d70f2db20cdafb942e5c588a
20260734,P3,speed_bias,3.0 m/s,L1,"AUC(faulted, matched-clean) folded to [0.5,1.0]",1.000000,L2a,False,0.010000,13.2482,VALID,,6383676a3491dc82d70f2db20cdafb942e5c588a
20260734,P3,speed_bias,3.0 m/s,L2a,"AUC(faulted, matched-clean) folded to [0.5,1.0]",0.542425,L2a,False,0.010000,13.2482,VALID,,6383676a3491dc82d70f2db20cdafb942e5c588a
20260734,P3,speed_bias,3.0 m/s,L2b,"AUC(faulted, matched-clean) folded to [0.5,1.0]",0.801825,L2a,False,0.010000,13.2482,VALID,,6383676a3491dc82d70f2db20cdafb942e5c588a
20260734,P3,speed_bias,3.0 m/s,L3,"AUC(faulted, matched-clean) folded to [0.5,1.0]",0.536750,L2a,False,0.010000,13.2482,VALID,,6383676a3491dc82d70f2db20cdafb942e5c588a
20260734,P3,speed_bias,3.0 m/s,L6,"AUC(faulted, matched-clean) folded to [0.5,1.0]",0.665725,L2a,False,0.010000,13.2482,VALID,,6383676a3491dc82d70f2db20cdafb942e5c588a
20260734,P3,speed_bias,3.0 m/s,L7,"AUC(faulted, matched-clean) folded to [0.5,1.0]",0.500000,L2a,False,0.010000,13.2482,VALID,,6383676a3491dc82d70f2db20cdafb942e5c588a
20260734,P3,speed_bias,3.0 m/s,L8,"AUC(faulted, matched-clean) folded to [0.5,1.0]",0.500000,L2a,False,0.010000,13.2482,VALID,,6383676a3491dc82d70f2db20cdafb942e5c588a
20260734,P3,lateral_noise,sigma x25,L1,"AUC(faulted, matched-clean) folded to [0.5,1.0]",1.000000,,False,0.472500,10.0101,VALID,,6383676a3491dc82d70f2db20cdafb942e5c588a
20260734,P3,lateral_noise,sigma x25,L2a,"AUC(faulted, matched-clean) folded to [0.5,1.0]",0.974025,,False,0.472500,10.0101,VALID,,6383676a3491dc82d70f2db20cdafb942e5c588a
20260734,P3,lateral_noise,sigma x25,L2b,"AUC(faulted, matched-clean) folded to [0.5,1.0]",0.982225,,False,0.472500,10.0101,VALID,,6383676a3491dc82d70f2db20cdafb942e5c588a
20260734,P3,lateral_noise,sigma x25,L3,"AUC(faulted, matched-clean) folded to [0.5,1.0]",0.973762,,False,0.472500,10.0101,VALID,,6383676a3491dc82d70f2db20cdafb942e5c588a
20260734,P3,lateral_noise,sigma x25,L6,"AUC(faulted, matched-clean) folded to [0.5,1.0]",0.993250,,False,0.472500,10.0101,VALID,,6383676a3491dc82d70f2db20cdafb942e5c588a
20260734,P3,lateral_noise,sigma x25,L7,"AUC(faulted, matched-clean) folded to [0.5,1.0]",0.962500,,False,0.472500,10.0101,VALID,,6383676a3491dc82d70f2db20cdafb942e5c588a
20260734,P3,lateral_noise,sigma x25,L8,"AUC(faulted, matched-clean) folded to [0.5,1.0]",0.935000,,False,0.472500,10.0101,VALID,,6383676a3491dc82d70f2db20cdafb942e5c588a
20260735,P3,imu_dropout,suppress IMU,L1,"AUC(faulted, matched-clean) folded to [0.5,1.0]",0.997500,L2b,False,0.002500,7.3515,VALID,,6383676a3491dc82d70f2db20cdafb942e5c588a
20260735,P3,imu_dropout,suppress IMU,L2a,"AUC(faulted, matched-clean) folded to [0.5,1.0]",0.808850,L2b,False,0.002500,7.3515,VALID,,6383676a3491dc82d70f2db20cdafb942e5c588a
20260735,P3,imu_dropout,suppress IMU,L2b,"AUC(faulted, matched-clean) folded to [0.5,1.0]",0.554800,L2b,False,0.002500,7.3515,VALID,,6383676a3491dc82d70f2db20cdafb942e5c588a
20260735,P3,imu_dropout,suppress IMU,L3,"AUC(faulted, matched-clean) folded to [0.5,1.0]",0.808450,L2b,False,0.002500,7.3515,VALID,,6383676a3491dc82d70f2db20cdafb942e5c588a
20260735,P3,imu_dropout,suppress IMU,L6,"AUC(faulted, matched-clean) folded to [0.5,1.0]",0.763250,L2b,False,0.002500,7.3515,VALID,,6383676a3491dc82d70f2db20cdafb942e5c588a
20260735,P3,imu_dropout,suppress IMU,L7,"AUC(faulted, matched-clean) folded to [0.5,1.0]",0.502500,L2b,False,0.002500,7.3515,VALID,,6383676a3491dc82d70f2db20cdafb942e5c588a
20260735,P3,imu_dropout,suppress IMU,L8,"AUC(faulted, matched-clean) folded to [0.5,1.0]",0.987500,L2b,False,0.002500,7.3515,VALID,,6383676a3491dc82d70f2db20cdafb942e5c588a
20260735,P3,position_bias,1.0 m,L1,"AUC(faulted, matched-clean) folded to [0.5,1.0]",1.000000,L2a,True,0.000000,12.6504,INVALID,ground-truth regeneration (ADR-0033): fault never reached the estimator,6383676a3491dc82d70f2db20cdafb942e5c588a
20260735,P3,position_bias,1.0 m,L2a,"AUC(faulted, matched-clean) folded to [0.5,1.0]",0.500000,L2a,True,0.000000,12.6504,INVALID,ground-truth regeneration (ADR-0033): fault never reached the estimator,6383676a3491dc82d70f2db20cdafb942e5c588a
20260735,P3,position_bias,1.0 m,L2b,"AUC(faulted, matched-clean) folded to [0.5,1.0]",0.500000,L2a,True,0.000000,12.6504,INVALID,ground-truth regeneration (ADR-0033): fault never reached the estimator,6383676a3491dc82d70f2db20cdafb942e5c588a
20260735,P3,position_bias,1.0 m,L3,"AUC(faulted, matched-clean) folded to [0.5,1.0]",0.500000,L2a,True,0.000000,12.6504,INVALID,ground-truth regeneration (ADR-0033): fault never reached the estimator,6383676a3491dc82d70f2db20cdafb942e5c588a
20260735,P3,position_bias,1.0 m,L6,"AUC(faulted, matched-clean) folded to [0.5,1.0]",0.500000,L2a,True,0.000000,12.6504,INVALID,ground-truth regeneration (ADR-0033): fault never reached the estimator,6383676a3491dc82d70f2db20cdafb942e5c588a
20260735,P3,position_bias,1.0 m,L7,"AUC(faulted, matched-clean) folded to [0.5,1.0]",0.500000,L2a,True,0.000000,12.6504,INVALID,ground-truth regeneration (ADR-0033): fault never reached the estimator,6383676a3491dc82d70f2db20cdafb942e5c588a
20260735,P3,position_bias,1.0 m,L8,"AUC(faulted, matched-clean) folded to [0.5,1.0]",0.500000,L2a,True,0.000000,12.6504,INVALID,ground-truth regeneration (ADR-0033): fault never reached the estimator,6383676a3491dc82d70f2db20cdafb942e5c588a
20260735,P3,position_drift,2.0 m final,L1,"AUC(faulted, matched-clean) folded to [0.5,1.0]",0.973163,L2a,True,0.000000,12.6504,INVALID,ground-truth regeneration (ADR-0033): fault never reached the estimator,6383676a3491dc82d70f2db20cdafb942e5c588a
20260735,P3,position_drift,2.0 m final,L2a,"AUC(faulted, matched-clean) folded to [0.5,1.0]",0.500000,L2a,True,0.000000,12.6504,INVALID,ground-truth regeneration (ADR-0033): fault never reached the estimator,6383676a3491dc82d70f2db20cdafb942e5c588a
20260735,P3,position_drift,2.0 m final,L2b,"AUC(faulted, matched-clean) folded to [0.5,1.0]",0.500000,L2a,True,0.000000,12.6504,INVALID,ground-truth regeneration (ADR-0033): fault never reached the estimator,6383676a3491dc82d70f2db20cdafb942e5c588a
20260735,P3,position_drift,2.0 m final,L3,"AUC(faulted, matched-clean) folded to [0.5,1.0]",0.500000,L2a,True,0.000000,12.6504,INVALID,ground-truth regeneration (ADR-0033): fault never reached the estimator,6383676a3491dc82d70f2db20cdafb942e5c588a
20260735,P3,position_drift,2.0 m final,L6,"AUC(faulted, matched-clean) folded to [0.5,1.0]",0.500000,L2a,True,0.000000,12.6504,INVALID,ground-truth regeneration (ADR-0033): fault never reached the estimator,6383676a3491dc82d70f2db20cdafb942e5c588a
20260735,P3,position_drift,2.0 m final,L7,"AUC(faulted, matched-clean) folded to [0.5,1.0]",0.500000,L2a,True,0.000000,12.6504,INVALID,ground-truth regeneration (ADR-0033): fault never reached the estimator,6383676a3491dc82d70f2db20cdafb942e5c588a
20260735,P3,position_drift,2.0 m final,L8,"AUC(faulted, matched-clean) folded to [0.5,1.0]",0.500000,L2a,True,0.000000,12.6504,INVALID,ground-truth regeneration (ADR-0033): fault never reached the estimator,6383676a3491dc82d70f2db20cdafb942e5c588a
20260735,P3,speed_stuck,hold,L1,"AUC(faulted, matched-clean) folded to [0.5,1.0]",0.992500,L2a,True,0.000000,12.6497,VALID,,6383676a3491dc82d70f2db20cdafb942e5c588a
20260735,P3,speed_stuck,hold,L2a,"AUC(faulted, matched-clean) folded to [0.5,1.0]",0.554688,L2a,True,0.000000,12.6497,VALID,,6383676a3491dc82d70f2db20cdafb942e5c588a
20260735,P3,speed_stuck,hold,L2b,"AUC(faulted, matched-clean) folded to [0.5,1.0]",0.509188,L2a,True,0.000000,12.6497,VALID,,6383676a3491dc82d70f2db20cdafb942e5c588a
20260735,P3,speed_stuck,hold,L3,"AUC(faulted, matched-clean) folded to [0.5,1.0]",0.552713,L2a,True,0.000000,12.6497,VALID,,6383676a3491dc82d70f2db20cdafb942e5c588a
20260735,P3,speed_stuck,hold,L6,"AUC(faulted, matched-clean) folded to [0.5,1.0]",0.572388,L2a,True,0.000000,12.6497,VALID,,6383676a3491dc82d70f2db20cdafb942e5c588a
20260735,P3,speed_stuck,hold,L7,"AUC(faulted, matched-clean) folded to [0.5,1.0]",0.500000,L2a,True,0.000000,12.6497,VALID,,6383676a3491dc82d70f2db20cdafb942e5c588a
20260735,P3,speed_stuck,hold,L8,"AUC(faulted, matched-clean) folded to [0.5,1.0]",0.500000,L2a,True,0.000000,12.6497,VALID,,6383676a3491dc82d70f2db20cdafb942e5c588a
20260735,P3,speed_bias,3.0 m/s,L1,"AUC(faulted, matched-clean) folded to [0.5,1.0]",1.000000,L2a,False,0.000000,12.2317,VALID,,6383676a3491dc82d70f2db20cdafb942e5c588a
20260735,P3,speed_bias,3.0 m/s,L2a,"AUC(faulted, matched-clean) folded to [0.5,1.0]",0.533900,L2a,False,0.000000,12.2317,VALID,,6383676a3491dc82d70f2db20cdafb942e5c588a
20260735,P3,speed_bias,3.0 m/s,L2b,"AUC(faulted, matched-clean) folded to [0.5,1.0]",0.778550,L2a,False,0.000000,12.2317,VALID,,6383676a3491dc82d70f2db20cdafb942e5c588a
20260735,P3,speed_bias,3.0 m/s,L3,"AUC(faulted, matched-clean) folded to [0.5,1.0]",0.529462,L2a,False,0.000000,12.2317,VALID,,6383676a3491dc82d70f2db20cdafb942e5c588a
20260735,P3,speed_bias,3.0 m/s,L6,"AUC(faulted, matched-clean) folded to [0.5,1.0]",0.901125,L2a,False,0.000000,12.2317,VALID,,6383676a3491dc82d70f2db20cdafb942e5c588a
20260735,P3,speed_bias,3.0 m/s,L7,"AUC(faulted, matched-clean) folded to [0.5,1.0]",0.500000,L2a,False,0.000000,12.2317,VALID,,6383676a3491dc82d70f2db20cdafb942e5c588a
20260735,P3,speed_bias,3.0 m/s,L8,"AUC(faulted, matched-clean) folded to [0.5,1.0]",0.500000,L2a,False,0.000000,12.2317,VALID,,6383676a3491dc82d70f2db20cdafb942e5c588a
20260735,P3,lateral_noise,sigma x25,L1,"AUC(faulted, matched-clean) folded to [0.5,1.0]",1.000000,,False,0.202500,10.6663,VALID,,6383676a3491dc82d70f2db20cdafb942e5c588a
20260735,P3,lateral_noise,sigma x25,L2a,"AUC(faulted, matched-clean) folded to [0.5,1.0]",0.986175,,False,0.202500,10.6663,VALID,,6383676a3491dc82d70f2db20cdafb942e5c588a
20260735,P3,lateral_noise,sigma x25,L2b,"AUC(faulted, matched-clean) folded to [0.5,1.0]",0.900837,,False,0.202500,10.6663,VALID,,6383676a3491dc82d70f2db20cdafb942e5c588a
20260735,P3,lateral_noise,sigma x25,L3,"AUC(faulted, matched-clean) folded to [0.5,1.0]",0.986175,,False,0.202500,10.6663,VALID,,6383676a3491dc82d70f2db20cdafb942e5c588a
20260735,P3,lateral_noise,sigma x25,L6,"AUC(faulted, matched-clean) folded to [0.5,1.0]",0.996900,,False,0.202500,10.6663,VALID,,6383676a3491dc82d70f2db20cdafb942e5c588a
20260735,P3,lateral_noise,sigma x25,L7,"AUC(faulted, matched-clean) folded to [0.5,1.0]",0.702500,,False,0.202500,10.6663,VALID,,6383676a3491dc82d70f2db20cdafb942e5c588a
20260735,P3,lateral_noise,sigma x25,L8,"AUC(faulted, matched-clean) folded to [0.5,1.0]",0.650000,,False,0.202500,10.6663,VALID,,6383676a3491dc82d70f2db20cdafb942e5c588a
20260736,P3,imu_dropout,suppress IMU,L1,"AUC(faulted, matched-clean) folded to [0.5,1.0]",0.997500,L6,False,0.012500,6.6831,VALID,,6383676a3491dc82d70f2db20cdafb942e5c588a
20260736,P3,imu_dropout,suppress IMU,L2a,"AUC(faulted, matched-clean) folded to [0.5,1.0]",0.853525,L6,False,0.012500,6.6831,VALID,,6383676a3491dc82d70f2db20cdafb942e5c588a
20260736,P3,imu_dropout,suppress IMU,L2b,"AUC(faulted, matched-clean) folded to [0.5,1.0]",0.983100,L6,False,0.012500,6.6831,VALID,,6383676a3491dc82d70f2db20cdafb942e5c588a
20260736,P3,imu_dropout,suppress IMU,L3,"AUC(faulted, matched-clean) folded to [0.5,1.0]",0.853938,L6,False,0.012500,6.6831,VALID,,6383676a3491dc82d70f2db20cdafb942e5c588a
20260736,P3,imu_dropout,suppress IMU,L6,"AUC(faulted, matched-clean) folded to [0.5,1.0]",0.533150,L6,False,0.012500,6.6831,VALID,,6383676a3491dc82d70f2db20cdafb942e5c588a
20260736,P3,imu_dropout,suppress IMU,L7,"AUC(faulted, matched-clean) folded to [0.5,1.0]",0.500000,L6,False,0.012500,6.6831,VALID,,6383676a3491dc82d70f2db20cdafb942e5c588a
20260736,P3,imu_dropout,suppress IMU,L8,"AUC(faulted, matched-clean) folded to [0.5,1.0]",0.987500,L6,False,0.012500,6.6831,VALID,,6383676a3491dc82d70f2db20cdafb942e5c588a
20260736,P3,position_bias,1.0 m,L1,"AUC(faulted, matched-clean) folded to [0.5,1.0]",1.000000,L2a,True,0.012500,11.6975,INVALID,ground-truth regeneration (ADR-0033): fault never reached the estimator,6383676a3491dc82d70f2db20cdafb942e5c588a
20260736,P3,position_bias,1.0 m,L2a,"AUC(faulted, matched-clean) folded to [0.5,1.0]",0.500000,L2a,True,0.012500,11.6975,INVALID,ground-truth regeneration (ADR-0033): fault never reached the estimator,6383676a3491dc82d70f2db20cdafb942e5c588a
20260736,P3,position_bias,1.0 m,L2b,"AUC(faulted, matched-clean) folded to [0.5,1.0]",0.500000,L2a,True,0.012500,11.6975,INVALID,ground-truth regeneration (ADR-0033): fault never reached the estimator,6383676a3491dc82d70f2db20cdafb942e5c588a
20260736,P3,position_bias,1.0 m,L3,"AUC(faulted, matched-clean) folded to [0.5,1.0]",0.500000,L2a,True,0.012500,11.6975,INVALID,ground-truth regeneration (ADR-0033): fault never reached the estimator,6383676a3491dc82d70f2db20cdafb942e5c588a
20260736,P3,position_bias,1.0 m,L6,"AUC(faulted, matched-clean) folded to [0.5,1.0]",0.500000,L2a,True,0.012500,11.6975,INVALID,ground-truth regeneration (ADR-0033): fault never reached the estimator,6383676a3491dc82d70f2db20cdafb942e5c588a
20260736,P3,position_bias,1.0 m,L7,"AUC(faulted, matched-clean) folded to [0.5,1.0]",0.500000,L2a,True,0.012500,11.6975,INVALID,ground-truth regeneration (ADR-0033): fault never reached the estimator,6383676a3491dc82d70f2db20cdafb942e5c588a
20260736,P3,position_bias,1.0 m,L8,"AUC(faulted, matched-clean) folded to [0.5,1.0]",0.500000,L2a,True,0.012500,11.6975,INVALID,ground-truth regeneration (ADR-0033): fault never reached the estimator,6383676a3491dc82d70f2db20cdafb942e5c588a
20260736,P3,position_drift,2.0 m final,L1,"AUC(faulted, matched-clean) folded to [0.5,1.0]",0.985062,L2a,True,0.012500,11.6975,INVALID,ground-truth regeneration (ADR-0033): fault never reached the estimator,6383676a3491dc82d70f2db20cdafb942e5c588a
20260736,P3,position_drift,2.0 m final,L2a,"AUC(faulted, matched-clean) folded to [0.5,1.0]",0.500000,L2a,True,0.012500,11.6975,INVALID,ground-truth regeneration (ADR-0033): fault never reached the estimator,6383676a3491dc82d70f2db20cdafb942e5c588a
20260736,P3,position_drift,2.0 m final,L2b,"AUC(faulted, matched-clean) folded to [0.5,1.0]",0.500000,L2a,True,0.012500,11.6975,INVALID,ground-truth regeneration (ADR-0033): fault never reached the estimator,6383676a3491dc82d70f2db20cdafb942e5c588a
20260736,P3,position_drift,2.0 m final,L3,"AUC(faulted, matched-clean) folded to [0.5,1.0]",0.500000,L2a,True,0.012500,11.6975,INVALID,ground-truth regeneration (ADR-0033): fault never reached the estimator,6383676a3491dc82d70f2db20cdafb942e5c588a
20260736,P3,position_drift,2.0 m final,L6,"AUC(faulted, matched-clean) folded to [0.5,1.0]",0.500000,L2a,True,0.012500,11.6975,INVALID,ground-truth regeneration (ADR-0033): fault never reached the estimator,6383676a3491dc82d70f2db20cdafb942e5c588a
20260736,P3,position_drift,2.0 m final,L7,"AUC(faulted, matched-clean) folded to [0.5,1.0]",0.500000,L2a,True,0.012500,11.6975,INVALID,ground-truth regeneration (ADR-0033): fault never reached the estimator,6383676a3491dc82d70f2db20cdafb942e5c588a
20260736,P3,position_drift,2.0 m final,L8,"AUC(faulted, matched-clean) folded to [0.5,1.0]",0.500000,L2a,True,0.012500,11.6975,INVALID,ground-truth regeneration (ADR-0033): fault never reached the estimator,6383676a3491dc82d70f2db20cdafb942e5c588a
20260736,P3,speed_stuck,hold,L1,"AUC(faulted, matched-clean) folded to [0.5,1.0]",0.992500,L2a,True,0.012500,11.7157,VALID,,6383676a3491dc82d70f2db20cdafb942e5c588a
20260736,P3,speed_stuck,hold,L2a,"AUC(faulted, matched-clean) folded to [0.5,1.0]",0.550262,L2a,True,0.012500,11.7157,VALID,,6383676a3491dc82d70f2db20cdafb942e5c588a
20260736,P3,speed_stuck,hold,L2b,"AUC(faulted, matched-clean) folded to [0.5,1.0]",0.510163,L2a,True,0.012500,11.7157,VALID,,6383676a3491dc82d70f2db20cdafb942e5c588a
20260736,P3,speed_stuck,hold,L3,"AUC(faulted, matched-clean) folded to [0.5,1.0]",0.550212,L2a,True,0.012500,11.7157,VALID,,6383676a3491dc82d70f2db20cdafb942e5c588a
20260736,P3,speed_stuck,hold,L6,"AUC(faulted, matched-clean) folded to [0.5,1.0]",0.569462,L2a,True,0.012500,11.7157,VALID,,6383676a3491dc82d70f2db20cdafb942e5c588a
20260736,P3,speed_stuck,hold,L7,"AUC(faulted, matched-clean) folded to [0.5,1.0]",0.500000,L2a,True,0.012500,11.7157,VALID,,6383676a3491dc82d70f2db20cdafb942e5c588a
20260736,P3,speed_stuck,hold,L8,"AUC(faulted, matched-clean) folded to [0.5,1.0]",0.500000,L2a,True,0.012500,11.7157,VALID,,6383676a3491dc82d70f2db20cdafb942e5c588a
20260736,P3,speed_bias,3.0 m/s,L1,"AUC(faulted, matched-clean) folded to [0.5,1.0]",1.000000,L2a,False,0.012500,11.3284,VALID,,6383676a3491dc82d70f2db20cdafb942e5c588a
20260736,P3,speed_bias,3.0 m/s,L2a,"AUC(faulted, matched-clean) folded to [0.5,1.0]",0.510625,L2a,False,0.012500,11.3284,VALID,,6383676a3491dc82d70f2db20cdafb942e5c588a
20260736,P3,speed_bias,3.0 m/s,L2b,"AUC(faulted, matched-clean) folded to [0.5,1.0]",0.612575,L2a,False,0.012500,11.3284,VALID,,6383676a3491dc82d70f2db20cdafb942e5c588a
20260736,P3,speed_bias,3.0 m/s,L3,"AUC(faulted, matched-clean) folded to [0.5,1.0]",0.507200,L2a,False,0.012500,11.3284,VALID,,6383676a3491dc82d70f2db20cdafb942e5c588a
20260736,P3,speed_bias,3.0 m/s,L6,"AUC(faulted, matched-clean) folded to [0.5,1.0]",0.956425,L2a,False,0.012500,11.3284,VALID,,6383676a3491dc82d70f2db20cdafb942e5c588a
20260736,P3,speed_bias,3.0 m/s,L7,"AUC(faulted, matched-clean) folded to [0.5,1.0]",0.500000,L2a,False,0.012500,11.3284,VALID,,6383676a3491dc82d70f2db20cdafb942e5c588a
20260736,P3,speed_bias,3.0 m/s,L8,"AUC(faulted, matched-clean) folded to [0.5,1.0]",0.500000,L2a,False,0.012500,11.3284,VALID,,6383676a3491dc82d70f2db20cdafb942e5c588a
20260736,P3,lateral_noise,sigma x25,L1,"AUC(faulted, matched-clean) folded to [0.5,1.0]",0.999525,,False,0.307500,8.6642,VALID,,6383676a3491dc82d70f2db20cdafb942e5c588a
20260736,P3,lateral_noise,sigma x25,L2a,"AUC(faulted, matched-clean) folded to [0.5,1.0]",0.984125,,False,0.307500,8.6642,VALID,,6383676a3491dc82d70f2db20cdafb942e5c588a
20260736,P3,lateral_noise,sigma x25,L2b,"AUC(faulted, matched-clean) folded to [0.5,1.0]",0.903375,,False,0.307500,8.6642,VALID,,6383676a3491dc82d70f2db20cdafb942e5c588a
20260736,P3,lateral_noise,sigma x25,L3,"AUC(faulted, matched-clean) folded to [0.5,1.0]",0.984175,,False,0.307500,8.6642,VALID,,6383676a3491dc82d70f2db20cdafb942e5c588a
20260736,P3,lateral_noise,sigma x25,L6,"AUC(faulted, matched-clean) folded to [0.5,1.0]",0.984800,,False,0.307500,8.6642,VALID,,6383676a3491dc82d70f2db20cdafb942e5c588a
20260736,P3,lateral_noise,sigma x25,L7,"AUC(faulted, matched-clean) folded to [0.5,1.0]",0.795000,,False,0.307500,8.6642,VALID,,6383676a3491dc82d70f2db20cdafb942e5c588a
20260736,P3,lateral_noise,sigma x25,L8,"AUC(faulted, matched-clean) folded to [0.5,1.0]",0.905000,,False,0.307500,8.6642,VALID,,6383676a3491dc82d70f2db20cdafb942e5c588a
20260737,P3,imu_dropout,suppress IMU,L1,"AUC(faulted, matched-clean) folded to [0.5,1.0]",0.997500,L2a,False,0.010000,6.6735,VALID,,6383676a3491dc82d70f2db20cdafb942e5c588a
20260737,P3,imu_dropout,suppress IMU,L2a,"AUC(faulted, matched-clean) folded to [0.5,1.0]",0.584175,L2a,False,0.010000,6.6735,VALID,,6383676a3491dc82d70f2db20cdafb942e5c588a
20260737,P3,imu_dropout,suppress IMU,L2b,"AUC(faulted, matched-clean) folded to [0.5,1.0]",0.771050,L2a,False,0.010000,6.6735,VALID,,6383676a3491dc82d70f2db20cdafb942e5c588a
20260737,P3,imu_dropout,suppress IMU,L3,"AUC(faulted, matched-clean) folded to [0.5,1.0]",0.584175,L2a,False,0.010000,6.6735,VALID,,6383676a3491dc82d70f2db20cdafb942e5c588a
20260737,P3,imu_dropout,suppress IMU,L6,"AUC(faulted, matched-clean) folded to [0.5,1.0]",0.503300,L2a,False,0.010000,6.6735,VALID,,6383676a3491dc82d70f2db20cdafb942e5c588a
20260737,P3,imu_dropout,suppress IMU,L7,"AUC(faulted, matched-clean) folded to [0.5,1.0]",0.500000,L2a,False,0.010000,6.6735,VALID,,6383676a3491dc82d70f2db20cdafb942e5c588a
20260737,P3,imu_dropout,suppress IMU,L8,"AUC(faulted, matched-clean) folded to [0.5,1.0]",0.987500,L2a,False,0.010000,6.6735,VALID,,6383676a3491dc82d70f2db20cdafb942e5c588a
20260737,P3,position_bias,1.0 m,L1,"AUC(faulted, matched-clean) folded to [0.5,1.0]",1.000000,L2a,True,0.010000,11.6961,INVALID,ground-truth regeneration (ADR-0033): fault never reached the estimator,6383676a3491dc82d70f2db20cdafb942e5c588a
20260737,P3,position_bias,1.0 m,L2a,"AUC(faulted, matched-clean) folded to [0.5,1.0]",0.500000,L2a,True,0.010000,11.6961,INVALID,ground-truth regeneration (ADR-0033): fault never reached the estimator,6383676a3491dc82d70f2db20cdafb942e5c588a
20260737,P3,position_bias,1.0 m,L2b,"AUC(faulted, matched-clean) folded to [0.5,1.0]",0.500000,L2a,True,0.010000,11.6961,INVALID,ground-truth regeneration (ADR-0033): fault never reached the estimator,6383676a3491dc82d70f2db20cdafb942e5c588a
20260737,P3,position_bias,1.0 m,L3,"AUC(faulted, matched-clean) folded to [0.5,1.0]",0.500000,L2a,True,0.010000,11.6961,INVALID,ground-truth regeneration (ADR-0033): fault never reached the estimator,6383676a3491dc82d70f2db20cdafb942e5c588a
20260737,P3,position_bias,1.0 m,L6,"AUC(faulted, matched-clean) folded to [0.5,1.0]",0.500000,L2a,True,0.010000,11.6961,INVALID,ground-truth regeneration (ADR-0033): fault never reached the estimator,6383676a3491dc82d70f2db20cdafb942e5c588a
20260737,P3,position_bias,1.0 m,L7,"AUC(faulted, matched-clean) folded to [0.5,1.0]",0.500000,L2a,True,0.010000,11.6961,INVALID,ground-truth regeneration (ADR-0033): fault never reached the estimator,6383676a3491dc82d70f2db20cdafb942e5c588a
20260737,P3,position_bias,1.0 m,L8,"AUC(faulted, matched-clean) folded to [0.5,1.0]",0.500000,L2a,True,0.010000,11.6961,INVALID,ground-truth regeneration (ADR-0033): fault never reached the estimator,6383676a3491dc82d70f2db20cdafb942e5c588a
20260737,P3,position_drift,2.0 m final,L1,"AUC(faulted, matched-clean) folded to [0.5,1.0]",0.979888,L2a,True,0.010000,11.6961,INVALID,ground-truth regeneration (ADR-0033): fault never reached the estimator,6383676a3491dc82d70f2db20cdafb942e5c588a
20260737,P3,position_drift,2.0 m final,L2a,"AUC(faulted, matched-clean) folded to [0.5,1.0]",0.500000,L2a,True,0.010000,11.6961,INVALID,ground-truth regeneration (ADR-0033): fault never reached the estimator,6383676a3491dc82d70f2db20cdafb942e5c588a
20260737,P3,position_drift,2.0 m final,L2b,"AUC(faulted, matched-clean) folded to [0.5,1.0]",0.500000,L2a,True,0.010000,11.6961,INVALID,ground-truth regeneration (ADR-0033): fault never reached the estimator,6383676a3491dc82d70f2db20cdafb942e5c588a
20260737,P3,position_drift,2.0 m final,L3,"AUC(faulted, matched-clean) folded to [0.5,1.0]",0.500000,L2a,True,0.010000,11.6961,INVALID,ground-truth regeneration (ADR-0033): fault never reached the estimator,6383676a3491dc82d70f2db20cdafb942e5c588a
20260737,P3,position_drift,2.0 m final,L6,"AUC(faulted, matched-clean) folded to [0.5,1.0]",0.500000,L2a,True,0.010000,11.6961,INVALID,ground-truth regeneration (ADR-0033): fault never reached the estimator,6383676a3491dc82d70f2db20cdafb942e5c588a
20260737,P3,position_drift,2.0 m final,L7,"AUC(faulted, matched-clean) folded to [0.5,1.0]",0.500000,L2a,True,0.010000,11.6961,INVALID,ground-truth regeneration (ADR-0033): fault never reached the estimator,6383676a3491dc82d70f2db20cdafb942e5c588a
20260737,P3,position_drift,2.0 m final,L8,"AUC(faulted, matched-clean) folded to [0.5,1.0]",0.500000,L2a,True,0.010000,11.6961,INVALID,ground-truth regeneration (ADR-0033): fault never reached the estimator,6383676a3491dc82d70f2db20cdafb942e5c588a
20260737,P3,speed_stuck,hold,L1,"AUC(faulted, matched-clean) folded to [0.5,1.0]",0.977500,L2a,False,0.010000,11.7123,VALID,,6383676a3491dc82d70f2db20cdafb942e5c588a
20260737,P3,speed_stuck,hold,L2a,"AUC(faulted, matched-clean) folded to [0.5,1.0]",0.549588,L2a,False,0.010000,11.7123,VALID,,6383676a3491dc82d70f2db20cdafb942e5c588a
20260737,P3,speed_stuck,hold,L2b,"AUC(faulted, matched-clean) folded to [0.5,1.0]",0.503537,L2a,False,0.010000,11.7123,VALID,,6383676a3491dc82d70f2db20cdafb942e5c588a
20260737,P3,speed_stuck,hold,L3,"AUC(faulted, matched-clean) folded to [0.5,1.0]",0.546700,L2a,False,0.010000,11.7123,VALID,,6383676a3491dc82d70f2db20cdafb942e5c588a
20260737,P3,speed_stuck,hold,L6,"AUC(faulted, matched-clean) folded to [0.5,1.0]",0.627188,L2a,False,0.010000,11.7123,VALID,,6383676a3491dc82d70f2db20cdafb942e5c588a
20260737,P3,speed_stuck,hold,L7,"AUC(faulted, matched-clean) folded to [0.5,1.0]",0.500000,L2a,False,0.010000,11.7123,VALID,,6383676a3491dc82d70f2db20cdafb942e5c588a
20260737,P3,speed_stuck,hold,L8,"AUC(faulted, matched-clean) folded to [0.5,1.0]",0.500000,L2a,False,0.010000,11.7123,VALID,,6383676a3491dc82d70f2db20cdafb942e5c588a
20260737,P3,speed_bias,3.0 m/s,L1,"AUC(faulted, matched-clean) folded to [0.5,1.0]",1.000000,L2a,False,0.010000,11.3276,VALID,,6383676a3491dc82d70f2db20cdafb942e5c588a
20260737,P3,speed_bias,3.0 m/s,L2a,"AUC(faulted, matched-clean) folded to [0.5,1.0]",0.513575,L2a,False,0.010000,11.3276,VALID,,6383676a3491dc82d70f2db20cdafb942e5c588a
20260737,P3,speed_bias,3.0 m/s,L2b,"AUC(faulted, matched-clean) folded to [0.5,1.0]",0.615825,L2a,False,0.010000,11.3276,VALID,,6383676a3491dc82d70f2db20cdafb942e5c588a
20260737,P3,speed_bias,3.0 m/s,L3,"AUC(faulted, matched-clean) folded to [0.5,1.0]",0.510862,L2a,False,0.010000,11.3276,VALID,,6383676a3491dc82d70f2db20cdafb942e5c588a
20260737,P3,speed_bias,3.0 m/s,L6,"AUC(faulted, matched-clean) folded to [0.5,1.0]",0.971425,L2a,False,0.010000,11.3276,VALID,,6383676a3491dc82d70f2db20cdafb942e5c588a
20260737,P3,speed_bias,3.0 m/s,L7,"AUC(faulted, matched-clean) folded to [0.5,1.0]",0.500000,L2a,False,0.010000,11.3276,VALID,,6383676a3491dc82d70f2db20cdafb942e5c588a
20260737,P3,speed_bias,3.0 m/s,L8,"AUC(faulted, matched-clean) folded to [0.5,1.0]",0.500000,L2a,False,0.010000,11.3276,VALID,,6383676a3491dc82d70f2db20cdafb942e5c588a
20260737,P3,lateral_noise,sigma x25,L1,"AUC(faulted, matched-clean) folded to [0.5,1.0]",1.000000,,False,0.397500,8.6697,VALID,,6383676a3491dc82d70f2db20cdafb942e5c588a
20260737,P3,lateral_noise,sigma x25,L2a,"AUC(faulted, matched-clean) folded to [0.5,1.0]",0.982425,,False,0.397500,8.6697,VALID,,6383676a3491dc82d70f2db20cdafb942e5c588a
20260737,P3,lateral_noise,sigma x25,L2b,"AUC(faulted, matched-clean) folded to [0.5,1.0]",0.967213,,False,0.397500,8.6697,VALID,,6383676a3491dc82d70f2db20cdafb942e5c588a
20260737,P3,lateral_noise,sigma x25,L3,"AUC(faulted, matched-clean) folded to [0.5,1.0]",0.982463,,False,0.397500,8.6697,VALID,,6383676a3491dc82d70f2db20cdafb942e5c588a
20260737,P3,lateral_noise,sigma x25,L6,"AUC(faulted, matched-clean) folded to [0.5,1.0]",0.988725,,False,0.397500,8.6697,VALID,,6383676a3491dc82d70f2db20cdafb942e5c588a
20260737,P3,lateral_noise,sigma x25,L7,"AUC(faulted, matched-clean) folded to [0.5,1.0]",0.887500,,False,0.397500,8.6697,VALID,,6383676a3491dc82d70f2db20cdafb942e5c588a
20260737,P3,lateral_noise,sigma x25,L8,"AUC(faulted, matched-clean) folded to [0.5,1.0]",0.917500,,False,0.397500,8.6697,VALID,,6383676a3491dc82d70f2db20cdafb942e5c588a
20260738,P3,imu_dropout,suppress IMU,L1,"AUC(faulted, matched-clean) folded to [0.5,1.0]",0.997500,L7,False,0.007500,6.5385,VALID,,6383676a3491dc82d70f2db20cdafb942e5c588a
20260738,P3,imu_dropout,suppress IMU,L2a,"AUC(faulted, matched-clean) folded to [0.5,1.0]",0.799200,L7,False,0.007500,6.5385,VALID,,6383676a3491dc82d70f2db20cdafb942e5c588a
20260738,P3,imu_dropout,suppress IMU,L2b,"AUC(faulted, matched-clean) folded to [0.5,1.0]",0.639450,L7,False,0.007500,6.5385,VALID,,6383676a3491dc82d70f2db20cdafb942e5c588a
20260738,P3,imu_dropout,suppress IMU,L3,"AUC(faulted, matched-clean) folded to [0.5,1.0]",0.799013,L7,False,0.007500,6.5385,VALID,,6383676a3491dc82d70f2db20cdafb942e5c588a
20260738,P3,imu_dropout,suppress IMU,L6,"AUC(faulted, matched-clean) folded to [0.5,1.0]",0.786300,L7,False,0.007500,6.5385,VALID,,6383676a3491dc82d70f2db20cdafb942e5c588a
20260738,P3,imu_dropout,suppress IMU,L7,"AUC(faulted, matched-clean) folded to [0.5,1.0]",0.500000,L7,False,0.007500,6.5385,VALID,,6383676a3491dc82d70f2db20cdafb942e5c588a
20260738,P3,imu_dropout,suppress IMU,L8,"AUC(faulted, matched-clean) folded to [0.5,1.0]",0.987500,L7,False,0.007500,6.5385,VALID,,6383676a3491dc82d70f2db20cdafb942e5c588a
20260738,P3,position_bias,1.0 m,L1,"AUC(faulted, matched-clean) folded to [0.5,1.0]",1.000000,L2a,True,0.007500,11.5370,INVALID,ground-truth regeneration (ADR-0033): fault never reached the estimator,6383676a3491dc82d70f2db20cdafb942e5c588a
20260738,P3,position_bias,1.0 m,L2a,"AUC(faulted, matched-clean) folded to [0.5,1.0]",0.500000,L2a,True,0.007500,11.5370,INVALID,ground-truth regeneration (ADR-0033): fault never reached the estimator,6383676a3491dc82d70f2db20cdafb942e5c588a
20260738,P3,position_bias,1.0 m,L2b,"AUC(faulted, matched-clean) folded to [0.5,1.0]",0.500000,L2a,True,0.007500,11.5370,INVALID,ground-truth regeneration (ADR-0033): fault never reached the estimator,6383676a3491dc82d70f2db20cdafb942e5c588a
20260738,P3,position_bias,1.0 m,L3,"AUC(faulted, matched-clean) folded to [0.5,1.0]",0.500000,L2a,True,0.007500,11.5370,INVALID,ground-truth regeneration (ADR-0033): fault never reached the estimator,6383676a3491dc82d70f2db20cdafb942e5c588a
20260738,P3,position_bias,1.0 m,L6,"AUC(faulted, matched-clean) folded to [0.5,1.0]",0.500000,L2a,True,0.007500,11.5370,INVALID,ground-truth regeneration (ADR-0033): fault never reached the estimator,6383676a3491dc82d70f2db20cdafb942e5c588a
20260738,P3,position_bias,1.0 m,L7,"AUC(faulted, matched-clean) folded to [0.5,1.0]",0.500000,L2a,True,0.007500,11.5370,INVALID,ground-truth regeneration (ADR-0033): fault never reached the estimator,6383676a3491dc82d70f2db20cdafb942e5c588a
20260738,P3,position_bias,1.0 m,L8,"AUC(faulted, matched-clean) folded to [0.5,1.0]",0.500000,L2a,True,0.007500,11.5370,INVALID,ground-truth regeneration (ADR-0033): fault never reached the estimator,6383676a3491dc82d70f2db20cdafb942e5c588a
20260738,P3,position_drift,2.0 m final,L1,"AUC(faulted, matched-clean) folded to [0.5,1.0]",0.982812,L2a,True,0.007500,11.5370,INVALID,ground-truth regeneration (ADR-0033): fault never reached the estimator,6383676a3491dc82d70f2db20cdafb942e5c588a
20260738,P3,position_drift,2.0 m final,L2a,"AUC(faulted, matched-clean) folded to [0.5,1.0]",0.500000,L2a,True,0.007500,11.5370,INVALID,ground-truth regeneration (ADR-0033): fault never reached the estimator,6383676a3491dc82d70f2db20cdafb942e5c588a
20260738,P3,position_drift,2.0 m final,L2b,"AUC(faulted, matched-clean) folded to [0.5,1.0]",0.500000,L2a,True,0.007500,11.5370,INVALID,ground-truth regeneration (ADR-0033): fault never reached the estimator,6383676a3491dc82d70f2db20cdafb942e5c588a
20260738,P3,position_drift,2.0 m final,L3,"AUC(faulted, matched-clean) folded to [0.5,1.0]",0.500000,L2a,True,0.007500,11.5370,INVALID,ground-truth regeneration (ADR-0033): fault never reached the estimator,6383676a3491dc82d70f2db20cdafb942e5c588a
20260738,P3,position_drift,2.0 m final,L6,"AUC(faulted, matched-clean) folded to [0.5,1.0]",0.500000,L2a,True,0.007500,11.5370,INVALID,ground-truth regeneration (ADR-0033): fault never reached the estimator,6383676a3491dc82d70f2db20cdafb942e5c588a
20260738,P3,position_drift,2.0 m final,L7,"AUC(faulted, matched-clean) folded to [0.5,1.0]",0.500000,L2a,True,0.007500,11.5370,INVALID,ground-truth regeneration (ADR-0033): fault never reached the estimator,6383676a3491dc82d70f2db20cdafb942e5c588a
20260738,P3,position_drift,2.0 m final,L8,"AUC(faulted, matched-clean) folded to [0.5,1.0]",0.500000,L2a,True,0.007500,11.5370,INVALID,ground-truth regeneration (ADR-0033): fault never reached the estimator,6383676a3491dc82d70f2db20cdafb942e5c588a
20260738,P3,speed_stuck,hold,L1,"AUC(faulted, matched-clean) folded to [0.5,1.0]",0.967500,L2a,True,0.007500,11.5532,VALID,,6383676a3491dc82d70f2db20cdafb942e5c588a
20260738,P3,speed_stuck,hold,L2a,"AUC(faulted, matched-clean) folded to [0.5,1.0]",0.548463,L2a,True,0.007500,11.5532,VALID,,6383676a3491dc82d70f2db20cdafb942e5c588a
20260738,P3,speed_stuck,hold,L2b,"AUC(faulted, matched-clean) folded to [0.5,1.0]",0.500112,L2a,True,0.007500,11.5532,VALID,,6383676a3491dc82d70f2db20cdafb942e5c588a
20260738,P3,speed_stuck,hold,L3,"AUC(faulted, matched-clean) folded to [0.5,1.0]",0.548325,L2a,True,0.007500,11.5532,VALID,,6383676a3491dc82d70f2db20cdafb942e5c588a
20260738,P3,speed_stuck,hold,L6,"AUC(faulted, matched-clean) folded to [0.5,1.0]",0.571213,L2a,True,0.007500,11.5532,VALID,,6383676a3491dc82d70f2db20cdafb942e5c588a
20260738,P3,speed_stuck,hold,L7,"AUC(faulted, matched-clean) folded to [0.5,1.0]",0.500000,L2a,True,0.007500,11.5532,VALID,,6383676a3491dc82d70f2db20cdafb942e5c588a
20260738,P3,speed_stuck,hold,L8,"AUC(faulted, matched-clean) folded to [0.5,1.0]",0.500000,L2a,True,0.007500,11.5532,VALID,,6383676a3491dc82d70f2db20cdafb942e5c588a
20260738,P3,speed_bias,3.0 m/s,L1,"AUC(faulted, matched-clean) folded to [0.5,1.0]",1.000000,L2a,False,0.007500,11.1798,VALID,,6383676a3491dc82d70f2db20cdafb942e5c588a
20260738,P3,speed_bias,3.0 m/s,L2a,"AUC(faulted, matched-clean) folded to [0.5,1.0]",0.514275,L2a,False,0.007500,11.1798,VALID,,6383676a3491dc82d70f2db20cdafb942e5c588a
20260738,P3,speed_bias,3.0 m/s,L2b,"AUC(faulted, matched-clean) folded to [0.5,1.0]",0.543625,L2a,False,0.007500,11.1798,VALID,,6383676a3491dc82d70f2db20cdafb942e5c588a
20260738,P3,speed_bias,3.0 m/s,L3,"AUC(faulted, matched-clean) folded to [0.5,1.0]",0.508675,L2a,False,0.007500,11.1798,VALID,,6383676a3491dc82d70f2db20cdafb942e5c588a
20260738,P3,speed_bias,3.0 m/s,L6,"AUC(faulted, matched-clean) folded to [0.5,1.0]",0.963425,L2a,False,0.007500,11.1798,VALID,,6383676a3491dc82d70f2db20cdafb942e5c588a
20260738,P3,speed_bias,3.0 m/s,L7,"AUC(faulted, matched-clean) folded to [0.5,1.0]",0.500000,L2a,False,0.007500,11.1798,VALID,,6383676a3491dc82d70f2db20cdafb942e5c588a
20260738,P3,speed_bias,3.0 m/s,L8,"AUC(faulted, matched-clean) folded to [0.5,1.0]",0.500000,L2a,False,0.007500,11.1798,VALID,,6383676a3491dc82d70f2db20cdafb942e5c588a
20260738,P3,lateral_noise,sigma x25,L1,"AUC(faulted, matched-clean) folded to [0.5,1.0]",1.000000,,False,0.470000,8.3770,VALID,,6383676a3491dc82d70f2db20cdafb942e5c588a
20260738,P3,lateral_noise,sigma x25,L2a,"AUC(faulted, matched-clean) folded to [0.5,1.0]",0.966275,,False,0.470000,8.3770,VALID,,6383676a3491dc82d70f2db20cdafb942e5c588a
20260738,P3,lateral_noise,sigma x25,L2b,"AUC(faulted, matched-clean) folded to [0.5,1.0]",0.950462,,False,0.470000,8.3770,VALID,,6383676a3491dc82d70f2db20cdafb942e5c588a
20260738,P3,lateral_noise,sigma x25,L3,"AUC(faulted, matched-clean) folded to [0.5,1.0]",0.966487,,False,0.470000,8.3770,VALID,,6383676a3491dc82d70f2db20cdafb942e5c588a
20260738,P3,lateral_noise,sigma x25,L6,"AUC(faulted, matched-clean) folded to [0.5,1.0]",0.998800,,False,0.470000,8.3770,VALID,,6383676a3491dc82d70f2db20cdafb942e5c588a
20260738,P3,lateral_noise,sigma x25,L7,"AUC(faulted, matched-clean) folded to [0.5,1.0]",0.962500,,False,0.470000,8.3770,VALID,,6383676a3491dc82d70f2db20cdafb942e5c588a
20260738,P3,lateral_noise,sigma x25,L8,"AUC(faulted, matched-clean) folded to [0.5,1.0]",0.977500,,False,0.470000,8.3770,VALID,,6383676a3491dc82d70f2db20cdafb942e5c588a
20260739,P3,imu_dropout,suppress IMU,L1,"AUC(faulted, matched-clean) folded to [0.5,1.0]",0.997500,L2a,False,0.000000,8.2763,VALID,,6383676a3491dc82d70f2db20cdafb942e5c588a
20260739,P3,imu_dropout,suppress IMU,L2a,"AUC(faulted, matched-clean) folded to [0.5,1.0]",0.560375,L2a,False,0.000000,8.2763,VALID,,6383676a3491dc82d70f2db20cdafb942e5c588a
20260739,P3,imu_dropout,suppress IMU,L2b,"AUC(faulted, matched-clean) folded to [0.5,1.0]",0.639800,L2a,False,0.000000,8.2763,VALID,,6383676a3491dc82d70f2db20cdafb942e5c588a
20260739,P3,imu_dropout,suppress IMU,L3,"AUC(faulted, matched-clean) folded to [0.5,1.0]",0.559688,L2a,False,0.000000,8.2763,VALID,,6383676a3491dc82d70f2db20cdafb942e5c588a
20260739,P3,imu_dropout,suppress IMU,L6,"AUC(faulted, matched-clean) folded to [0.5,1.0]",0.507750,L2a,False,0.000000,8.2763,VALID,,6383676a3491dc82d70f2db20cdafb942e5c588a
20260739,P3,imu_dropout,suppress IMU,L7,"AUC(faulted, matched-clean) folded to [0.5,1.0]",0.500000,L2a,False,0.000000,8.2763,VALID,,6383676a3491dc82d70f2db20cdafb942e5c588a
20260739,P3,imu_dropout,suppress IMU,L8,"AUC(faulted, matched-clean) folded to [0.5,1.0]",0.987500,L2a,False,0.000000,8.2763,VALID,,6383676a3491dc82d70f2db20cdafb942e5c588a
20260739,P3,position_bias,1.0 m,L1,"AUC(faulted, matched-clean) folded to [0.5,1.0]",1.000000,L2a,True,0.000000,13.8885,INVALID,ground-truth regeneration (ADR-0033): fault never reached the estimator,6383676a3491dc82d70f2db20cdafb942e5c588a
20260739,P3,position_bias,1.0 m,L2a,"AUC(faulted, matched-clean) folded to [0.5,1.0]",0.500000,L2a,True,0.000000,13.8885,INVALID,ground-truth regeneration (ADR-0033): fault never reached the estimator,6383676a3491dc82d70f2db20cdafb942e5c588a
20260739,P3,position_bias,1.0 m,L2b,"AUC(faulted, matched-clean) folded to [0.5,1.0]",0.500000,L2a,True,0.000000,13.8885,INVALID,ground-truth regeneration (ADR-0033): fault never reached the estimator,6383676a3491dc82d70f2db20cdafb942e5c588a
20260739,P3,position_bias,1.0 m,L3,"AUC(faulted, matched-clean) folded to [0.5,1.0]",0.500000,L2a,True,0.000000,13.8885,INVALID,ground-truth regeneration (ADR-0033): fault never reached the estimator,6383676a3491dc82d70f2db20cdafb942e5c588a
20260739,P3,position_bias,1.0 m,L6,"AUC(faulted, matched-clean) folded to [0.5,1.0]",0.500000,L2a,True,0.000000,13.8885,INVALID,ground-truth regeneration (ADR-0033): fault never reached the estimator,6383676a3491dc82d70f2db20cdafb942e5c588a
20260739,P3,position_bias,1.0 m,L7,"AUC(faulted, matched-clean) folded to [0.5,1.0]",0.500000,L2a,True,0.000000,13.8885,INVALID,ground-truth regeneration (ADR-0033): fault never reached the estimator,6383676a3491dc82d70f2db20cdafb942e5c588a
20260739,P3,position_bias,1.0 m,L8,"AUC(faulted, matched-clean) folded to [0.5,1.0]",0.500000,L2a,True,0.000000,13.8885,INVALID,ground-truth regeneration (ADR-0033): fault never reached the estimator,6383676a3491dc82d70f2db20cdafb942e5c588a
20260739,P3,position_drift,2.0 m final,L1,"AUC(faulted, matched-clean) folded to [0.5,1.0]",0.964087,L2a,True,0.000000,13.8885,INVALID,ground-truth regeneration (ADR-0033): fault never reached the estimator,6383676a3491dc82d70f2db20cdafb942e5c588a
20260739,P3,position_drift,2.0 m final,L2a,"AUC(faulted, matched-clean) folded to [0.5,1.0]",0.500000,L2a,True,0.000000,13.8885,INVALID,ground-truth regeneration (ADR-0033): fault never reached the estimator,6383676a3491dc82d70f2db20cdafb942e5c588a
20260739,P3,position_drift,2.0 m final,L2b,"AUC(faulted, matched-clean) folded to [0.5,1.0]",0.500000,L2a,True,0.000000,13.8885,INVALID,ground-truth regeneration (ADR-0033): fault never reached the estimator,6383676a3491dc82d70f2db20cdafb942e5c588a
20260739,P3,position_drift,2.0 m final,L3,"AUC(faulted, matched-clean) folded to [0.5,1.0]",0.500000,L2a,True,0.000000,13.8885,INVALID,ground-truth regeneration (ADR-0033): fault never reached the estimator,6383676a3491dc82d70f2db20cdafb942e5c588a
20260739,P3,position_drift,2.0 m final,L6,"AUC(faulted, matched-clean) folded to [0.5,1.0]",0.500000,L2a,True,0.000000,13.8885,INVALID,ground-truth regeneration (ADR-0033): fault never reached the estimator,6383676a3491dc82d70f2db20cdafb942e5c588a
20260739,P3,position_drift,2.0 m final,L7,"AUC(faulted, matched-clean) folded to [0.5,1.0]",0.500000,L2a,True,0.000000,13.8885,INVALID,ground-truth regeneration (ADR-0033): fault never reached the estimator,6383676a3491dc82d70f2db20cdafb942e5c588a
20260739,P3,position_drift,2.0 m final,L8,"AUC(faulted, matched-clean) folded to [0.5,1.0]",0.500000,L2a,True,0.000000,13.8885,INVALID,ground-truth regeneration (ADR-0033): fault never reached the estimator,6383676a3491dc82d70f2db20cdafb942e5c588a
20260739,P3,speed_stuck,hold,L1,"AUC(faulted, matched-clean) folded to [0.5,1.0]",0.997500,L2a,False,0.000000,13.8520,VALID,,6383676a3491dc82d70f2db20cdafb942e5c588a
20260739,P3,speed_stuck,hold,L2a,"AUC(faulted, matched-clean) folded to [0.5,1.0]",0.568412,L2a,False,0.000000,13.8520,VALID,,6383676a3491dc82d70f2db20cdafb942e5c588a
20260739,P3,speed_stuck,hold,L2b,"AUC(faulted, matched-clean) folded to [0.5,1.0]",0.584438,L2a,False,0.000000,13.8520,VALID,,6383676a3491dc82d70f2db20cdafb942e5c588a
20260739,P3,speed_stuck,hold,L3,"AUC(faulted, matched-clean) folded to [0.5,1.0]",0.569775,L2a,False,0.000000,13.8520,VALID,,6383676a3491dc82d70f2db20cdafb942e5c588a
20260739,P3,speed_stuck,hold,L6,"AUC(faulted, matched-clean) folded to [0.5,1.0]",0.663188,L2a,False,0.000000,13.8520,VALID,,6383676a3491dc82d70f2db20cdafb942e5c588a
20260739,P3,speed_stuck,hold,L7,"AUC(faulted, matched-clean) folded to [0.5,1.0]",0.500000,L2a,False,0.000000,13.8520,VALID,,6383676a3491dc82d70f2db20cdafb942e5c588a
20260739,P3,speed_stuck,hold,L8,"AUC(faulted, matched-clean) folded to [0.5,1.0]",0.500000,L2a,False,0.000000,13.8520,VALID,,6383676a3491dc82d70f2db20cdafb942e5c588a
20260739,P3,speed_bias,3.0 m/s,L1,"AUC(faulted, matched-clean) folded to [0.5,1.0]",1.000000,L2a,False,0.000000,13.4214,VALID,,6383676a3491dc82d70f2db20cdafb942e5c588a
20260739,P3,speed_bias,3.0 m/s,L2a,"AUC(faulted, matched-clean) folded to [0.5,1.0]",0.543225,L2a,False,0.000000,13.4214,VALID,,6383676a3491dc82d70f2db20cdafb942e5c588a
20260739,P3,speed_bias,3.0 m/s,L2b,"AUC(faulted, matched-clean) folded to [0.5,1.0]",0.861325,L2a,False,0.000000,13.4214,VALID,,6383676a3491dc82d70f2db20cdafb942e5c588a
20260739,P3,speed_bias,3.0 m/s,L3,"AUC(faulted, matched-clean) folded to [0.5,1.0]",0.538200,L2a,False,0.000000,13.4214,VALID,,6383676a3491dc82d70f2db20cdafb942e5c588a
20260739,P3,speed_bias,3.0 m/s,L6,"AUC(faulted, matched-clean) folded to [0.5,1.0]",0.604500,L2a,False,0.000000,13.4214,VALID,,6383676a3491dc82d70f2db20cdafb942e5c588a
20260739,P3,speed_bias,3.0 m/s,L7,"AUC(faulted, matched-clean) folded to [0.5,1.0]",0.500000,L2a,False,0.000000,13.4214,VALID,,6383676a3491dc82d70f2db20cdafb942e5c588a
20260739,P3,speed_bias,3.0 m/s,L8,"AUC(faulted, matched-clean) folded to [0.5,1.0]",0.500000,L2a,False,0.000000,13.4214,VALID,,6383676a3491dc82d70f2db20cdafb942e5c588a
20260739,P3,lateral_noise,sigma x25,L1,"AUC(faulted, matched-clean) folded to [0.5,1.0]",1.000000,L8,True,0.197500,12.8427,VALID,,6383676a3491dc82d70f2db20cdafb942e5c588a
20260739,P3,lateral_noise,sigma x25,L2a,"AUC(faulted, matched-clean) folded to [0.5,1.0]",0.966000,L8,True,0.197500,12.8427,VALID,,6383676a3491dc82d70f2db20cdafb942e5c588a
20260739,P3,lateral_noise,sigma x25,L2b,"AUC(faulted, matched-clean) folded to [0.5,1.0]",0.752938,L8,True,0.197500,12.8427,VALID,,6383676a3491dc82d70f2db20cdafb942e5c588a
20260739,P3,lateral_noise,sigma x25,L3,"AUC(faulted, matched-clean) folded to [0.5,1.0]",0.966100,L8,True,0.197500,12.8427,VALID,,6383676a3491dc82d70f2db20cdafb942e5c588a
20260739,P3,lateral_noise,sigma x25,L6,"AUC(faulted, matched-clean) folded to [0.5,1.0]",0.947800,L8,True,0.197500,12.8427,VALID,,6383676a3491dc82d70f2db20cdafb942e5c588a
20260739,P3,lateral_noise,sigma x25,L7,"AUC(faulted, matched-clean) folded to [0.5,1.0]",0.697500,L8,True,0.197500,12.8427,VALID,,6383676a3491dc82d70f2db20cdafb942e5c588a
20260739,P3,lateral_noise,sigma x25,L8,"AUC(faulted, matched-clean) folded to [0.5,1.0]",0.537500,L8,True,0.197500,12.8427,VALID,,6383676a3491dc82d70f2db20cdafb942e5c588a
20260740,P3,imu_dropout,suppress IMU,L1,"AUC(faulted, matched-clean) folded to [0.5,1.0]",0.997500,L6,False,0.002500,6.4670,VALID,,6383676a3491dc82d70f2db20cdafb942e5c588a
20260740,P3,imu_dropout,suppress IMU,L2a,"AUC(faulted, matched-clean) folded to [0.5,1.0]",0.640300,L6,False,0.002500,6.4670,VALID,,6383676a3491dc82d70f2db20cdafb942e5c588a
20260740,P3,imu_dropout,suppress IMU,L2b,"AUC(faulted, matched-clean) folded to [0.5,1.0]",0.872875,L6,False,0.002500,6.4670,VALID,,6383676a3491dc82d70f2db20cdafb942e5c588a
20260740,P3,imu_dropout,suppress IMU,L3,"AUC(faulted, matched-clean) folded to [0.5,1.0]",0.640375,L6,False,0.002500,6.4670,VALID,,6383676a3491dc82d70f2db20cdafb942e5c588a
20260740,P3,imu_dropout,suppress IMU,L6,"AUC(faulted, matched-clean) folded to [0.5,1.0]",0.584675,L6,False,0.002500,6.4670,VALID,,6383676a3491dc82d70f2db20cdafb942e5c588a
20260740,P3,imu_dropout,suppress IMU,L7,"AUC(faulted, matched-clean) folded to [0.5,1.0]",0.500000,L6,False,0.002500,6.4670,VALID,,6383676a3491dc82d70f2db20cdafb942e5c588a
20260740,P3,imu_dropout,suppress IMU,L8,"AUC(faulted, matched-clean) folded to [0.5,1.0]",0.987500,L6,False,0.002500,6.4670,VALID,,6383676a3491dc82d70f2db20cdafb942e5c588a
20260740,P3,position_bias,1.0 m,L1,"AUC(faulted, matched-clean) folded to [0.5,1.0]",1.000000,L2a,True,0.002500,11.4140,INVALID,ground-truth regeneration (ADR-0033): fault never reached the estimator,6383676a3491dc82d70f2db20cdafb942e5c588a
20260740,P3,position_bias,1.0 m,L2a,"AUC(faulted, matched-clean) folded to [0.5,1.0]",0.500000,L2a,True,0.002500,11.4140,INVALID,ground-truth regeneration (ADR-0033): fault never reached the estimator,6383676a3491dc82d70f2db20cdafb942e5c588a
20260740,P3,position_bias,1.0 m,L2b,"AUC(faulted, matched-clean) folded to [0.5,1.0]",0.500000,L2a,True,0.002500,11.4140,INVALID,ground-truth regeneration (ADR-0033): fault never reached the estimator,6383676a3491dc82d70f2db20cdafb942e5c588a
20260740,P3,position_bias,1.0 m,L3,"AUC(faulted, matched-clean) folded to [0.5,1.0]",0.500000,L2a,True,0.002500,11.4140,INVALID,ground-truth regeneration (ADR-0033): fault never reached the estimator,6383676a3491dc82d70f2db20cdafb942e5c588a
20260740,P3,position_bias,1.0 m,L6,"AUC(faulted, matched-clean) folded to [0.5,1.0]",0.500000,L2a,True,0.002500,11.4140,INVALID,ground-truth regeneration (ADR-0033): fault never reached the estimator,6383676a3491dc82d70f2db20cdafb942e5c588a
20260740,P3,position_bias,1.0 m,L7,"AUC(faulted, matched-clean) folded to [0.5,1.0]",0.500000,L2a,True,0.002500,11.4140,INVALID,ground-truth regeneration (ADR-0033): fault never reached the estimator,6383676a3491dc82d70f2db20cdafb942e5c588a
20260740,P3,position_bias,1.0 m,L8,"AUC(faulted, matched-clean) folded to [0.5,1.0]",0.500000,L2a,True,0.002500,11.4140,INVALID,ground-truth regeneration (ADR-0033): fault never reached the estimator,6383676a3491dc82d70f2db20cdafb942e5c588a
20260740,P3,position_drift,2.0 m final,L1,"AUC(faulted, matched-clean) folded to [0.5,1.0]",0.970788,L2a,True,0.002500,11.4140,INVALID,ground-truth regeneration (ADR-0033): fault never reached the estimator,6383676a3491dc82d70f2db20cdafb942e5c588a
20260740,P3,position_drift,2.0 m final,L2a,"AUC(faulted, matched-clean) folded to [0.5,1.0]",0.500000,L2a,True,0.002500,11.4140,INVALID,ground-truth regeneration (ADR-0033): fault never reached the estimator,6383676a3491dc82d70f2db20cdafb942e5c588a
20260740,P3,position_drift,2.0 m final,L2b,"AUC(faulted, matched-clean) folded to [0.5,1.0]",0.500000,L2a,True,0.002500,11.4140,INVALID,ground-truth regeneration (ADR-0033): fault never reached the estimator,6383676a3491dc82d70f2db20cdafb942e5c588a
20260740,P3,position_drift,2.0 m final,L3,"AUC(faulted, matched-clean) folded to [0.5,1.0]",0.500000,L2a,True,0.002500,11.4140,INVALID,ground-truth regeneration (ADR-0033): fault never reached the estimator,6383676a3491dc82d70f2db20cdafb942e5c588a
20260740,P3,position_drift,2.0 m final,L6,"AUC(faulted, matched-clean) folded to [0.5,1.0]",0.500000,L2a,True,0.002500,11.4140,INVALID,ground-truth regeneration (ADR-0033): fault never reached the estimator,6383676a3491dc82d70f2db20cdafb942e5c588a
20260740,P3,position_drift,2.0 m final,L7,"AUC(faulted, matched-clean) folded to [0.5,1.0]",0.500000,L2a,True,0.002500,11.4140,INVALID,ground-truth regeneration (ADR-0033): fault never reached the estimator,6383676a3491dc82d70f2db20cdafb942e5c588a
20260740,P3,position_drift,2.0 m final,L8,"AUC(faulted, matched-clean) folded to [0.5,1.0]",0.500000,L2a,True,0.002500,11.4140,INVALID,ground-truth regeneration (ADR-0033): fault never reached the estimator,6383676a3491dc82d70f2db20cdafb942e5c588a
20260740,P3,speed_stuck,hold,L1,"AUC(faulted, matched-clean) folded to [0.5,1.0]",0.997500,L2a,False,0.002500,11.4334,VALID,,6383676a3491dc82d70f2db20cdafb942e5c588a
20260740,P3,speed_stuck,hold,L2a,"AUC(faulted, matched-clean) folded to [0.5,1.0]",0.561087,L2a,False,0.002500,11.4334,VALID,,6383676a3491dc82d70f2db20cdafb942e5c588a
20260740,P3,speed_stuck,hold,L2b,"AUC(faulted, matched-clean) folded to [0.5,1.0]",0.502862,L2a,False,0.002500,11.4334,VALID,,6383676a3491dc82d70f2db20cdafb942e5c588a
20260740,P3,speed_stuck,hold,L3,"AUC(faulted, matched-clean) folded to [0.5,1.0]",0.557462,L2a,False,0.002500,11.4334,VALID,,6383676a3491dc82d70f2db20cdafb942e5c588a
20260740,P3,speed_stuck,hold,L6,"AUC(faulted, matched-clean) folded to [0.5,1.0]",0.632563,L2a,False,0.002500,11.4334,VALID,,6383676a3491dc82d70f2db20cdafb942e5c588a
20260740,P3,speed_stuck,hold,L7,"AUC(faulted, matched-clean) folded to [0.5,1.0]",0.500000,L2a,False,0.002500,11.4334,VALID,,6383676a3491dc82d70f2db20cdafb942e5c588a
20260740,P3,speed_stuck,hold,L8,"AUC(faulted, matched-clean) folded to [0.5,1.0]",0.500000,L2a,False,0.002500,11.4334,VALID,,6383676a3491dc82d70f2db20cdafb942e5c588a
20260740,P3,speed_bias,3.0 m/s,L1,"AUC(faulted, matched-clean) folded to [0.5,1.0]",1.000000,L2a,False,0.002500,11.0564,VALID,,6383676a3491dc82d70f2db20cdafb942e5c588a
20260740,P3,speed_bias,3.0 m/s,L2a,"AUC(faulted, matched-clean) folded to [0.5,1.0]",0.511075,L2a,False,0.002500,11.0564,VALID,,6383676a3491dc82d70f2db20cdafb942e5c588a
20260740,P3,speed_bias,3.0 m/s,L2b,"AUC(faulted, matched-clean) folded to [0.5,1.0]",0.568550,L2a,False,0.002500,11.0564,VALID,,6383676a3491dc82d70f2db20cdafb942e5c588a
20260740,P3,speed_bias,3.0 m/s,L3,"AUC(faulted, matched-clean) folded to [0.5,1.0]",0.506825,L2a,False,0.002500,11.0564,VALID,,6383676a3491dc82d70f2db20cdafb942e5c588a
20260740,P3,speed_bias,3.0 m/s,L6,"AUC(faulted, matched-clean) folded to [0.5,1.0]",0.962475,L2a,False,0.002500,11.0564,VALID,,6383676a3491dc82d70f2db20cdafb942e5c588a
20260740,P3,speed_bias,3.0 m/s,L7,"AUC(faulted, matched-clean) folded to [0.5,1.0]",0.500000,L2a,False,0.002500,11.0564,VALID,,6383676a3491dc82d70f2db20cdafb942e5c588a
20260740,P3,speed_bias,3.0 m/s,L8,"AUC(faulted, matched-clean) folded to [0.5,1.0]",0.500000,L2a,False,0.002500,11.0564,VALID,,6383676a3491dc82d70f2db20cdafb942e5c588a
20260740,P3,lateral_noise,sigma x25,L1,"AUC(faulted, matched-clean) folded to [0.5,1.0]",0.999325,L8,True,0.187500,10.1700,VALID,,6383676a3491dc82d70f2db20cdafb942e5c588a
20260740,P3,lateral_noise,sigma x25,L2a,"AUC(faulted, matched-clean) folded to [0.5,1.0]",0.979925,L8,True,0.187500,10.1700,VALID,,6383676a3491dc82d70f2db20cdafb942e5c588a
20260740,P3,lateral_noise,sigma x25,L2b,"AUC(faulted, matched-clean) folded to [0.5,1.0]",0.898875,L8,True,0.187500,10.1700,VALID,,6383676a3491dc82d70f2db20cdafb942e5c588a
20260740,P3,lateral_noise,sigma x25,L3,"AUC(faulted, matched-clean) folded to [0.5,1.0]",0.980163,L8,True,0.187500,10.1700,VALID,,6383676a3491dc82d70f2db20cdafb942e5c588a
20260740,P3,lateral_noise,sigma x25,L6,"AUC(faulted, matched-clean) folded to [0.5,1.0]",0.992475,L8,True,0.187500,10.1700,VALID,,6383676a3491dc82d70f2db20cdafb942e5c588a
20260740,P3,lateral_noise,sigma x25,L7,"AUC(faulted, matched-clean) folded to [0.5,1.0]",0.685000,L8,True,0.187500,10.1700,VALID,,6383676a3491dc82d70f2db20cdafb942e5c588a
20260740,P3,lateral_noise,sigma x25,L8,"AUC(faulted, matched-clean) folded to [0.5,1.0]",0.500000,L8,True,0.187500,10.1700,VALID,,6383676a3491dc82d70f2db20cdafb942e5c588a
20260741,P3,imu_dropout,suppress IMU,L1,"AUC(faulted, matched-clean) folded to [0.5,1.0]",0.997500,L6,False,0.002500,6.4318,VALID,,6383676a3491dc82d70f2db20cdafb942e5c588a
20260741,P3,imu_dropout,suppress IMU,L2a,"AUC(faulted, matched-clean) folded to [0.5,1.0]",0.793550,L6,False,0.002500,6.4318,VALID,,6383676a3491dc82d70f2db20cdafb942e5c588a
20260741,P3,imu_dropout,suppress IMU,L2b,"AUC(faulted, matched-clean) folded to [0.5,1.0]",0.959950,L6,False,0.002500,6.4318,VALID,,6383676a3491dc82d70f2db20cdafb942e5c588a
20260741,P3,imu_dropout,suppress IMU,L3,"AUC(faulted, matched-clean) folded to [0.5,1.0]",0.793600,L6,False,0.002500,6.4318,VALID,,6383676a3491dc82d70f2db20cdafb942e5c588a
20260741,P3,imu_dropout,suppress IMU,L6,"AUC(faulted, matched-clean) folded to [0.5,1.0]",0.555300,L6,False,0.002500,6.4318,VALID,,6383676a3491dc82d70f2db20cdafb942e5c588a
20260741,P3,imu_dropout,suppress IMU,L7,"AUC(faulted, matched-clean) folded to [0.5,1.0]",0.500000,L6,False,0.002500,6.4318,VALID,,6383676a3491dc82d70f2db20cdafb942e5c588a
20260741,P3,imu_dropout,suppress IMU,L8,"AUC(faulted, matched-clean) folded to [0.5,1.0]",0.987500,L6,False,0.002500,6.4318,VALID,,6383676a3491dc82d70f2db20cdafb942e5c588a
20260741,P3,position_bias,1.0 m,L1,"AUC(faulted, matched-clean) folded to [0.5,1.0]",1.000000,L2a,True,0.002500,11.3721,INVALID,ground-truth regeneration (ADR-0033): fault never reached the estimator,6383676a3491dc82d70f2db20cdafb942e5c588a
20260741,P3,position_bias,1.0 m,L2a,"AUC(faulted, matched-clean) folded to [0.5,1.0]",0.500000,L2a,True,0.002500,11.3721,INVALID,ground-truth regeneration (ADR-0033): fault never reached the estimator,6383676a3491dc82d70f2db20cdafb942e5c588a
20260741,P3,position_bias,1.0 m,L2b,"AUC(faulted, matched-clean) folded to [0.5,1.0]",0.500000,L2a,True,0.002500,11.3721,INVALID,ground-truth regeneration (ADR-0033): fault never reached the estimator,6383676a3491dc82d70f2db20cdafb942e5c588a
20260741,P3,position_bias,1.0 m,L3,"AUC(faulted, matched-clean) folded to [0.5,1.0]",0.500000,L2a,True,0.002500,11.3721,INVALID,ground-truth regeneration (ADR-0033): fault never reached the estimator,6383676a3491dc82d70f2db20cdafb942e5c588a
20260741,P3,position_bias,1.0 m,L6,"AUC(faulted, matched-clean) folded to [0.5,1.0]",0.500000,L2a,True,0.002500,11.3721,INVALID,ground-truth regeneration (ADR-0033): fault never reached the estimator,6383676a3491dc82d70f2db20cdafb942e5c588a
20260741,P3,position_bias,1.0 m,L7,"AUC(faulted, matched-clean) folded to [0.5,1.0]",0.500000,L2a,True,0.002500,11.3721,INVALID,ground-truth regeneration (ADR-0033): fault never reached the estimator,6383676a3491dc82d70f2db20cdafb942e5c588a
20260741,P3,position_bias,1.0 m,L8,"AUC(faulted, matched-clean) folded to [0.5,1.0]",0.500000,L2a,True,0.002500,11.3721,INVALID,ground-truth regeneration (ADR-0033): fault never reached the estimator,6383676a3491dc82d70f2db20cdafb942e5c588a
20260741,P3,position_drift,2.0 m final,L1,"AUC(faulted, matched-clean) folded to [0.5,1.0]",0.979087,L2a,True,0.002500,11.3721,INVALID,ground-truth regeneration (ADR-0033): fault never reached the estimator,6383676a3491dc82d70f2db20cdafb942e5c588a
20260741,P3,position_drift,2.0 m final,L2a,"AUC(faulted, matched-clean) folded to [0.5,1.0]",0.500000,L2a,True,0.002500,11.3721,INVALID,ground-truth regeneration (ADR-0033): fault never reached the estimator,6383676a3491dc82d70f2db20cdafb942e5c588a
20260741,P3,position_drift,2.0 m final,L2b,"AUC(faulted, matched-clean) folded to [0.5,1.0]",0.500000,L2a,True,0.002500,11.3721,INVALID,ground-truth regeneration (ADR-0033): fault never reached the estimator,6383676a3491dc82d70f2db20cdafb942e5c588a
20260741,P3,position_drift,2.0 m final,L3,"AUC(faulted, matched-clean) folded to [0.5,1.0]",0.500000,L2a,True,0.002500,11.3721,INVALID,ground-truth regeneration (ADR-0033): fault never reached the estimator,6383676a3491dc82d70f2db20cdafb942e5c588a
20260741,P3,position_drift,2.0 m final,L6,"AUC(faulted, matched-clean) folded to [0.5,1.0]",0.500000,L2a,True,0.002500,11.3721,INVALID,ground-truth regeneration (ADR-0033): fault never reached the estimator,6383676a3491dc82d70f2db20cdafb942e5c588a
20260741,P3,position_drift,2.0 m final,L7,"AUC(faulted, matched-clean) folded to [0.5,1.0]",0.500000,L2a,True,0.002500,11.3721,INVALID,ground-truth regeneration (ADR-0033): fault never reached the estimator,6383676a3491dc82d70f2db20cdafb942e5c588a
20260741,P3,position_drift,2.0 m final,L8,"AUC(faulted, matched-clean) folded to [0.5,1.0]",0.500000,L2a,True,0.002500,11.3721,INVALID,ground-truth regeneration (ADR-0033): fault never reached the estimator,6383676a3491dc82d70f2db20cdafb942e5c588a
20260741,P3,speed_stuck,hold,L1,"AUC(faulted, matched-clean) folded to [0.5,1.0]",0.997500,L2a,False,0.002500,11.3932,VALID,,6383676a3491dc82d70f2db20cdafb942e5c588a
20260741,P3,speed_stuck,hold,L2a,"AUC(faulted, matched-clean) folded to [0.5,1.0]",0.558462,L2a,False,0.002500,11.3932,VALID,,6383676a3491dc82d70f2db20cdafb942e5c588a
20260741,P3,speed_stuck,hold,L2b,"AUC(faulted, matched-clean) folded to [0.5,1.0]",0.500463,L2a,False,0.002500,11.3932,VALID,,6383676a3491dc82d70f2db20cdafb942e5c588a
20260741,P3,speed_stuck,hold,L3,"AUC(faulted, matched-clean) folded to [0.5,1.0]",0.557775,L2a,False,0.002500,11.3932,VALID,,6383676a3491dc82d70f2db20cdafb942e5c588a
20260741,P3,speed_stuck,hold,L6,"AUC(faulted, matched-clean) folded to [0.5,1.0]",0.650737,L2a,False,0.002500,11.3932,VALID,,6383676a3491dc82d70f2db20cdafb942e5c588a
20260741,P3,speed_stuck,hold,L7,"AUC(faulted, matched-clean) folded to [0.5,1.0]",0.500000,L2a,False,0.002500,11.3932,VALID,,6383676a3491dc82d70f2db20cdafb942e5c588a
20260741,P3,speed_stuck,hold,L8,"AUC(faulted, matched-clean) folded to [0.5,1.0]",0.500000,L2a,False,0.002500,11.3932,VALID,,6383676a3491dc82d70f2db20cdafb942e5c588a
20260741,P3,speed_bias,3.0 m/s,L1,"AUC(faulted, matched-clean) folded to [0.5,1.0]",1.000000,L2a,False,0.002500,11.0172,VALID,,6383676a3491dc82d70f2db20cdafb942e5c588a
20260741,P3,speed_bias,3.0 m/s,L2a,"AUC(faulted, matched-clean) folded to [0.5,1.0]",0.512775,L2a,False,0.002500,11.0172,VALID,,6383676a3491dc82d70f2db20cdafb942e5c588a
20260741,P3,speed_bias,3.0 m/s,L2b,"AUC(faulted, matched-clean) folded to [0.5,1.0]",0.634850,L2a,False,0.002500,11.0172,VALID,,6383676a3491dc82d70f2db20cdafb942e5c588a
20260741,P3,speed_bias,3.0 m/s,L3,"AUC(faulted, matched-clean) folded to [0.5,1.0]",0.507988,L2a,False,0.002500,11.0172,VALID,,6383676a3491dc82d70f2db20cdafb942e5c588a
20260741,P3,speed_bias,3.0 m/s,L6,"AUC(faulted, matched-clean) folded to [0.5,1.0]",0.960250,L2a,False,0.002500,11.0172,VALID,,6383676a3491dc82d70f2db20cdafb942e5c588a
20260741,P3,speed_bias,3.0 m/s,L7,"AUC(faulted, matched-clean) folded to [0.5,1.0]",0.500000,L2a,False,0.002500,11.0172,VALID,,6383676a3491dc82d70f2db20cdafb942e5c588a
20260741,P3,speed_bias,3.0 m/s,L8,"AUC(faulted, matched-clean) folded to [0.5,1.0]",0.500000,L2a,False,0.002500,11.0172,VALID,,6383676a3491dc82d70f2db20cdafb942e5c588a
20260741,P3,lateral_noise,sigma x25,L1,"AUC(faulted, matched-clean) folded to [0.5,1.0]",0.999500,,False,0.380000,9.6039,VALID,,6383676a3491dc82d70f2db20cdafb942e5c588a
20260741,P3,lateral_noise,sigma x25,L2a,"AUC(faulted, matched-clean) folded to [0.5,1.0]",0.985450,,False,0.380000,9.6039,VALID,,6383676a3491dc82d70f2db20cdafb942e5c588a
20260741,P3,lateral_noise,sigma x25,L2b,"AUC(faulted, matched-clean) folded to [0.5,1.0]",0.983725,,False,0.380000,9.6039,VALID,,6383676a3491dc82d70f2db20cdafb942e5c588a
20260741,P3,lateral_noise,sigma x25,L3,"AUC(faulted, matched-clean) folded to [0.5,1.0]",0.985487,,False,0.380000,9.6039,VALID,,6383676a3491dc82d70f2db20cdafb942e5c588a
20260741,P3,lateral_noise,sigma x25,L6,"AUC(faulted, matched-clean) folded to [0.5,1.0]",0.916925,,False,0.380000,9.6039,VALID,,6383676a3491dc82d70f2db20cdafb942e5c588a
20260741,P3,lateral_noise,sigma x25,L7,"AUC(faulted, matched-clean) folded to [0.5,1.0]",0.877500,,False,0.380000,9.6039,VALID,,6383676a3491dc82d70f2db20cdafb942e5c588a
20260741,P3,lateral_noise,sigma x25,L8,"AUC(faulted, matched-clean) folded to [0.5,1.0]",0.905000,,False,0.380000,9.6039,VALID,,6383676a3491dc82d70f2db20cdafb942e5c588a
20260742,P3,imu_dropout,suppress IMU,L1,"AUC(faulted, matched-clean) folded to [0.5,1.0]",0.997500,L2b,False,0.072500,5.7437,VALID,,6383676a3491dc82d70f2db20cdafb942e5c588a
20260742,P3,imu_dropout,suppress IMU,L2a,"AUC(faulted, matched-clean) folded to [0.5,1.0]",0.963900,L2b,False,0.072500,5.7437,VALID,,6383676a3491dc82d70f2db20cdafb942e5c588a
20260742,P3,imu_dropout,suppress IMU,L2b,"AUC(faulted, matched-clean) folded to [0.5,1.0]",0.537125,L2b,False,0.072500,5.7437,VALID,,6383676a3491dc82d70f2db20cdafb942e5c588a
20260742,P3,imu_dropout,suppress IMU,L3,"AUC(faulted, matched-clean) folded to [0.5,1.0]",0.964500,L2b,False,0.072500,5.7437,VALID,,6383676a3491dc82d70f2db20cdafb942e5c588a
20260742,P3,imu_dropout,suppress IMU,L6,"AUC(faulted, matched-clean) folded to [0.5,1.0]",0.984900,L2b,False,0.072500,5.7437,VALID,,6383676a3491dc82d70f2db20cdafb942e5c588a
20260742,P3,imu_dropout,suppress IMU,L7,"AUC(faulted, matched-clean) folded to [0.5,1.0]",0.570000,L2b,False,0.072500,5.7437,VALID,,6383676a3491dc82d70f2db20cdafb942e5c588a
20260742,P3,imu_dropout,suppress IMU,L8,"AUC(faulted, matched-clean) folded to [0.5,1.0]",0.987500,L2b,False,0.072500,5.7437,VALID,,6383676a3491dc82d70f2db20cdafb942e5c588a
20260742,P3,position_bias,1.0 m,L1,"AUC(faulted, matched-clean) folded to [0.5,1.0]",1.000000,L2a,True,0.002500,10.3642,INVALID,ground-truth regeneration (ADR-0033): fault never reached the estimator,6383676a3491dc82d70f2db20cdafb942e5c588a
20260742,P3,position_bias,1.0 m,L2a,"AUC(faulted, matched-clean) folded to [0.5,1.0]",0.500000,L2a,True,0.002500,10.3642,INVALID,ground-truth regeneration (ADR-0033): fault never reached the estimator,6383676a3491dc82d70f2db20cdafb942e5c588a
20260742,P3,position_bias,1.0 m,L2b,"AUC(faulted, matched-clean) folded to [0.5,1.0]",0.500000,L2a,True,0.002500,10.3642,INVALID,ground-truth regeneration (ADR-0033): fault never reached the estimator,6383676a3491dc82d70f2db20cdafb942e5c588a
20260742,P3,position_bias,1.0 m,L3,"AUC(faulted, matched-clean) folded to [0.5,1.0]",0.500000,L2a,True,0.002500,10.3642,INVALID,ground-truth regeneration (ADR-0033): fault never reached the estimator,6383676a3491dc82d70f2db20cdafb942e5c588a
20260742,P3,position_bias,1.0 m,L6,"AUC(faulted, matched-clean) folded to [0.5,1.0]",0.500000,L2a,True,0.002500,10.3642,INVALID,ground-truth regeneration (ADR-0033): fault never reached the estimator,6383676a3491dc82d70f2db20cdafb942e5c588a
20260742,P3,position_bias,1.0 m,L7,"AUC(faulted, matched-clean) folded to [0.5,1.0]",0.500000,L2a,True,0.002500,10.3642,INVALID,ground-truth regeneration (ADR-0033): fault never reached the estimator,6383676a3491dc82d70f2db20cdafb942e5c588a
20260742,P3,position_bias,1.0 m,L8,"AUC(faulted, matched-clean) folded to [0.5,1.0]",0.500000,L2a,True,0.002500,10.3642,INVALID,ground-truth regeneration (ADR-0033): fault never reached the estimator,6383676a3491dc82d70f2db20cdafb942e5c588a
20260742,P3,position_drift,2.0 m final,L1,"AUC(faulted, matched-clean) folded to [0.5,1.0]",0.974812,L2a,True,0.002500,10.3642,INVALID,ground-truth regeneration (ADR-0033): fault never reached the estimator,6383676a3491dc82d70f2db20cdafb942e5c588a
20260742,P3,position_drift,2.0 m final,L2a,"AUC(faulted, matched-clean) folded to [0.5,1.0]",0.500000,L2a,True,0.002500,10.3642,INVALID,ground-truth regeneration (ADR-0033): fault never reached the estimator,6383676a3491dc82d70f2db20cdafb942e5c588a
20260742,P3,position_drift,2.0 m final,L2b,"AUC(faulted, matched-clean) folded to [0.5,1.0]",0.500000,L2a,True,0.002500,10.3642,INVALID,ground-truth regeneration (ADR-0033): fault never reached the estimator,6383676a3491dc82d70f2db20cdafb942e5c588a
20260742,P3,position_drift,2.0 m final,L3,"AUC(faulted, matched-clean) folded to [0.5,1.0]",0.500000,L2a,True,0.002500,10.3642,INVALID,ground-truth regeneration (ADR-0033): fault never reached the estimator,6383676a3491dc82d70f2db20cdafb942e5c588a
20260742,P3,position_drift,2.0 m final,L6,"AUC(faulted, matched-clean) folded to [0.5,1.0]",0.500000,L2a,True,0.002500,10.3642,INVALID,ground-truth regeneration (ADR-0033): fault never reached the estimator,6383676a3491dc82d70f2db20cdafb942e5c588a
20260742,P3,position_drift,2.0 m final,L7,"AUC(faulted, matched-clean) folded to [0.5,1.0]",0.500000,L2a,True,0.002500,10.3642,INVALID,ground-truth regeneration (ADR-0033): fault never reached the estimator,6383676a3491dc82d70f2db20cdafb942e5c588a
20260742,P3,position_drift,2.0 m final,L8,"AUC(faulted, matched-clean) folded to [0.5,1.0]",0.500000,L2a,True,0.002500,10.3642,INVALID,ground-truth regeneration (ADR-0033): fault never reached the estimator,6383676a3491dc82d70f2db20cdafb942e5c588a
20260742,P3,speed_stuck,hold,L1,"AUC(faulted, matched-clean) folded to [0.5,1.0]",0.992500,L2a,False,0.002500,10.3847,VALID,,6383676a3491dc82d70f2db20cdafb942e5c588a
20260742,P3,speed_stuck,hold,L2a,"AUC(faulted, matched-clean) folded to [0.5,1.0]",0.562837,L2a,False,0.002500,10.3847,VALID,,6383676a3491dc82d70f2db20cdafb942e5c588a
20260742,P3,speed_stuck,hold,L2b,"AUC(faulted, matched-clean) folded to [0.5,1.0]",0.507912,L2a,False,0.002500,10.3847,VALID,,6383676a3491dc82d70f2db20cdafb942e5c588a
20260742,P3,speed_stuck,hold,L3,"AUC(faulted, matched-clean) folded to [0.5,1.0]",0.561000,L2a,False,0.002500,10.3847,VALID,,6383676a3491dc82d70f2db20cdafb942e5c588a
20260742,P3,speed_stuck,hold,L6,"AUC(faulted, matched-clean) folded to [0.5,1.0]",0.750888,L2a,False,0.002500,10.3847,VALID,,6383676a3491dc82d70f2db20cdafb942e5c588a
20260742,P3,speed_stuck,hold,L7,"AUC(faulted, matched-clean) folded to [0.5,1.0]",0.500000,L2a,False,0.002500,10.3847,VALID,,6383676a3491dc82d70f2db20cdafb942e5c588a
20260742,P3,speed_stuck,hold,L8,"AUC(faulted, matched-clean) folded to [0.5,1.0]",0.500000,L2a,False,0.002500,10.3847,VALID,,6383676a3491dc82d70f2db20cdafb942e5c588a
20260742,P3,speed_bias,3.0 m/s,L1,"AUC(faulted, matched-clean) folded to [0.5,1.0]",1.000000,L2a,False,0.002500,10.0749,VALID,,6383676a3491dc82d70f2db20cdafb942e5c588a
20260742,P3,speed_bias,3.0 m/s,L2a,"AUC(faulted, matched-clean) folded to [0.5,1.0]",0.506125,L2a,False,0.002500,10.0749,VALID,,6383676a3491dc82d70f2db20cdafb942e5c588a
20260742,P3,speed_bias,3.0 m/s,L2b,"AUC(faulted, matched-clean) folded to [0.5,1.0]",0.569475,L2a,False,0.002500,10.0749,VALID,,6383676a3491dc82d70f2db20cdafb942e5c588a
20260742,P3,speed_bias,3.0 m/s,L3,"AUC(faulted, matched-clean) folded to [0.5,1.0]",0.501413,L2a,False,0.002500,10.0749,VALID,,6383676a3491dc82d70f2db20cdafb942e5c588a
20260742,P3,speed_bias,3.0 m/s,L6,"AUC(faulted, matched-clean) folded to [0.5,1.0]",0.989750,L2a,False,0.002500,10.0749,VALID,,6383676a3491dc82d70f2db20cdafb942e5c588a
20260742,P3,speed_bias,3.0 m/s,L7,"AUC(faulted, matched-clean) folded to [0.5,1.0]",0.500000,L2a,False,0.002500,10.0749,VALID,,6383676a3491dc82d70f2db20cdafb942e5c588a
20260742,P3,speed_bias,3.0 m/s,L8,"AUC(faulted, matched-clean) folded to [0.5,1.0]",0.500000,L2a,False,0.002500,10.0749,VALID,,6383676a3491dc82d70f2db20cdafb942e5c588a
20260742,P3,lateral_noise,sigma x25,L1,"AUC(faulted, matched-clean) folded to [0.5,1.0]",1.000000,,False,0.267500,8.3415,VALID,,6383676a3491dc82d70f2db20cdafb942e5c588a
20260742,P3,lateral_noise,sigma x25,L2a,"AUC(faulted, matched-clean) folded to [0.5,1.0]",0.967825,,False,0.267500,8.3415,VALID,,6383676a3491dc82d70f2db20cdafb942e5c588a
20260742,P3,lateral_noise,sigma x25,L2b,"AUC(faulted, matched-clean) folded to [0.5,1.0]",0.885150,,False,0.267500,8.3415,VALID,,6383676a3491dc82d70f2db20cdafb942e5c588a
20260742,P3,lateral_noise,sigma x25,L3,"AUC(faulted, matched-clean) folded to [0.5,1.0]",0.967975,,False,0.267500,8.3415,VALID,,6383676a3491dc82d70f2db20cdafb942e5c588a
20260742,P3,lateral_noise,sigma x25,L6,"AUC(faulted, matched-clean) folded to [0.5,1.0]",0.997025,,False,0.267500,8.3415,VALID,,6383676a3491dc82d70f2db20cdafb942e5c588a
20260742,P3,lateral_noise,sigma x25,L7,"AUC(faulted, matched-clean) folded to [0.5,1.0]",0.765000,,False,0.267500,8.3415,VALID,,6383676a3491dc82d70f2db20cdafb942e5c588a
20260742,P3,lateral_noise,sigma x25,L8,"AUC(faulted, matched-clean) folded to [0.5,1.0]",0.857500,,False,0.267500,8.3415,VALID,,6383676a3491dc82d70f2db20cdafb942e5c588a
20260743,P3,imu_dropout,suppress IMU,L1,"AUC(faulted, matched-clean) folded to [0.5,1.0]",0.997500,L2b,False,0.005000,5.9203,VALID,,6383676a3491dc82d70f2db20cdafb942e5c588a
20260743,P3,imu_dropout,suppress IMU,L2a,"AUC(faulted, matched-clean) folded to [0.5,1.0]",0.608175,L2b,False,0.005000,5.9203,VALID,,6383676a3491dc82d70f2db20cdafb942e5c588a
20260743,P3,imu_dropout,suppress IMU,L2b,"AUC(faulted, matched-clean) folded to [0.5,1.0]",0.500300,L2b,False,0.005000,5.9203,VALID,,6383676a3491dc82d70f2db20cdafb942e5c588a
20260743,P3,imu_dropout,suppress IMU,L3,"AUC(faulted, matched-clean) folded to [0.5,1.0]",0.610387,L2b,False,0.005000,5.9203,VALID,,6383676a3491dc82d70f2db20cdafb942e5c588a
20260743,P3,imu_dropout,suppress IMU,L6,"AUC(faulted, matched-clean) folded to [0.5,1.0]",0.716200,L2b,False,0.005000,5.9203,VALID,,6383676a3491dc82d70f2db20cdafb942e5c588a
20260743,P3,imu_dropout,suppress IMU,L7,"AUC(faulted, matched-clean) folded to [0.5,1.0]",0.500000,L2b,False,0.005000,5.9203,VALID,,6383676a3491dc82d70f2db20cdafb942e5c588a
20260743,P3,imu_dropout,suppress IMU,L8,"AUC(faulted, matched-clean) folded to [0.5,1.0]",0.987500,L2b,False,0.005000,5.9203,VALID,,6383676a3491dc82d70f2db20cdafb942e5c588a
20260743,P3,position_bias,1.0 m,L1,"AUC(faulted, matched-clean) folded to [0.5,1.0]",1.000000,L2a,True,0.005000,10.5958,INVALID,ground-truth regeneration (ADR-0033): fault never reached the estimator,6383676a3491dc82d70f2db20cdafb942e5c588a
20260743,P3,position_bias,1.0 m,L2a,"AUC(faulted, matched-clean) folded to [0.5,1.0]",0.500000,L2a,True,0.005000,10.5958,INVALID,ground-truth regeneration (ADR-0033): fault never reached the estimator,6383676a3491dc82d70f2db20cdafb942e5c588a
20260743,P3,position_bias,1.0 m,L2b,"AUC(faulted, matched-clean) folded to [0.5,1.0]",0.500000,L2a,True,0.005000,10.5958,INVALID,ground-truth regeneration (ADR-0033): fault never reached the estimator,6383676a3491dc82d70f2db20cdafb942e5c588a
20260743,P3,position_bias,1.0 m,L3,"AUC(faulted, matched-clean) folded to [0.5,1.0]",0.500000,L2a,True,0.005000,10.5958,INVALID,ground-truth regeneration (ADR-0033): fault never reached the estimator,6383676a3491dc82d70f2db20cdafb942e5c588a
20260743,P3,position_bias,1.0 m,L6,"AUC(faulted, matched-clean) folded to [0.5,1.0]",0.500000,L2a,True,0.005000,10.5958,INVALID,ground-truth regeneration (ADR-0033): fault never reached the estimator,6383676a3491dc82d70f2db20cdafb942e5c588a
20260743,P3,position_bias,1.0 m,L7,"AUC(faulted, matched-clean) folded to [0.5,1.0]",0.500000,L2a,True,0.005000,10.5958,INVALID,ground-truth regeneration (ADR-0033): fault never reached the estimator,6383676a3491dc82d70f2db20cdafb942e5c588a
20260743,P3,position_bias,1.0 m,L8,"AUC(faulted, matched-clean) folded to [0.5,1.0]",0.500000,L2a,True,0.005000,10.5958,INVALID,ground-truth regeneration (ADR-0033): fault never reached the estimator,6383676a3491dc82d70f2db20cdafb942e5c588a
20260743,P3,position_drift,2.0 m final,L1,"AUC(faulted, matched-clean) folded to [0.5,1.0]",0.964788,L2a,True,0.005000,10.5958,INVALID,ground-truth regeneration (ADR-0033): fault never reached the estimator,6383676a3491dc82d70f2db20cdafb942e5c588a
20260743,P3,position_drift,2.0 m final,L2a,"AUC(faulted, matched-clean) folded to [0.5,1.0]",0.500000,L2a,True,0.005000,10.5958,INVALID,ground-truth regeneration (ADR-0033): fault never reached the estimator,6383676a3491dc82d70f2db20cdafb942e5c588a
20260743,P3,position_drift,2.0 m final,L2b,"AUC(faulted, matched-clean) folded to [0.5,1.0]",0.500000,L2a,True,0.005000,10.5958,INVALID,ground-truth regeneration (ADR-0033): fault never reached the estimator,6383676a3491dc82d70f2db20cdafb942e5c588a
20260743,P3,position_drift,2.0 m final,L3,"AUC(faulted, matched-clean) folded to [0.5,1.0]",0.500000,L2a,True,0.005000,10.5958,INVALID,ground-truth regeneration (ADR-0033): fault never reached the estimator,6383676a3491dc82d70f2db20cdafb942e5c588a
20260743,P3,position_drift,2.0 m final,L6,"AUC(faulted, matched-clean) folded to [0.5,1.0]",0.500000,L2a,True,0.005000,10.5958,INVALID,ground-truth regeneration (ADR-0033): fault never reached the estimator,6383676a3491dc82d70f2db20cdafb942e5c588a
20260743,P3,position_drift,2.0 m final,L7,"AUC(faulted, matched-clean) folded to [0.5,1.0]",0.500000,L2a,True,0.005000,10.5958,INVALID,ground-truth regeneration (ADR-0033): fault never reached the estimator,6383676a3491dc82d70f2db20cdafb942e5c588a
20260743,P3,position_drift,2.0 m final,L8,"AUC(faulted, matched-clean) folded to [0.5,1.0]",0.500000,L2a,True,0.005000,10.5958,INVALID,ground-truth regeneration (ADR-0033): fault never reached the estimator,6383676a3491dc82d70f2db20cdafb942e5c588a
20260743,P3,speed_stuck,hold,L1,"AUC(faulted, matched-clean) folded to [0.5,1.0]",0.982500,L2a,False,0.005000,10.6165,VALID,,6383676a3491dc82d70f2db20cdafb942e5c588a
20260743,P3,speed_stuck,hold,L2a,"AUC(faulted, matched-clean) folded to [0.5,1.0]",0.552037,L2a,False,0.005000,10.6165,VALID,,6383676a3491dc82d70f2db20cdafb942e5c588a
20260743,P3,speed_stuck,hold,L2b,"AUC(faulted, matched-clean) folded to [0.5,1.0]",0.508288,L2a,False,0.005000,10.6165,VALID,,6383676a3491dc82d70f2db20cdafb942e5c588a
20260743,P3,speed_stuck,hold,L3,"AUC(faulted, matched-clean) folded to [0.5,1.0]",0.552412,L2a,False,0.005000,10.6165,VALID,,6383676a3491dc82d70f2db20cdafb942e5c588a
20260743,P3,speed_stuck,hold,L6,"AUC(faulted, matched-clean) folded to [0.5,1.0]",0.713588,L2a,False,0.005000,10.6165,VALID,,6383676a3491dc82d70f2db20cdafb942e5c588a
20260743,P3,speed_stuck,hold,L7,"AUC(faulted, matched-clean) folded to [0.5,1.0]",0.500000,L2a,False,0.005000,10.6165,VALID,,6383676a3491dc82d70f2db20cdafb942e5c588a
20260743,P3,speed_stuck,hold,L8,"AUC(faulted, matched-clean) folded to [0.5,1.0]",0.500000,L2a,False,0.005000,10.6165,VALID,,6383676a3491dc82d70f2db20cdafb942e5c588a
20260743,P3,speed_bias,3.0 m/s,L1,"AUC(faulted, matched-clean) folded to [0.5,1.0]",1.000000,L2a,False,0.005000,10.3001,VALID,,6383676a3491dc82d70f2db20cdafb942e5c588a
20260743,P3,speed_bias,3.0 m/s,L2a,"AUC(faulted, matched-clean) folded to [0.5,1.0]",0.502725,L2a,False,0.005000,10.3001,VALID,,6383676a3491dc82d70f2db20cdafb942e5c588a
20260743,P3,speed_bias,3.0 m/s,L2b,"AUC(faulted, matched-clean) folded to [0.5,1.0]",0.650300,L2a,False,0.005000,10.3001,VALID,,6383676a3491dc82d70f2db20cdafb942e5c588a
20260743,P3,speed_bias,3.0 m/s,L3,"AUC(faulted, matched-clean) folded to [0.5,1.0]",0.502162,L2a,False,0.005000,10.3001,VALID,,6383676a3491dc82d70f2db20cdafb942e5c588a
20260743,P3,speed_bias,3.0 m/s,L6,"AUC(faulted, matched-clean) folded to [0.5,1.0]",0.990075,L2a,False,0.005000,10.3001,VALID,,6383676a3491dc82d70f2db20cdafb942e5c588a
20260743,P3,speed_bias,3.0 m/s,L7,"AUC(faulted, matched-clean) folded to [0.5,1.0]",0.500000,L2a,False,0.005000,10.3001,VALID,,6383676a3491dc82d70f2db20cdafb942e5c588a
20260743,P3,speed_bias,3.0 m/s,L8,"AUC(faulted, matched-clean) folded to [0.5,1.0]",0.500000,L2a,False,0.005000,10.3001,VALID,,6383676a3491dc82d70f2db20cdafb942e5c588a
20260743,P3,lateral_noise,sigma x25,L1,"AUC(faulted, matched-clean) folded to [0.5,1.0]",1.000000,,False,0.492500,7.2910,VALID,,6383676a3491dc82d70f2db20cdafb942e5c588a
20260743,P3,lateral_noise,sigma x25,L2a,"AUC(faulted, matched-clean) folded to [0.5,1.0]",0.978825,,False,0.492500,7.2910,VALID,,6383676a3491dc82d70f2db20cdafb942e5c588a
20260743,P3,lateral_noise,sigma x25,L2b,"AUC(faulted, matched-clean) folded to [0.5,1.0]",0.919975,,False,0.492500,7.2910,VALID,,6383676a3491dc82d70f2db20cdafb942e5c588a
20260743,P3,lateral_noise,sigma x25,L3,"AUC(faulted, matched-clean) folded to [0.5,1.0]",0.978738,,False,0.492500,7.2910,VALID,,6383676a3491dc82d70f2db20cdafb942e5c588a
20260743,P3,lateral_noise,sigma x25,L6,"AUC(faulted, matched-clean) folded to [0.5,1.0]",0.999400,,False,0.492500,7.2910,VALID,,6383676a3491dc82d70f2db20cdafb942e5c588a
20260743,P3,lateral_noise,sigma x25,L7,"AUC(faulted, matched-clean) folded to [0.5,1.0]",0.987500,,False,0.492500,7.2910,VALID,,6383676a3491dc82d70f2db20cdafb942e5c588a
20260743,P3,lateral_noise,sigma x25,L8,"AUC(faulted, matched-clean) folded to [0.5,1.0]",0.957500,,False,0.492500,7.2910,VALID,,6383676a3491dc82d70f2db20cdafb942e5c588a
20260744,P3,imu_dropout,suppress IMU,L1,"AUC(faulted, matched-clean) folded to [0.5,1.0]",0.997500,L7,False,0.010000,5.9277,VALID,,6383676a3491dc82d70f2db20cdafb942e5c588a
20260744,P3,imu_dropout,suppress IMU,L2a,"AUC(faulted, matched-clean) folded to [0.5,1.0]",0.823775,L7,False,0.010000,5.9277,VALID,,6383676a3491dc82d70f2db20cdafb942e5c588a
20260744,P3,imu_dropout,suppress IMU,L2b,"AUC(faulted, matched-clean) folded to [0.5,1.0]",0.616050,L7,False,0.010000,5.9277,VALID,,6383676a3491dc82d70f2db20cdafb942e5c588a
20260744,P3,imu_dropout,suppress IMU,L3,"AUC(faulted, matched-clean) folded to [0.5,1.0]",0.823325,L7,False,0.010000,5.9277,VALID,,6383676a3491dc82d70f2db20cdafb942e5c588a
20260744,P3,imu_dropout,suppress IMU,L6,"AUC(faulted, matched-clean) folded to [0.5,1.0]",0.901325,L7,False,0.010000,5.9277,VALID,,6383676a3491dc82d70f2db20cdafb942e5c588a
20260744,P3,imu_dropout,suppress IMU,L7,"AUC(faulted, matched-clean) folded to [0.5,1.0]",0.510000,L7,False,0.010000,5.9277,VALID,,6383676a3491dc82d70f2db20cdafb942e5c588a
20260744,P3,imu_dropout,suppress IMU,L8,"AUC(faulted, matched-clean) folded to [0.5,1.0]",0.987500,L7,False,0.010000,5.9277,VALID,,6383676a3491dc82d70f2db20cdafb942e5c588a
20260744,P3,position_bias,1.0 m,L1,"AUC(faulted, matched-clean) folded to [0.5,1.0]",1.000000,L2a,True,0.000000,10.6733,INVALID,ground-truth regeneration (ADR-0033): fault never reached the estimator,6383676a3491dc82d70f2db20cdafb942e5c588a
20260744,P3,position_bias,1.0 m,L2a,"AUC(faulted, matched-clean) folded to [0.5,1.0]",0.500000,L2a,True,0.000000,10.6733,INVALID,ground-truth regeneration (ADR-0033): fault never reached the estimator,6383676a3491dc82d70f2db20cdafb942e5c588a
20260744,P3,position_bias,1.0 m,L2b,"AUC(faulted, matched-clean) folded to [0.5,1.0]",0.500000,L2a,True,0.000000,10.6733,INVALID,ground-truth regeneration (ADR-0033): fault never reached the estimator,6383676a3491dc82d70f2db20cdafb942e5c588a
20260744,P3,position_bias,1.0 m,L3,"AUC(faulted, matched-clean) folded to [0.5,1.0]",0.500000,L2a,True,0.000000,10.6733,INVALID,ground-truth regeneration (ADR-0033): fault never reached the estimator,6383676a3491dc82d70f2db20cdafb942e5c588a
20260744,P3,position_bias,1.0 m,L6,"AUC(faulted, matched-clean) folded to [0.5,1.0]",0.500000,L2a,True,0.000000,10.6733,INVALID,ground-truth regeneration (ADR-0033): fault never reached the estimator,6383676a3491dc82d70f2db20cdafb942e5c588a
20260744,P3,position_bias,1.0 m,L7,"AUC(faulted, matched-clean) folded to [0.5,1.0]",0.500000,L2a,True,0.000000,10.6733,INVALID,ground-truth regeneration (ADR-0033): fault never reached the estimator,6383676a3491dc82d70f2db20cdafb942e5c588a
20260744,P3,position_bias,1.0 m,L8,"AUC(faulted, matched-clean) folded to [0.5,1.0]",0.500000,L2a,True,0.000000,10.6733,INVALID,ground-truth regeneration (ADR-0033): fault never reached the estimator,6383676a3491dc82d70f2db20cdafb942e5c588a
20260744,P3,position_drift,2.0 m final,L1,"AUC(faulted, matched-clean) folded to [0.5,1.0]",0.968762,L2a,True,0.000000,10.6733,INVALID,ground-truth regeneration (ADR-0033): fault never reached the estimator,6383676a3491dc82d70f2db20cdafb942e5c588a
20260744,P3,position_drift,2.0 m final,L2a,"AUC(faulted, matched-clean) folded to [0.5,1.0]",0.500000,L2a,True,0.000000,10.6733,INVALID,ground-truth regeneration (ADR-0033): fault never reached the estimator,6383676a3491dc82d70f2db20cdafb942e5c588a
20260744,P3,position_drift,2.0 m final,L2b,"AUC(faulted, matched-clean) folded to [0.5,1.0]",0.500000,L2a,True,0.000000,10.6733,INVALID,ground-truth regeneration (ADR-0033): fault never reached the estimator,6383676a3491dc82d70f2db20cdafb942e5c588a
20260744,P3,position_drift,2.0 m final,L3,"AUC(faulted, matched-clean) folded to [0.5,1.0]",0.500000,L2a,True,0.000000,10.6733,INVALID,ground-truth regeneration (ADR-0033): fault never reached the estimator,6383676a3491dc82d70f2db20cdafb942e5c588a
20260744,P3,position_drift,2.0 m final,L6,"AUC(faulted, matched-clean) folded to [0.5,1.0]",0.500000,L2a,True,0.000000,10.6733,INVALID,ground-truth regeneration (ADR-0033): fault never reached the estimator,6383676a3491dc82d70f2db20cdafb942e5c588a
20260744,P3,position_drift,2.0 m final,L7,"AUC(faulted, matched-clean) folded to [0.5,1.0]",0.500000,L2a,True,0.000000,10.6733,INVALID,ground-truth regeneration (ADR-0033): fault never reached the estimator,6383676a3491dc82d70f2db20cdafb942e5c588a
20260744,P3,position_drift,2.0 m final,L8,"AUC(faulted, matched-clean) folded to [0.5,1.0]",0.500000,L2a,True,0.000000,10.6733,INVALID,ground-truth regeneration (ADR-0033): fault never reached the estimator,6383676a3491dc82d70f2db20cdafb942e5c588a
20260744,P3,speed_stuck,hold,L1,"AUC(faulted, matched-clean) folded to [0.5,1.0]",0.992500,L2a,False,0.000000,10.6942,VALID,,6383676a3491dc82d70f2db20cdafb942e5c588a
20260744,P3,speed_stuck,hold,L2a,"AUC(faulted, matched-clean) folded to [0.5,1.0]",0.558013,L2a,False,0.000000,10.6942,VALID,,6383676a3491dc82d70f2db20cdafb942e5c588a
20260744,P3,speed_stuck,hold,L2b,"AUC(faulted, matched-clean) folded to [0.5,1.0]",0.504463,L2a,False,0.000000,10.6942,VALID,,6383676a3491dc82d70f2db20cdafb942e5c588a
20260744,P3,speed_stuck,hold,L3,"AUC(faulted, matched-clean) folded to [0.5,1.0]",0.557087,L2a,False,0.000000,10.6942,VALID,,6383676a3491dc82d70f2db20cdafb942e5c588a
20260744,P3,speed_stuck,hold,L6,"AUC(faulted, matched-clean) folded to [0.5,1.0]",0.697762,L2a,False,0.000000,10.6942,VALID,,6383676a3491dc82d70f2db20cdafb942e5c588a
20260744,P3,speed_stuck,hold,L7,"AUC(faulted, matched-clean) folded to [0.5,1.0]",0.500000,L2a,False,0.000000,10.6942,VALID,,6383676a3491dc82d70f2db20cdafb942e5c588a
20260744,P3,speed_stuck,hold,L8,"AUC(faulted, matched-clean) folded to [0.5,1.0]",0.500000,L2a,False,0.000000,10.6942,VALID,,6383676a3491dc82d70f2db20cdafb942e5c588a
20260744,P3,speed_bias,3.0 m/s,L1,"AUC(faulted, matched-clean) folded to [0.5,1.0]",1.000000,L2a,False,0.000000,10.3666,VALID,,6383676a3491dc82d70f2db20cdafb942e5c588a
20260744,P3,speed_bias,3.0 m/s,L2a,"AUC(faulted, matched-clean) folded to [0.5,1.0]",0.505625,L2a,False,0.000000,10.3666,VALID,,6383676a3491dc82d70f2db20cdafb942e5c588a
20260744,P3,speed_bias,3.0 m/s,L2b,"AUC(faulted, matched-clean) folded to [0.5,1.0]",0.605250,L2a,False,0.000000,10.3666,VALID,,6383676a3491dc82d70f2db20cdafb942e5c588a
20260744,P3,speed_bias,3.0 m/s,L3,"AUC(faulted, matched-clean) folded to [0.5,1.0]",0.500800,L2a,False,0.000000,10.3666,VALID,,6383676a3491dc82d70f2db20cdafb942e5c588a
20260744,P3,speed_bias,3.0 m/s,L6,"AUC(faulted, matched-clean) folded to [0.5,1.0]",0.983725,L2a,False,0.000000,10.3666,VALID,,6383676a3491dc82d70f2db20cdafb942e5c588a
20260744,P3,speed_bias,3.0 m/s,L7,"AUC(faulted, matched-clean) folded to [0.5,1.0]",0.500000,L2a,False,0.000000,10.3666,VALID,,6383676a3491dc82d70f2db20cdafb942e5c588a
20260744,P3,speed_bias,3.0 m/s,L8,"AUC(faulted, matched-clean) folded to [0.5,1.0]",0.500000,L2a,False,0.000000,10.3666,VALID,,6383676a3491dc82d70f2db20cdafb942e5c588a
20260744,P3,lateral_noise,sigma x25,L1,"AUC(faulted, matched-clean) folded to [0.5,1.0]",1.000000,,False,0.480000,7.4999,VALID,,6383676a3491dc82d70f2db20cdafb942e5c588a
20260744,P3,lateral_noise,sigma x25,L2a,"AUC(faulted, matched-clean) folded to [0.5,1.0]",0.983075,,False,0.480000,7.4999,VALID,,6383676a3491dc82d70f2db20cdafb942e5c588a
20260744,P3,lateral_noise,sigma x25,L2b,"AUC(faulted, matched-clean) folded to [0.5,1.0]",0.959650,,False,0.480000,7.4999,VALID,,6383676a3491dc82d70f2db20cdafb942e5c588a
20260744,P3,lateral_noise,sigma x25,L3,"AUC(faulted, matched-clean) folded to [0.5,1.0]",0.982962,,False,0.480000,7.4999,VALID,,6383676a3491dc82d70f2db20cdafb942e5c588a
20260744,P3,lateral_noise,sigma x25,L6,"AUC(faulted, matched-clean) folded to [0.5,1.0]",0.978925,,False,0.480000,7.4999,VALID,,6383676a3491dc82d70f2db20cdafb942e5c588a
20260744,P3,lateral_noise,sigma x25,L7,"AUC(faulted, matched-clean) folded to [0.5,1.0]",0.980000,,False,0.480000,7.4999,VALID,,6383676a3491dc82d70f2db20cdafb942e5c588a
20260744,P3,lateral_noise,sigma x25,L8,"AUC(faulted, matched-clean) folded to [0.5,1.0]",0.945000,,False,0.480000,7.4999,VALID,,6383676a3491dc82d70f2db20cdafb942e5c588a
20260745,P3,imu_dropout,suppress IMU,L1,"AUC(faulted, matched-clean) folded to [0.5,1.0]",0.997500,L2b,False,0.005000,6.8189,VALID,,6383676a3491dc82d70f2db20cdafb942e5c588a
20260745,P3,imu_dropout,suppress IMU,L2a,"AUC(faulted, matched-clean) folded to [0.5,1.0]",0.714900,L2b,False,0.005000,6.8189,VALID,,6383676a3491dc82d70f2db20cdafb942e5c588a
20260745,P3,imu_dropout,suppress IMU,L2b,"AUC(faulted, matched-clean) folded to [0.5,1.0]",0.569025,L2b,False,0.005000,6.8189,VALID,,6383676a3491dc82d70f2db20cdafb942e5c588a
20260745,P3,imu_dropout,suppress IMU,L3,"AUC(faulted, matched-clean) folded to [0.5,1.0]",0.715225,L2b,False,0.005000,6.8189,VALID,,6383676a3491dc82d70f2db20cdafb942e5c588a
20260745,P3,imu_dropout,suppress IMU,L6,"AUC(faulted, matched-clean) folded to [0.5,1.0]",0.702200,L2b,False,0.005000,6.8189,VALID,,6383676a3491dc82d70f2db20cdafb942e5c588a
20260745,P3,imu_dropout,suppress IMU,L7,"AUC(faulted, matched-clean) folded to [0.5,1.0]",0.500000,L2b,False,0.005000,6.8189,VALID,,6383676a3491dc82d70f2db20cdafb942e5c588a
20260745,P3,imu_dropout,suppress IMU,L8,"AUC(faulted, matched-clean) folded to [0.5,1.0]",0.987500,L2b,False,0.005000,6.8189,VALID,,6383676a3491dc82d70f2db20cdafb942e5c588a
20260745,P3,position_bias,1.0 m,L1,"AUC(faulted, matched-clean) folded to [0.5,1.0]",1.000000,L2a,True,0.005000,11.9384,INVALID,ground-truth regeneration (ADR-0033): fault never reached the estimator,6383676a3491dc82d70f2db20cdafb942e5c588a
20260745,P3,position_bias,1.0 m,L2a,"AUC(faulted, matched-clean) folded to [0.5,1.0]",0.500000,L2a,True,0.005000,11.9384,INVALID,ground-truth regeneration (ADR-0033): fault never reached the estimator,6383676a3491dc82d70f2db20cdafb942e5c588a
20260745,P3,position_bias,1.0 m,L2b,"AUC(faulted, matched-clean) folded to [0.5,1.0]",0.500000,L2a,True,0.005000,11.9384,INVALID,ground-truth regeneration (ADR-0033): fault never reached the estimator,6383676a3491dc82d70f2db20cdafb942e5c588a
20260745,P3,position_bias,1.0 m,L3,"AUC(faulted, matched-clean) folded to [0.5,1.0]",0.500000,L2a,True,0.005000,11.9384,INVALID,ground-truth regeneration (ADR-0033): fault never reached the estimator,6383676a3491dc82d70f2db20cdafb942e5c588a
20260745,P3,position_bias,1.0 m,L6,"AUC(faulted, matched-clean) folded to [0.5,1.0]",0.500000,L2a,True,0.005000,11.9384,INVALID,ground-truth regeneration (ADR-0033): fault never reached the estimator,6383676a3491dc82d70f2db20cdafb942e5c588a
20260745,P3,position_bias,1.0 m,L7,"AUC(faulted, matched-clean) folded to [0.5,1.0]",0.500000,L2a,True,0.005000,11.9384,INVALID,ground-truth regeneration (ADR-0033): fault never reached the estimator,6383676a3491dc82d70f2db20cdafb942e5c588a
20260745,P3,position_bias,1.0 m,L8,"AUC(faulted, matched-clean) folded to [0.5,1.0]",0.500000,L2a,True,0.005000,11.9384,INVALID,ground-truth regeneration (ADR-0033): fault never reached the estimator,6383676a3491dc82d70f2db20cdafb942e5c588a
20260745,P3,position_drift,2.0 m final,L1,"AUC(faulted, matched-clean) folded to [0.5,1.0]",0.969812,L2a,True,0.005000,11.9384,INVALID,ground-truth regeneration (ADR-0033): fault never reached the estimator,6383676a3491dc82d70f2db20cdafb942e5c588a
20260745,P3,position_drift,2.0 m final,L2a,"AUC(faulted, matched-clean) folded to [0.5,1.0]",0.500000,L2a,True,0.005000,11.9384,INVALID,ground-truth regeneration (ADR-0033): fault never reached the estimator,6383676a3491dc82d70f2db20cdafb942e5c588a
20260745,P3,position_drift,2.0 m final,L2b,"AUC(faulted, matched-clean) folded to [0.5,1.0]",0.500000,L2a,True,0.005000,11.9384,INVALID,ground-truth regeneration (ADR-0033): fault never reached the estimator,6383676a3491dc82d70f2db20cdafb942e5c588a
20260745,P3,position_drift,2.0 m final,L3,"AUC(faulted, matched-clean) folded to [0.5,1.0]",0.500000,L2a,True,0.005000,11.9384,INVALID,ground-truth regeneration (ADR-0033): fault never reached the estimator,6383676a3491dc82d70f2db20cdafb942e5c588a
20260745,P3,position_drift,2.0 m final,L6,"AUC(faulted, matched-clean) folded to [0.5,1.0]",0.500000,L2a,True,0.005000,11.9384,INVALID,ground-truth regeneration (ADR-0033): fault never reached the estimator,6383676a3491dc82d70f2db20cdafb942e5c588a
20260745,P3,position_drift,2.0 m final,L7,"AUC(faulted, matched-clean) folded to [0.5,1.0]",0.500000,L2a,True,0.005000,11.9384,INVALID,ground-truth regeneration (ADR-0033): fault never reached the estimator,6383676a3491dc82d70f2db20cdafb942e5c588a
20260745,P3,position_drift,2.0 m final,L8,"AUC(faulted, matched-clean) folded to [0.5,1.0]",0.500000,L2a,True,0.005000,11.9384,INVALID,ground-truth regeneration (ADR-0033): fault never reached the estimator,6383676a3491dc82d70f2db20cdafb942e5c588a
20260745,P3,speed_stuck,hold,L1,"AUC(faulted, matched-clean) folded to [0.5,1.0]",0.977500,L2a,True,0.005000,11.9565,VALID,,6383676a3491dc82d70f2db20cdafb942e5c588a
20260745,P3,speed_stuck,hold,L2a,"AUC(faulted, matched-clean) folded to [0.5,1.0]",0.570937,L2a,True,0.005000,11.9565,VALID,,6383676a3491dc82d70f2db20cdafb942e5c588a
20260745,P3,speed_stuck,hold,L2b,"AUC(faulted, matched-clean) folded to [0.5,1.0]",0.511737,L2a,True,0.005000,11.9565,VALID,,6383676a3491dc82d70f2db20cdafb942e5c588a
20260745,P3,speed_stuck,hold,L3,"AUC(faulted, matched-clean) folded to [0.5,1.0]",0.569050,L2a,True,0.005000,11.9565,VALID,,6383676a3491dc82d70f2db20cdafb942e5c588a
20260745,P3,speed_stuck,hold,L6,"AUC(faulted, matched-clean) folded to [0.5,1.0]",0.596888,L2a,True,0.005000,11.9565,VALID,,6383676a3491dc82d70f2db20cdafb942e5c588a
20260745,P3,speed_stuck,hold,L7,"AUC(faulted, matched-clean) folded to [0.5,1.0]",0.500000,L2a,True,0.005000,11.9565,VALID,,6383676a3491dc82d70f2db20cdafb942e5c588a
20260745,P3,speed_stuck,hold,L8,"AUC(faulted, matched-clean) folded to [0.5,1.0]",0.500000,L2a,True,0.005000,11.9565,VALID,,6383676a3491dc82d70f2db20cdafb942e5c588a
20260745,P3,speed_bias,3.0 m/s,L1,"AUC(faulted, matched-clean) folded to [0.5,1.0]",1.000000,L2a,False,0.005000,11.5490,VALID,,6383676a3491dc82d70f2db20cdafb942e5c588a
20260745,P3,speed_bias,3.0 m/s,L2a,"AUC(faulted, matched-clean) folded to [0.5,1.0]",0.525550,L2a,False,0.005000,11.5490,VALID,,6383676a3491dc82d70f2db20cdafb942e5c588a
20260745,P3,speed_bias,3.0 m/s,L2b,"AUC(faulted, matched-clean) folded to [0.5,1.0]",0.698000,L2a,False,0.005000,11.5490,VALID,,6383676a3491dc82d70f2db20cdafb942e5c588a
20260745,P3,speed_bias,3.0 m/s,L3,"AUC(faulted, matched-clean) folded to [0.5,1.0]",0.521875,L2a,False,0.005000,11.5490,VALID,,6383676a3491dc82d70f2db20cdafb942e5c588a
20260745,P3,speed_bias,3.0 m/s,L6,"AUC(faulted, matched-clean) folded to [0.5,1.0]",0.972700,L2a,False,0.005000,11.5490,VALID,,6383676a3491dc82d70f2db20cdafb942e5c588a
20260745,P3,speed_bias,3.0 m/s,L7,"AUC(faulted, matched-clean) folded to [0.5,1.0]",0.500000,L2a,False,0.005000,11.5490,VALID,,6383676a3491dc82d70f2db20cdafb942e5c588a
20260745,P3,speed_bias,3.0 m/s,L8,"AUC(faulted, matched-clean) folded to [0.5,1.0]",0.500000,L2a,False,0.005000,11.5490,VALID,,6383676a3491dc82d70f2db20cdafb942e5c588a
20260745,P3,lateral_noise,sigma x25,L1,"AUC(faulted, matched-clean) folded to [0.5,1.0]",0.999175,,False,0.260000,9.8980,VALID,,6383676a3491dc82d70f2db20cdafb942e5c588a
20260745,P3,lateral_noise,sigma x25,L2a,"AUC(faulted, matched-clean) folded to [0.5,1.0]",0.979800,,False,0.260000,9.8980,VALID,,6383676a3491dc82d70f2db20cdafb942e5c588a
20260745,P3,lateral_noise,sigma x25,L2b,"AUC(faulted, matched-clean) folded to [0.5,1.0]",0.932125,,False,0.260000,9.8980,VALID,,6383676a3491dc82d70f2db20cdafb942e5c588a
20260745,P3,lateral_noise,sigma x25,L3,"AUC(faulted, matched-clean) folded to [0.5,1.0]",0.979875,,False,0.260000,9.8980,VALID,,6383676a3491dc82d70f2db20cdafb942e5c588a
20260745,P3,lateral_noise,sigma x25,L6,"AUC(faulted, matched-clean) folded to [0.5,1.0]",0.947500,,False,0.260000,9.8980,VALID,,6383676a3491dc82d70f2db20cdafb942e5c588a
20260745,P3,lateral_noise,sigma x25,L7,"AUC(faulted, matched-clean) folded to [0.5,1.0]",0.755000,,False,0.260000,9.8980,VALID,,6383676a3491dc82d70f2db20cdafb942e5c588a
20260745,P3,lateral_noise,sigma x25,L8,"AUC(faulted, matched-clean) folded to [0.5,1.0]",0.860000,,False,0.260000,9.8980,VALID,,6383676a3491dc82d70f2db20cdafb942e5c588a
20260746,P3,imu_dropout,suppress IMU,L1,"AUC(faulted, matched-clean) folded to [0.5,1.0]",0.997500,L2b,False,0.007500,7.8010,VALID,,6383676a3491dc82d70f2db20cdafb942e5c588a
20260746,P3,imu_dropout,suppress IMU,L2a,"AUC(faulted, matched-clean) folded to [0.5,1.0]",0.653075,L2b,False,0.007500,7.8010,VALID,,6383676a3491dc82d70f2db20cdafb942e5c588a
20260746,P3,imu_dropout,suppress IMU,L2b,"AUC(faulted, matched-clean) folded to [0.5,1.0]",0.523200,L2b,False,0.007500,7.8010,VALID,,6383676a3491dc82d70f2db20cdafb942e5c588a
20260746,P3,imu_dropout,suppress IMU,L3,"AUC(faulted, matched-clean) folded to [0.5,1.0]",0.652650,L2b,False,0.007500,7.8010,VALID,,6383676a3491dc82d70f2db20cdafb942e5c588a
20260746,P3,imu_dropout,suppress IMU,L6,"AUC(faulted, matched-clean) folded to [0.5,1.0]",0.726225,L2b,False,0.007500,7.8010,VALID,,6383676a3491dc82d70f2db20cdafb942e5c588a
20260746,P3,imu_dropout,suppress IMU,L7,"AUC(faulted, matched-clean) folded to [0.5,1.0]",0.502500,L2b,False,0.007500,7.8010,VALID,,6383676a3491dc82d70f2db20cdafb942e5c588a
20260746,P3,imu_dropout,suppress IMU,L8,"AUC(faulted, matched-clean) folded to [0.5,1.0]",0.987500,L2b,False,0.007500,7.8010,VALID,,6383676a3491dc82d70f2db20cdafb942e5c588a
20260746,P3,position_bias,1.0 m,L1,"AUC(faulted, matched-clean) folded to [0.5,1.0]",1.000000,L2a,True,0.010000,13.2406,INVALID,ground-truth regeneration (ADR-0033): fault never reached the estimator,6383676a3491dc82d70f2db20cdafb942e5c588a
20260746,P3,position_bias,1.0 m,L2a,"AUC(faulted, matched-clean) folded to [0.5,1.0]",0.500000,L2a,True,0.010000,13.2406,INVALID,ground-truth regeneration (ADR-0033): fault never reached the estimator,6383676a3491dc82d70f2db20cdafb942e5c588a
20260746,P3,position_bias,1.0 m,L2b,"AUC(faulted, matched-clean) folded to [0.5,1.0]",0.500000,L2a,True,0.010000,13.2406,INVALID,ground-truth regeneration (ADR-0033): fault never reached the estimator,6383676a3491dc82d70f2db20cdafb942e5c588a
20260746,P3,position_bias,1.0 m,L3,"AUC(faulted, matched-clean) folded to [0.5,1.0]",0.500000,L2a,True,0.010000,13.2406,INVALID,ground-truth regeneration (ADR-0033): fault never reached the estimator,6383676a3491dc82d70f2db20cdafb942e5c588a
20260746,P3,position_bias,1.0 m,L6,"AUC(faulted, matched-clean) folded to [0.5,1.0]",0.500000,L2a,True,0.010000,13.2406,INVALID,ground-truth regeneration (ADR-0033): fault never reached the estimator,6383676a3491dc82d70f2db20cdafb942e5c588a
20260746,P3,position_bias,1.0 m,L7,"AUC(faulted, matched-clean) folded to [0.5,1.0]",0.500000,L2a,True,0.010000,13.2406,INVALID,ground-truth regeneration (ADR-0033): fault never reached the estimator,6383676a3491dc82d70f2db20cdafb942e5c588a
20260746,P3,position_bias,1.0 m,L8,"AUC(faulted, matched-clean) folded to [0.5,1.0]",0.500000,L2a,True,0.010000,13.2406,INVALID,ground-truth regeneration (ADR-0033): fault never reached the estimator,6383676a3491dc82d70f2db20cdafb942e5c588a
20260746,P3,position_drift,2.0 m final,L1,"AUC(faulted, matched-clean) folded to [0.5,1.0]",0.950538,L2a,True,0.010000,13.2406,INVALID,ground-truth regeneration (ADR-0033): fault never reached the estimator,6383676a3491dc82d70f2db20cdafb942e5c588a
20260746,P3,position_drift,2.0 m final,L2a,"AUC(faulted, matched-clean) folded to [0.5,1.0]",0.500000,L2a,True,0.010000,13.2406,INVALID,ground-truth regeneration (ADR-0033): fault never reached the estimator,6383676a3491dc82d70f2db20cdafb942e5c588a
20260746,P3,position_drift,2.0 m final,L2b,"AUC(faulted, matched-clean) folded to [0.5,1.0]",0.500000,L2a,True,0.010000,13.2406,INVALID,ground-truth regeneration (ADR-0033): fault never reached the estimator,6383676a3491dc82d70f2db20cdafb942e5c588a
20260746,P3,position_drift,2.0 m final,L3,"AUC(faulted, matched-clean) folded to [0.5,1.0]",0.500000,L2a,True,0.010000,13.2406,INVALID,ground-truth regeneration (ADR-0033): fault never reached the estimator,6383676a3491dc82d70f2db20cdafb942e5c588a
20260746,P3,position_drift,2.0 m final,L6,"AUC(faulted, matched-clean) folded to [0.5,1.0]",0.500000,L2a,True,0.010000,13.2406,INVALID,ground-truth regeneration (ADR-0033): fault never reached the estimator,6383676a3491dc82d70f2db20cdafb942e5c588a
20260746,P3,position_drift,2.0 m final,L7,"AUC(faulted, matched-clean) folded to [0.5,1.0]",0.500000,L2a,True,0.010000,13.2406,INVALID,ground-truth regeneration (ADR-0033): fault never reached the estimator,6383676a3491dc82d70f2db20cdafb942e5c588a
20260746,P3,position_drift,2.0 m final,L8,"AUC(faulted, matched-clean) folded to [0.5,1.0]",0.500000,L2a,True,0.010000,13.2406,INVALID,ground-truth regeneration (ADR-0033): fault never reached the estimator,6383676a3491dc82d70f2db20cdafb942e5c588a
20260746,P3,speed_stuck,hold,L1,"AUC(faulted, matched-clean) folded to [0.5,1.0]",0.997500,L2a,False,0.010000,13.2257,VALID,,6383676a3491dc82d70f2db20cdafb942e5c588a
20260746,P3,speed_stuck,hold,L2a,"AUC(faulted, matched-clean) folded to [0.5,1.0]",0.556612,L2a,False,0.010000,13.2257,VALID,,6383676a3491dc82d70f2db20cdafb942e5c588a
20260746,P3,speed_stuck,hold,L2b,"AUC(faulted, matched-clean) folded to [0.5,1.0]",0.530637,L2a,False,0.010000,13.2257,VALID,,6383676a3491dc82d70f2db20cdafb942e5c588a
20260746,P3,speed_stuck,hold,L3,"AUC(faulted, matched-clean) folded to [0.5,1.0]",0.557713,L2a,False,0.010000,13.2257,VALID,,6383676a3491dc82d70f2db20cdafb942e5c588a
20260746,P3,speed_stuck,hold,L6,"AUC(faulted, matched-clean) folded to [0.5,1.0]",0.658238,L2a,False,0.010000,13.2257,VALID,,6383676a3491dc82d70f2db20cdafb942e5c588a
20260746,P3,speed_stuck,hold,L7,"AUC(faulted, matched-clean) folded to [0.5,1.0]",0.500000,L2a,False,0.010000,13.2257,VALID,,6383676a3491dc82d70f2db20cdafb942e5c588a
20260746,P3,speed_stuck,hold,L8,"AUC(faulted, matched-clean) folded to [0.5,1.0]",0.500000,L2a,False,0.010000,13.2257,VALID,,6383676a3491dc82d70f2db20cdafb942e5c588a
20260746,P3,speed_bias,3.0 m/s,L1,"AUC(faulted, matched-clean) folded to [0.5,1.0]",1.000000,L2a,False,0.010000,12.8014,VALID,,6383676a3491dc82d70f2db20cdafb942e5c588a
20260746,P3,speed_bias,3.0 m/s,L2a,"AUC(faulted, matched-clean) folded to [0.5,1.0]",0.534925,L2a,False,0.010000,12.8014,VALID,,6383676a3491dc82d70f2db20cdafb942e5c588a
20260746,P3,speed_bias,3.0 m/s,L2b,"AUC(faulted, matched-clean) folded to [0.5,1.0]",0.868050,L2a,False,0.010000,12.8014,VALID,,6383676a3491dc82d70f2db20cdafb942e5c588a
20260746,P3,speed_bias,3.0 m/s,L3,"AUC(faulted, matched-clean) folded to [0.5,1.0]",0.528438,L2a,False,0.010000,12.8014,VALID,,6383676a3491dc82d70f2db20cdafb942e5c588a
20260746,P3,speed_bias,3.0 m/s,L6,"AUC(faulted, matched-clean) folded to [0.5,1.0]",0.811800,L2a,False,0.010000,12.8014,VALID,,6383676a3491dc82d70f2db20cdafb942e5c588a
20260746,P3,speed_bias,3.0 m/s,L7,"AUC(faulted, matched-clean) folded to [0.5,1.0]",0.500000,L2a,False,0.010000,12.8014,VALID,,6383676a3491dc82d70f2db20cdafb942e5c588a
20260746,P3,speed_bias,3.0 m/s,L8,"AUC(faulted, matched-clean) folded to [0.5,1.0]",0.500000,L2a,False,0.010000,12.8014,VALID,,6383676a3491dc82d70f2db20cdafb942e5c588a
20260746,P3,lateral_noise,sigma x25,L1,"AUC(faulted, matched-clean) folded to [0.5,1.0]",1.000000,,False,0.297500,10.1447,VALID,,6383676a3491dc82d70f2db20cdafb942e5c588a
20260746,P3,lateral_noise,sigma x25,L2a,"AUC(faulted, matched-clean) folded to [0.5,1.0]",0.988500,,False,0.297500,10.1447,VALID,,6383676a3491dc82d70f2db20cdafb942e5c588a
20260746,P3,lateral_noise,sigma x25,L2b,"AUC(faulted, matched-clean) folded to [0.5,1.0]",0.837175,,False,0.297500,10.1447,VALID,,6383676a3491dc82d70f2db20cdafb942e5c588a
20260746,P3,lateral_noise,sigma x25,L3,"AUC(faulted, matched-clean) folded to [0.5,1.0]",0.988550,,False,0.297500,10.1447,VALID,,6383676a3491dc82d70f2db20cdafb942e5c588a
20260746,P3,lateral_noise,sigma x25,L6,"AUC(faulted, matched-clean) folded to [0.5,1.0]",0.983950,,False,0.297500,10.1447,VALID,,6383676a3491dc82d70f2db20cdafb942e5c588a
20260746,P3,lateral_noise,sigma x25,L7,"AUC(faulted, matched-clean) folded to [0.5,1.0]",0.787500,,False,0.297500,10.1447,VALID,,6383676a3491dc82d70f2db20cdafb942e5c588a
20260746,P3,lateral_noise,sigma x25,L8,"AUC(faulted, matched-clean) folded to [0.5,1.0]",0.885000,,False,0.297500,10.1447,VALID,,6383676a3491dc82d70f2db20cdafb942e5c588a
20260747,P3,imu_dropout,suppress IMU,L1,"AUC(faulted, matched-clean) folded to [0.5,1.0]",0.997500,L7,False,0.027500,5.9484,VALID,,6383676a3491dc82d70f2db20cdafb942e5c588a
20260747,P3,imu_dropout,suppress IMU,L2a,"AUC(faulted, matched-clean) folded to [0.5,1.0]",0.979950,L7,False,0.027500,5.9484,VALID,,6383676a3491dc82d70f2db20cdafb942e5c588a
20260747,P3,imu_dropout,suppress IMU,L2b,"AUC(faulted, matched-clean) folded to [0.5,1.0]",0.948225,L7,False,0.027500,5.9484,VALID,,6383676a3491dc82d70f2db20cdafb942e5c588a
20260747,P3,imu_dropout,suppress IMU,L3,"AUC(faulted, matched-clean) folded to [0.5,1.0]",0.979950,L7,False,0.027500,5.9484,VALID,,6383676a3491dc82d70f2db20cdafb942e5c588a
20260747,P3,imu_dropout,suppress IMU,L6,"AUC(faulted, matched-clean) folded to [0.5,1.0]",0.789075,L7,False,0.027500,5.9484,VALID,,6383676a3491dc82d70f2db20cdafb942e5c588a
20260747,P3,imu_dropout,suppress IMU,L7,"AUC(faulted, matched-clean) folded to [0.5,1.0]",0.517500,L7,False,0.027500,5.9484,VALID,,6383676a3491dc82d70f2db20cdafb942e5c588a
20260747,P3,imu_dropout,suppress IMU,L8,"AUC(faulted, matched-clean) folded to [0.5,1.0]",0.987500,L7,False,0.027500,5.9484,VALID,,6383676a3491dc82d70f2db20cdafb942e5c588a
20260747,P3,position_bias,1.0 m,L1,"AUC(faulted, matched-clean) folded to [0.5,1.0]",1.000000,L2a,True,0.010000,10.6348,INVALID,ground-truth regeneration (ADR-0033): fault never reached the estimator,6383676a3491dc82d70f2db20cdafb942e5c588a
20260747,P3,position_bias,1.0 m,L2a,"AUC(faulted, matched-clean) folded to [0.5,1.0]",0.500000,L2a,True,0.010000,10.6348,INVALID,ground-truth regeneration (ADR-0033): fault never reached the estimator,6383676a3491dc82d70f2db20cdafb942e5c588a
20260747,P3,position_bias,1.0 m,L2b,"AUC(faulted, matched-clean) folded to [0.5,1.0]",0.500000,L2a,True,0.010000,10.6348,INVALID,ground-truth regeneration (ADR-0033): fault never reached the estimator,6383676a3491dc82d70f2db20cdafb942e5c588a
20260747,P3,position_bias,1.0 m,L3,"AUC(faulted, matched-clean) folded to [0.5,1.0]",0.500000,L2a,True,0.010000,10.6348,INVALID,ground-truth regeneration (ADR-0033): fault never reached the estimator,6383676a3491dc82d70f2db20cdafb942e5c588a
20260747,P3,position_bias,1.0 m,L6,"AUC(faulted, matched-clean) folded to [0.5,1.0]",0.500000,L2a,True,0.010000,10.6348,INVALID,ground-truth regeneration (ADR-0033): fault never reached the estimator,6383676a3491dc82d70f2db20cdafb942e5c588a
20260747,P3,position_bias,1.0 m,L7,"AUC(faulted, matched-clean) folded to [0.5,1.0]",0.500000,L2a,True,0.010000,10.6348,INVALID,ground-truth regeneration (ADR-0033): fault never reached the estimator,6383676a3491dc82d70f2db20cdafb942e5c588a
20260747,P3,position_bias,1.0 m,L8,"AUC(faulted, matched-clean) folded to [0.5,1.0]",0.500000,L2a,True,0.010000,10.6348,INVALID,ground-truth regeneration (ADR-0033): fault never reached the estimator,6383676a3491dc82d70f2db20cdafb942e5c588a
20260747,P3,position_drift,2.0 m final,L1,"AUC(faulted, matched-clean) folded to [0.5,1.0]",0.974562,L2a,True,0.010000,10.6348,INVALID,ground-truth regeneration (ADR-0033): fault never reached the estimator,6383676a3491dc82d70f2db20cdafb942e5c588a
20260747,P3,position_drift,2.0 m final,L2a,"AUC(faulted, matched-clean) folded to [0.5,1.0]",0.500000,L2a,True,0.010000,10.6348,INVALID,ground-truth regeneration (ADR-0033): fault never reached the estimator,6383676a3491dc82d70f2db20cdafb942e5c588a
20260747,P3,position_drift,2.0 m final,L2b,"AUC(faulted, matched-clean) folded to [0.5,1.0]",0.500000,L2a,True,0.010000,10.6348,INVALID,ground-truth regeneration (ADR-0033): fault never reached the estimator,6383676a3491dc82d70f2db20cdafb942e5c588a
20260747,P3,position_drift,2.0 m final,L3,"AUC(faulted, matched-clean) folded to [0.5,1.0]",0.500000,L2a,True,0.010000,10.6348,INVALID,ground-truth regeneration (ADR-0033): fault never reached the estimator,6383676a3491dc82d70f2db20cdafb942e5c588a
20260747,P3,position_drift,2.0 m final,L6,"AUC(faulted, matched-clean) folded to [0.5,1.0]",0.500000,L2a,True,0.010000,10.6348,INVALID,ground-truth regeneration (ADR-0033): fault never reached the estimator,6383676a3491dc82d70f2db20cdafb942e5c588a
20260747,P3,position_drift,2.0 m final,L7,"AUC(faulted, matched-clean) folded to [0.5,1.0]",0.500000,L2a,True,0.010000,10.6348,INVALID,ground-truth regeneration (ADR-0033): fault never reached the estimator,6383676a3491dc82d70f2db20cdafb942e5c588a
20260747,P3,position_drift,2.0 m final,L8,"AUC(faulted, matched-clean) folded to [0.5,1.0]",0.500000,L2a,True,0.010000,10.6348,INVALID,ground-truth regeneration (ADR-0033): fault never reached the estimator,6383676a3491dc82d70f2db20cdafb942e5c588a
20260747,P3,speed_stuck,hold,L1,"AUC(faulted, matched-clean) folded to [0.5,1.0]",0.922500,L2a,False,0.010000,10.6554,VALID,,6383676a3491dc82d70f2db20cdafb942e5c588a
20260747,P3,speed_stuck,hold,L2a,"AUC(faulted, matched-clean) folded to [0.5,1.0]",0.567312,L2a,False,0.010000,10.6554,VALID,,6383676a3491dc82d70f2db20cdafb942e5c588a
20260747,P3,speed_stuck,hold,L2b,"AUC(faulted, matched-clean) folded to [0.5,1.0]",0.501912,L2a,False,0.010000,10.6554,VALID,,6383676a3491dc82d70f2db20cdafb942e5c588a
20260747,P3,speed_stuck,hold,L3,"AUC(faulted, matched-clean) folded to [0.5,1.0]",0.565150,L2a,False,0.010000,10.6554,VALID,,6383676a3491dc82d70f2db20cdafb942e5c588a
20260747,P3,speed_stuck,hold,L6,"AUC(faulted, matched-clean) folded to [0.5,1.0]",0.711113,L2a,False,0.010000,10.6554,VALID,,6383676a3491dc82d70f2db20cdafb942e5c588a
20260747,P3,speed_stuck,hold,L7,"AUC(faulted, matched-clean) folded to [0.5,1.0]",0.500000,L2a,False,0.010000,10.6554,VALID,,6383676a3491dc82d70f2db20cdafb942e5c588a
20260747,P3,speed_stuck,hold,L8,"AUC(faulted, matched-clean) folded to [0.5,1.0]",0.500000,L2a,False,0.010000,10.6554,VALID,,6383676a3491dc82d70f2db20cdafb942e5c588a
20260747,P3,speed_bias,3.0 m/s,L1,"AUC(faulted, matched-clean) folded to [0.5,1.0]",1.000000,L2a,False,0.010000,10.3386,VALID,,6383676a3491dc82d70f2db20cdafb942e5c588a
20260747,P3,speed_bias,3.0 m/s,L2a,"AUC(faulted, matched-clean) folded to [0.5,1.0]",0.500100,L2a,False,0.010000,10.3386,VALID,,6383676a3491dc82d70f2db20cdafb942e5c588a
20260747,P3,speed_bias,3.0 m/s,L2b,"AUC(faulted, matched-clean) folded to [0.5,1.0]",0.564000,L2a,False,0.010000,10.3386,VALID,,6383676a3491dc82d70f2db20cdafb942e5c588a
20260747,P3,speed_bias,3.0 m/s,L3,"AUC(faulted, matched-clean) folded to [0.5,1.0]",0.505100,L2a,False,0.010000,10.3386,VALID,,6383676a3491dc82d70f2db20cdafb942e5c588a
20260747,P3,speed_bias,3.0 m/s,L6,"AUC(faulted, matched-clean) folded to [0.5,1.0]",0.987325,L2a,False,0.010000,10.3386,VALID,,6383676a3491dc82d70f2db20cdafb942e5c588a
20260747,P3,speed_bias,3.0 m/s,L7,"AUC(faulted, matched-clean) folded to [0.5,1.0]",0.500000,L2a,False,0.010000,10.3386,VALID,,6383676a3491dc82d70f2db20cdafb942e5c588a
20260747,P3,speed_bias,3.0 m/s,L8,"AUC(faulted, matched-clean) folded to [0.5,1.0]",0.500000,L2a,False,0.010000,10.3386,VALID,,6383676a3491dc82d70f2db20cdafb942e5c588a
20260747,P3,lateral_noise,sigma x25,L1,"AUC(faulted, matched-clean) folded to [0.5,1.0]",0.998575,L8,True,0.207500,9.6852,VALID,,6383676a3491dc82d70f2db20cdafb942e5c588a
20260747,P3,lateral_noise,sigma x25,L2a,"AUC(faulted, matched-clean) folded to [0.5,1.0]",0.958225,L8,True,0.207500,9.6852,VALID,,6383676a3491dc82d70f2db20cdafb942e5c588a
20260747,P3,lateral_noise,sigma x25,L2b,"AUC(faulted, matched-clean) folded to [0.5,1.0]",0.876525,L8,True,0.207500,9.6852,VALID,,6383676a3491dc82d70f2db20cdafb942e5c588a
20260747,P3,lateral_noise,sigma x25,L3,"AUC(faulted, matched-clean) folded to [0.5,1.0]",0.958175,L8,True,0.207500,9.6852,VALID,,6383676a3491dc82d70f2db20cdafb942e5c588a
20260747,P3,lateral_noise,sigma x25,L6,"AUC(faulted, matched-clean) folded to [0.5,1.0]",0.940350,L8,True,0.207500,9.6852,VALID,,6383676a3491dc82d70f2db20cdafb942e5c588a
20260747,P3,lateral_noise,sigma x25,L7,"AUC(faulted, matched-clean) folded to [0.5,1.0]",0.697500,L8,True,0.207500,9.6852,VALID,,6383676a3491dc82d70f2db20cdafb942e5c588a
20260747,P3,lateral_noise,sigma x25,L8,"AUC(faulted, matched-clean) folded to [0.5,1.0]",0.590000,L8,True,0.207500,9.6852,VALID,,6383676a3491dc82d70f2db20cdafb942e5c588a
20260748,P3,imu_dropout,suppress IMU,L1,"AUC(faulted, matched-clean) folded to [0.5,1.0]",0.997500,L6,False,0.005000,6.6821,VALID,,6383676a3491dc82d70f2db20cdafb942e5c588a
20260748,P3,imu_dropout,suppress IMU,L2a,"AUC(faulted, matched-clean) folded to [0.5,1.0]",0.740250,L6,False,0.005000,6.6821,VALID,,6383676a3491dc82d70f2db20cdafb942e5c588a
20260748,P3,imu_dropout,suppress IMU,L2b,"AUC(faulted, matched-clean) folded to [0.5,1.0]",0.738125,L6,False,0.005000,6.6821,VALID,,6383676a3491dc82d70f2db20cdafb942e5c588a
20260748,P3,imu_dropout,suppress IMU,L3,"AUC(faulted, matched-clean) folded to [0.5,1.0]",0.740312,L6,False,0.005000,6.6821,VALID,,6383676a3491dc82d70f2db20cdafb942e5c588a
20260748,P3,imu_dropout,suppress IMU,L6,"AUC(faulted, matched-clean) folded to [0.5,1.0]",0.519775,L6,False,0.005000,6.6821,VALID,,6383676a3491dc82d70f2db20cdafb942e5c588a
20260748,P3,imu_dropout,suppress IMU,L7,"AUC(faulted, matched-clean) folded to [0.5,1.0]",0.500000,L6,False,0.005000,6.6821,VALID,,6383676a3491dc82d70f2db20cdafb942e5c588a
20260748,P3,imu_dropout,suppress IMU,L8,"AUC(faulted, matched-clean) folded to [0.5,1.0]",0.987500,L6,False,0.005000,6.6821,VALID,,6383676a3491dc82d70f2db20cdafb942e5c588a
20260748,P3,position_bias,1.0 m,L1,"AUC(faulted, matched-clean) folded to [0.5,1.0]",1.000000,L2a,True,0.005000,11.7051,INVALID,ground-truth regeneration (ADR-0033): fault never reached the estimator,6383676a3491dc82d70f2db20cdafb942e5c588a
20260748,P3,position_bias,1.0 m,L2a,"AUC(faulted, matched-clean) folded to [0.5,1.0]",0.500000,L2a,True,0.005000,11.7051,INVALID,ground-truth regeneration (ADR-0033): fault never reached the estimator,6383676a3491dc82d70f2db20cdafb942e5c588a
20260748,P3,position_bias,1.0 m,L2b,"AUC(faulted, matched-clean) folded to [0.5,1.0]",0.500000,L2a,True,0.005000,11.7051,INVALID,ground-truth regeneration (ADR-0033): fault never reached the estimator,6383676a3491dc82d70f2db20cdafb942e5c588a
20260748,P3,position_bias,1.0 m,L3,"AUC(faulted, matched-clean) folded to [0.5,1.0]",0.500000,L2a,True,0.005000,11.7051,INVALID,ground-truth regeneration (ADR-0033): fault never reached the estimator,6383676a3491dc82d70f2db20cdafb942e5c588a
20260748,P3,position_bias,1.0 m,L6,"AUC(faulted, matched-clean) folded to [0.5,1.0]",0.500000,L2a,True,0.005000,11.7051,INVALID,ground-truth regeneration (ADR-0033): fault never reached the estimator,6383676a3491dc82d70f2db20cdafb942e5c588a
20260748,P3,position_bias,1.0 m,L7,"AUC(faulted, matched-clean) folded to [0.5,1.0]",0.500000,L2a,True,0.005000,11.7051,INVALID,ground-truth regeneration (ADR-0033): fault never reached the estimator,6383676a3491dc82d70f2db20cdafb942e5c588a
20260748,P3,position_bias,1.0 m,L8,"AUC(faulted, matched-clean) folded to [0.5,1.0]",0.500000,L2a,True,0.005000,11.7051,INVALID,ground-truth regeneration (ADR-0033): fault never reached the estimator,6383676a3491dc82d70f2db20cdafb942e5c588a
20260748,P3,position_drift,2.0 m final,L1,"AUC(faulted, matched-clean) folded to [0.5,1.0]",0.970337,L2a,True,0.005000,11.7051,INVALID,ground-truth regeneration (ADR-0033): fault never reached the estimator,6383676a3491dc82d70f2db20cdafb942e5c588a
20260748,P3,position_drift,2.0 m final,L2a,"AUC(faulted, matched-clean) folded to [0.5,1.0]",0.500000,L2a,True,0.005000,11.7051,INVALID,ground-truth regeneration (ADR-0033): fault never reached the estimator,6383676a3491dc82d70f2db20cdafb942e5c588a
20260748,P3,position_drift,2.0 m final,L2b,"AUC(faulted, matched-clean) folded to [0.5,1.0]",0.500000,L2a,True,0.005000,11.7051,INVALID,ground-truth regeneration (ADR-0033): fault never reached the estimator,6383676a3491dc82d70f2db20cdafb942e5c588a
20260748,P3,position_drift,2.0 m final,L3,"AUC(faulted, matched-clean) folded to [0.5,1.0]",0.500000,L2a,True,0.005000,11.7051,INVALID,ground-truth regeneration (ADR-0033): fault never reached the estimator,6383676a3491dc82d70f2db20cdafb942e5c588a
20260748,P3,position_drift,2.0 m final,L6,"AUC(faulted, matched-clean) folded to [0.5,1.0]",0.500000,L2a,True,0.005000,11.7051,INVALID,ground-truth regeneration (ADR-0033): fault never reached the estimator,6383676a3491dc82d70f2db20cdafb942e5c588a
20260748,P3,position_drift,2.0 m final,L7,"AUC(faulted, matched-clean) folded to [0.5,1.0]",0.500000,L2a,True,0.005000,11.7051,INVALID,ground-truth regeneration (ADR-0033): fault never reached the estimator,6383676a3491dc82d70f2db20cdafb942e5c588a
20260748,P3,position_drift,2.0 m final,L8,"AUC(faulted, matched-clean) folded to [0.5,1.0]",0.500000,L2a,True,0.005000,11.7051,INVALID,ground-truth regeneration (ADR-0033): fault never reached the estimator,6383676a3491dc82d70f2db20cdafb942e5c588a
20260748,P3,speed_stuck,hold,L1,"AUC(faulted, matched-clean) folded to [0.5,1.0]",0.777500,L2a,True,0.005000,11.7168,VALID,,6383676a3491dc82d70f2db20cdafb942e5c588a
20260748,P3,speed_stuck,hold,L2a,"AUC(faulted, matched-clean) folded to [0.5,1.0]",0.552063,L2a,True,0.005000,11.7168,VALID,,6383676a3491dc82d70f2db20cdafb942e5c588a
20260748,P3,speed_stuck,hold,L2b,"AUC(faulted, matched-clean) folded to [0.5,1.0]",0.516338,L2a,True,0.005000,11.7168,VALID,,6383676a3491dc82d70f2db20cdafb942e5c588a
20260748,P3,speed_stuck,hold,L3,"AUC(faulted, matched-clean) folded to [0.5,1.0]",0.551813,L2a,True,0.005000,11.7168,VALID,,6383676a3491dc82d70f2db20cdafb942e5c588a
20260748,P3,speed_stuck,hold,L6,"AUC(faulted, matched-clean) folded to [0.5,1.0]",0.515837,L2a,True,0.005000,11.7168,VALID,,6383676a3491dc82d70f2db20cdafb942e5c588a
20260748,P3,speed_stuck,hold,L7,"AUC(faulted, matched-clean) folded to [0.5,1.0]",0.500000,L2a,True,0.005000,11.7168,VALID,,6383676a3491dc82d70f2db20cdafb942e5c588a
20260748,P3,speed_stuck,hold,L8,"AUC(faulted, matched-clean) folded to [0.5,1.0]",0.500000,L2a,True,0.005000,11.7168,VALID,,6383676a3491dc82d70f2db20cdafb942e5c588a
20260748,P3,speed_bias,3.0 m/s,L1,"AUC(faulted, matched-clean) folded to [0.5,1.0]",1.000000,L2a,False,0.005000,11.3402,VALID,,6383676a3491dc82d70f2db20cdafb942e5c588a
20260748,P3,speed_bias,3.0 m/s,L2a,"AUC(faulted, matched-clean) folded to [0.5,1.0]",0.513750,L2a,False,0.005000,11.3402,VALID,,6383676a3491dc82d70f2db20cdafb942e5c588a
20260748,P3,speed_bias,3.0 m/s,L2b,"AUC(faulted, matched-clean) folded to [0.5,1.0]",0.589900,L2a,False,0.005000,11.3402,VALID,,6383676a3491dc82d70f2db20cdafb942e5c588a
20260748,P3,speed_bias,3.0 m/s,L3,"AUC(faulted, matched-clean) folded to [0.5,1.0]",0.508900,L2a,False,0.005000,11.3402,VALID,,6383676a3491dc82d70f2db20cdafb942e5c588a
20260748,P3,speed_bias,3.0 m/s,L6,"AUC(faulted, matched-clean) folded to [0.5,1.0]",0.950875,L2a,False,0.005000,11.3402,VALID,,6383676a3491dc82d70f2db20cdafb942e5c588a
20260748,P3,speed_bias,3.0 m/s,L7,"AUC(faulted, matched-clean) folded to [0.5,1.0]",0.500000,L2a,False,0.005000,11.3402,VALID,,6383676a3491dc82d70f2db20cdafb942e5c588a
20260748,P3,speed_bias,3.0 m/s,L8,"AUC(faulted, matched-clean) folded to [0.5,1.0]",0.500000,L2a,False,0.005000,11.3402,VALID,,6383676a3491dc82d70f2db20cdafb942e5c588a
20260748,P3,lateral_noise,sigma x25,L1,"AUC(faulted, matched-clean) folded to [0.5,1.0]",0.999875,L8,True,0.217500,10.2438,VALID,,6383676a3491dc82d70f2db20cdafb942e5c588a
20260748,P3,lateral_noise,sigma x25,L2a,"AUC(faulted, matched-clean) folded to [0.5,1.0]",0.978725,L8,True,0.217500,10.2438,VALID,,6383676a3491dc82d70f2db20cdafb942e5c588a
20260748,P3,lateral_noise,sigma x25,L2b,"AUC(faulted, matched-clean) folded to [0.5,1.0]",0.758125,L8,True,0.217500,10.2438,VALID,,6383676a3491dc82d70f2db20cdafb942e5c588a
20260748,P3,lateral_noise,sigma x25,L3,"AUC(faulted, matched-clean) folded to [0.5,1.0]",0.978750,L8,True,0.217500,10.2438,VALID,,6383676a3491dc82d70f2db20cdafb942e5c588a
20260748,P3,lateral_noise,sigma x25,L6,"AUC(faulted, matched-clean) folded to [0.5,1.0]",0.998225,L8,True,0.217500,10.2438,VALID,,6383676a3491dc82d70f2db20cdafb942e5c588a
20260748,P3,lateral_noise,sigma x25,L7,"AUC(faulted, matched-clean) folded to [0.5,1.0]",0.712500,L8,True,0.217500,10.2438,VALID,,6383676a3491dc82d70f2db20cdafb942e5c588a
20260748,P3,lateral_noise,sigma x25,L8,"AUC(faulted, matched-clean) folded to [0.5,1.0]",0.535000,L8,True,0.217500,10.2438,VALID,,6383676a3491dc82d70f2db20cdafb942e5c588a
20260749,P3,imu_dropout,suppress IMU,L1,"AUC(faulted, matched-clean) folded to [0.5,1.0]",0.997500,L6,False,0.012500,7.6184,VALID,,6383676a3491dc82d70f2db20cdafb942e5c588a
20260749,P3,imu_dropout,suppress IMU,L2a,"AUC(faulted, matched-clean) folded to [0.5,1.0]",0.860750,L6,False,0.012500,7.6184,VALID,,6383676a3491dc82d70f2db20cdafb942e5c588a
20260749,P3,imu_dropout,suppress IMU,L2b,"AUC(faulted, matched-clean) folded to [0.5,1.0]",0.893225,L6,False,0.012500,7.6184,VALID,,6383676a3491dc82d70f2db20cdafb942e5c588a
20260749,P3,imu_dropout,suppress IMU,L3,"AUC(faulted, matched-clean) folded to [0.5,1.0]",0.860800,L6,False,0.012500,7.6184,VALID,,6383676a3491dc82d70f2db20cdafb942e5c588a
20260749,P3,imu_dropout,suppress IMU,L6,"AUC(faulted, matched-clean) folded to [0.5,1.0]",0.570475,L6,False,0.012500,7.6184,VALID,,6383676a3491dc82d70f2db20cdafb942e5c588a
20260749,P3,imu_dropout,suppress IMU,L7,"AUC(faulted, matched-clean) folded to [0.5,1.0]",0.500000,L6,False,0.012500,7.6184,VALID,,6383676a3491dc82d70f2db20cdafb942e5c588a
20260749,P3,imu_dropout,suppress IMU,L8,"AUC(faulted, matched-clean) folded to [0.5,1.0]",0.987500,L6,False,0.012500,7.6184,VALID,,6383676a3491dc82d70f2db20cdafb942e5c588a
20260749,P3,position_bias,1.0 m,L1,"AUC(faulted, matched-clean) folded to [0.5,1.0]",1.000000,L2a,True,0.012500,13.0403,INVALID,ground-truth regeneration (ADR-0033): fault never reached the estimator,6383676a3491dc82d70f2db20cdafb942e5c588a
20260749,P3,position_bias,1.0 m,L2a,"AUC(faulted, matched-clean) folded to [0.5,1.0]",0.500000,L2a,True,0.012500,13.0403,INVALID,ground-truth regeneration (ADR-0033): fault never reached the estimator,6383676a3491dc82d70f2db20cdafb942e5c588a
20260749,P3,position_bias,1.0 m,L2b,"AUC(faulted, matched-clean) folded to [0.5,1.0]",0.500000,L2a,True,0.012500,13.0403,INVALID,ground-truth regeneration (ADR-0033): fault never reached the estimator,6383676a3491dc82d70f2db20cdafb942e5c588a
20260749,P3,position_bias,1.0 m,L3,"AUC(faulted, matched-clean) folded to [0.5,1.0]",0.500000,L2a,True,0.012500,13.0403,INVALID,ground-truth regeneration (ADR-0033): fault never reached the estimator,6383676a3491dc82d70f2db20cdafb942e5c588a
20260749,P3,position_bias,1.0 m,L6,"AUC(faulted, matched-clean) folded to [0.5,1.0]",0.500000,L2a,True,0.012500,13.0403,INVALID,ground-truth regeneration (ADR-0033): fault never reached the estimator,6383676a3491dc82d70f2db20cdafb942e5c588a
20260749,P3,position_bias,1.0 m,L7,"AUC(faulted, matched-clean) folded to [0.5,1.0]",0.500000,L2a,True,0.012500,13.0403,INVALID,ground-truth regeneration (ADR-0033): fault never reached the estimator,6383676a3491dc82d70f2db20cdafb942e5c588a
20260749,P3,position_bias,1.0 m,L8,"AUC(faulted, matched-clean) folded to [0.5,1.0]",0.500000,L2a,True,0.012500,13.0403,INVALID,ground-truth regeneration (ADR-0033): fault never reached the estimator,6383676a3491dc82d70f2db20cdafb942e5c588a
20260749,P3,position_drift,2.0 m final,L1,"AUC(faulted, matched-clean) folded to [0.5,1.0]",0.970287,L2a,True,0.012500,13.0403,INVALID,ground-truth regeneration (ADR-0033): fault never reached the estimator,6383676a3491dc82d70f2db20cdafb942e5c588a
20260749,P3,position_drift,2.0 m final,L2a,"AUC(faulted, matched-clean) folded to [0.5,1.0]",0.500000,L2a,True,0.012500,13.0403,INVALID,ground-truth regeneration (ADR-0033): fault never reached the estimator,6383676a3491dc82d70f2db20cdafb942e5c588a
20260749,P3,position_drift,2.0 m final,L2b,"AUC(faulted, matched-clean) folded to [0.5,1.0]",0.500000,L2a,True,0.012500,13.0403,INVALID,ground-truth regeneration (ADR-0033): fault never reached the estimator,6383676a3491dc82d70f2db20cdafb942e5c588a
20260749,P3,position_drift,2.0 m final,L3,"AUC(faulted, matched-clean) folded to [0.5,1.0]",0.500000,L2a,True,0.012500,13.0403,INVALID,ground-truth regeneration (ADR-0033): fault never reached the estimator,6383676a3491dc82d70f2db20cdafb942e5c588a
20260749,P3,position_drift,2.0 m final,L6,"AUC(faulted, matched-clean) folded to [0.5,1.0]",0.500000,L2a,True,0.012500,13.0403,INVALID,ground-truth regeneration (ADR-0033): fault never reached the estimator,6383676a3491dc82d70f2db20cdafb942e5c588a
20260749,P3,position_drift,2.0 m final,L7,"AUC(faulted, matched-clean) folded to [0.5,1.0]",0.500000,L2a,True,0.012500,13.0403,INVALID,ground-truth regeneration (ADR-0033): fault never reached the estimator,6383676a3491dc82d70f2db20cdafb942e5c588a
20260749,P3,position_drift,2.0 m final,L8,"AUC(faulted, matched-clean) folded to [0.5,1.0]",0.500000,L2a,True,0.012500,13.0403,INVALID,ground-truth regeneration (ADR-0033): fault never reached the estimator,6383676a3491dc82d70f2db20cdafb942e5c588a
20260749,P3,speed_stuck,hold,L1,"AUC(faulted, matched-clean) folded to [0.5,1.0]",0.967500,L2a,False,0.012500,13.0318,VALID,,6383676a3491dc82d70f2db20cdafb942e5c588a
20260749,P3,speed_stuck,hold,L2a,"AUC(faulted, matched-clean) folded to [0.5,1.0]",0.553862,L2a,False,0.012500,13.0318,VALID,,6383676a3491dc82d70f2db20cdafb942e5c588a
20260749,P3,speed_stuck,hold,L2b,"AUC(faulted, matched-clean) folded to [0.5,1.0]",0.514888,L2a,False,0.012500,13.0318,VALID,,6383676a3491dc82d70f2db20cdafb942e5c588a
20260749,P3,speed_stuck,hold,L3,"AUC(faulted, matched-clean) folded to [0.5,1.0]",0.552950,L2a,False,0.012500,13.0318,VALID,,6383676a3491dc82d70f2db20cdafb942e5c588a
20260749,P3,speed_stuck,hold,L6,"AUC(faulted, matched-clean) folded to [0.5,1.0]",0.623513,L2a,False,0.012500,13.0318,VALID,,6383676a3491dc82d70f2db20cdafb942e5c588a
20260749,P3,speed_stuck,hold,L7,"AUC(faulted, matched-clean) folded to [0.5,1.0]",0.500000,L2a,False,0.012500,13.0318,VALID,,6383676a3491dc82d70f2db20cdafb942e5c588a
20260749,P3,speed_stuck,hold,L8,"AUC(faulted, matched-clean) folded to [0.5,1.0]",0.500000,L2a,False,0.012500,13.0318,VALID,,6383676a3491dc82d70f2db20cdafb942e5c588a
20260749,P3,speed_bias,3.0 m/s,L1,"AUC(faulted, matched-clean) folded to [0.5,1.0]",1.000000,L2a,False,0.012500,12.6045,VALID,,6383676a3491dc82d70f2db20cdafb942e5c588a
20260749,P3,speed_bias,3.0 m/s,L2a,"AUC(faulted, matched-clean) folded to [0.5,1.0]",0.529375,L2a,False,0.012500,12.6045,VALID,,6383676a3491dc82d70f2db20cdafb942e5c588a
20260749,P3,speed_bias,3.0 m/s,L2b,"AUC(faulted, matched-clean) folded to [0.5,1.0]",0.899900,L2a,False,0.012500,12.6045,VALID,,6383676a3491dc82d70f2db20cdafb942e5c588a
20260749,P3,speed_bias,3.0 m/s,L3,"AUC(faulted, matched-clean) folded to [0.5,1.0]",0.524212,L2a,False,0.012500,12.6045,VALID,,6383676a3491dc82d70f2db20cdafb942e5c588a
20260749,P3,speed_bias,3.0 m/s,L6,"AUC(faulted, matched-clean) folded to [0.5,1.0]",0.860250,L2a,False,0.012500,12.6045,VALID,,6383676a3491dc82d70f2db20cdafb942e5c588a
20260749,P3,speed_bias,3.0 m/s,L7,"AUC(faulted, matched-clean) folded to [0.5,1.0]",0.500000,L2a,False,0.012500,12.6045,VALID,,6383676a3491dc82d70f2db20cdafb942e5c588a
20260749,P3,speed_bias,3.0 m/s,L8,"AUC(faulted, matched-clean) folded to [0.5,1.0]",0.500000,L2a,False,0.012500,12.6045,VALID,,6383676a3491dc82d70f2db20cdafb942e5c588a
20260749,P3,lateral_noise,sigma x25,L1,"AUC(faulted, matched-clean) folded to [0.5,1.0]",1.000000,,False,0.327500,10.9367,VALID,,6383676a3491dc82d70f2db20cdafb942e5c588a
20260749,P3,lateral_noise,sigma x25,L2a,"AUC(faulted, matched-clean) folded to [0.5,1.0]",0.976925,,False,0.327500,10.9367,VALID,,6383676a3491dc82d70f2db20cdafb942e5c588a
20260749,P3,lateral_noise,sigma x25,L2b,"AUC(faulted, matched-clean) folded to [0.5,1.0]",0.896637,,False,0.327500,10.9367,VALID,,6383676a3491dc82d70f2db20cdafb942e5c588a
20260749,P3,lateral_noise,sigma x25,L3,"AUC(faulted, matched-clean) folded to [0.5,1.0]",0.976988,,False,0.327500,10.9367,VALID,,6383676a3491dc82d70f2db20cdafb942e5c588a
20260749,P3,lateral_noise,sigma x25,L6,"AUC(faulted, matched-clean) folded to [0.5,1.0]",0.995650,,False,0.327500,10.9367,VALID,,6383676a3491dc82d70f2db20cdafb942e5c588a
20260749,P3,lateral_noise,sigma x25,L7,"AUC(faulted, matched-clean) folded to [0.5,1.0]",0.815000,,False,0.327500,10.9367,VALID,,6383676a3491dc82d70f2db20cdafb942e5c588a
20260749,P3,lateral_noise,sigma x25,L8,"AUC(faulted, matched-clean) folded to [0.5,1.0]",0.800000,,False,0.327500,10.9367,VALID,,6383676a3491dc82d70f2db20cdafb942e5c588a
20260750,P3,imu_dropout,suppress IMU,L1,"AUC(faulted, matched-clean) folded to [0.5,1.0]",0.997500,L7,False,0.000000,5.9876,VALID,,6383676a3491dc82d70f2db20cdafb942e5c588a
20260750,P3,imu_dropout,suppress IMU,L2a,"AUC(faulted, matched-clean) folded to [0.5,1.0]",0.847150,L7,False,0.000000,5.9876,VALID,,6383676a3491dc82d70f2db20cdafb942e5c588a
20260750,P3,imu_dropout,suppress IMU,L2b,"AUC(faulted, matched-clean) folded to [0.5,1.0]",0.627675,L7,False,0.000000,5.9876,VALID,,6383676a3491dc82d70f2db20cdafb942e5c588a
20260750,P3,imu_dropout,suppress IMU,L3,"AUC(faulted, matched-clean) folded to [0.5,1.0]",0.847175,L7,False,0.000000,5.9876,VALID,,6383676a3491dc82d70f2db20cdafb942e5c588a
20260750,P3,imu_dropout,suppress IMU,L6,"AUC(faulted, matched-clean) folded to [0.5,1.0]",0.911800,L7,False,0.000000,5.9876,VALID,,6383676a3491dc82d70f2db20cdafb942e5c588a
20260750,P3,imu_dropout,suppress IMU,L7,"AUC(faulted, matched-clean) folded to [0.5,1.0]",0.500000,L7,False,0.000000,5.9876,VALID,,6383676a3491dc82d70f2db20cdafb942e5c588a
20260750,P3,imu_dropout,suppress IMU,L8,"AUC(faulted, matched-clean) folded to [0.5,1.0]",0.987500,L7,False,0.000000,5.9876,VALID,,6383676a3491dc82d70f2db20cdafb942e5c588a
20260750,P3,position_bias,1.0 m,L1,"AUC(faulted, matched-clean) folded to [0.5,1.0]",1.000000,L2a,True,0.000000,10.7392,INVALID,ground-truth regeneration (ADR-0033): fault never reached the estimator,6383676a3491dc82d70f2db20cdafb942e5c588a
20260750,P3,position_bias,1.0 m,L2a,"AUC(faulted, matched-clean) folded to [0.5,1.0]",0.500000,L2a,True,0.000000,10.7392,INVALID,ground-truth regeneration (ADR-0033): fault never reached the estimator,6383676a3491dc82d70f2db20cdafb942e5c588a
20260750,P3,position_bias,1.0 m,L2b,"AUC(faulted, matched-clean) folded to [0.5,1.0]",0.500000,L2a,True,0.000000,10.7392,INVALID,ground-truth regeneration (ADR-0033): fault never reached the estimator,6383676a3491dc82d70f2db20cdafb942e5c588a
20260750,P3,position_bias,1.0 m,L3,"AUC(faulted, matched-clean) folded to [0.5,1.0]",0.500000,L2a,True,0.000000,10.7392,INVALID,ground-truth regeneration (ADR-0033): fault never reached the estimator,6383676a3491dc82d70f2db20cdafb942e5c588a
20260750,P3,position_bias,1.0 m,L6,"AUC(faulted, matched-clean) folded to [0.5,1.0]",0.500000,L2a,True,0.000000,10.7392,INVALID,ground-truth regeneration (ADR-0033): fault never reached the estimator,6383676a3491dc82d70f2db20cdafb942e5c588a
20260750,P3,position_bias,1.0 m,L7,"AUC(faulted, matched-clean) folded to [0.5,1.0]",0.500000,L2a,True,0.000000,10.7392,INVALID,ground-truth regeneration (ADR-0033): fault never reached the estimator,6383676a3491dc82d70f2db20cdafb942e5c588a
20260750,P3,position_bias,1.0 m,L8,"AUC(faulted, matched-clean) folded to [0.5,1.0]",0.500000,L2a,True,0.000000,10.7392,INVALID,ground-truth regeneration (ADR-0033): fault never reached the estimator,6383676a3491dc82d70f2db20cdafb942e5c588a
20260750,P3,position_drift,2.0 m final,L1,"AUC(faulted, matched-clean) folded to [0.5,1.0]",0.968137,L2a,True,0.000000,10.7392,INVALID,ground-truth regeneration (ADR-0033): fault never reached the estimator,6383676a3491dc82d70f2db20cdafb942e5c588a
20260750,P3,position_drift,2.0 m final,L2a,"AUC(faulted, matched-clean) folded to [0.5,1.0]",0.500000,L2a,True,0.000000,10.7392,INVALID,ground-truth regeneration (ADR-0033): fault never reached the estimator,6383676a3491dc82d70f2db20cdafb942e5c588a
20260750,P3,position_drift,2.0 m final,L2b,"AUC(faulted, matched-clean) folded to [0.5,1.0]",0.500000,L2a,True,0.000000,10.7392,INVALID,ground-truth regeneration (ADR-0033): fault never reached the estimator,6383676a3491dc82d70f2db20cdafb942e5c588a
20260750,P3,position_drift,2.0 m final,L3,"AUC(faulted, matched-clean) folded to [0.5,1.0]",0.500000,L2a,True,0.000000,10.7392,INVALID,ground-truth regeneration (ADR-0033): fault never reached the estimator,6383676a3491dc82d70f2db20cdafb942e5c588a
20260750,P3,position_drift,2.0 m final,L6,"AUC(faulted, matched-clean) folded to [0.5,1.0]",0.500000,L2a,True,0.000000,10.7392,INVALID,ground-truth regeneration (ADR-0033): fault never reached the estimator,6383676a3491dc82d70f2db20cdafb942e5c588a
20260750,P3,position_drift,2.0 m final,L7,"AUC(faulted, matched-clean) folded to [0.5,1.0]",0.500000,L2a,True,0.000000,10.7392,INVALID,ground-truth regeneration (ADR-0033): fault never reached the estimator,6383676a3491dc82d70f2db20cdafb942e5c588a
20260750,P3,position_drift,2.0 m final,L8,"AUC(faulted, matched-clean) folded to [0.5,1.0]",0.500000,L2a,True,0.000000,10.7392,INVALID,ground-truth regeneration (ADR-0033): fault never reached the estimator,6383676a3491dc82d70f2db20cdafb942e5c588a
20260750,P3,speed_stuck,hold,L1,"AUC(faulted, matched-clean) folded to [0.5,1.0]",0.967500,L2a,False,0.000000,10.7617,VALID,,6383676a3491dc82d70f2db20cdafb942e5c588a
20260750,P3,speed_stuck,hold,L2a,"AUC(faulted, matched-clean) folded to [0.5,1.0]",0.574912,L2a,False,0.000000,10.7617,VALID,,6383676a3491dc82d70f2db20cdafb942e5c588a
20260750,P3,speed_stuck,hold,L2b,"AUC(faulted, matched-clean) folded to [0.5,1.0]",0.502163,L2a,False,0.000000,10.7617,VALID,,6383676a3491dc82d70f2db20cdafb942e5c588a
20260750,P3,speed_stuck,hold,L3,"AUC(faulted, matched-clean) folded to [0.5,1.0]",0.574175,L2a,False,0.000000,10.7617,VALID,,6383676a3491dc82d70f2db20cdafb942e5c588a
20260750,P3,speed_stuck,hold,L6,"AUC(faulted, matched-clean) folded to [0.5,1.0]",0.681913,L2a,False,0.000000,10.7617,VALID,,6383676a3491dc82d70f2db20cdafb942e5c588a
20260750,P3,speed_stuck,hold,L7,"AUC(faulted, matched-clean) folded to [0.5,1.0]",0.500000,L2a,False,0.000000,10.7617,VALID,,6383676a3491dc82d70f2db20cdafb942e5c588a
20260750,P3,speed_stuck,hold,L8,"AUC(faulted, matched-clean) folded to [0.5,1.0]",0.500000,L2a,False,0.000000,10.7617,VALID,,6383676a3491dc82d70f2db20cdafb942e5c588a
20260750,P3,speed_bias,3.0 m/s,L1,"AUC(faulted, matched-clean) folded to [0.5,1.0]",1.000000,L2a,False,0.000000,10.4311,VALID,,6383676a3491dc82d70f2db20cdafb942e5c588a
20260750,P3,speed_bias,3.0 m/s,L2a,"AUC(faulted, matched-clean) folded to [0.5,1.0]",0.501175,L2a,False,0.000000,10.4311,VALID,,6383676a3491dc82d70f2db20cdafb942e5c588a
20260750,P3,speed_bias,3.0 m/s,L2b,"AUC(faulted, matched-clean) folded to [0.5,1.0]",0.514775,L2a,False,0.000000,10.4311,VALID,,6383676a3491dc82d70f2db20cdafb942e5c588a
20260750,P3,speed_bias,3.0 m/s,L3,"AUC(faulted, matched-clean) folded to [0.5,1.0]",0.503763,L2a,False,0.000000,10.4311,VALID,,6383676a3491dc82d70f2db20cdafb942e5c588a
20260750,P3,speed_bias,3.0 m/s,L6,"AUC(faulted, matched-clean) folded to [0.5,1.0]",0.966300,L2a,False,0.000000,10.4311,VALID,,6383676a3491dc82d70f2db20cdafb942e5c588a
20260750,P3,speed_bias,3.0 m/s,L7,"AUC(faulted, matched-clean) folded to [0.5,1.0]",0.500000,L2a,False,0.000000,10.4311,VALID,,6383676a3491dc82d70f2db20cdafb942e5c588a
20260750,P3,speed_bias,3.0 m/s,L8,"AUC(faulted, matched-clean) folded to [0.5,1.0]",0.500000,L2a,False,0.000000,10.4311,VALID,,6383676a3491dc82d70f2db20cdafb942e5c588a
20260750,P3,lateral_noise,sigma x25,L1,"AUC(faulted, matched-clean) folded to [0.5,1.0]",0.998325,,False,0.245000,8.9810,VALID,,6383676a3491dc82d70f2db20cdafb942e5c588a
20260750,P3,lateral_noise,sigma x25,L2a,"AUC(faulted, matched-clean) folded to [0.5,1.0]",0.981750,,False,0.245000,8.9810,VALID,,6383676a3491dc82d70f2db20cdafb942e5c588a
20260750,P3,lateral_noise,sigma x25,L2b,"AUC(faulted, matched-clean) folded to [0.5,1.0]",0.858550,,False,0.245000,8.9810,VALID,,6383676a3491dc82d70f2db20cdafb942e5c588a
20260750,P3,lateral_noise,sigma x25,L3,"AUC(faulted, matched-clean) folded to [0.5,1.0]",0.981862,,False,0.245000,8.9810,VALID,,6383676a3491dc82d70f2db20cdafb942e5c588a
20260750,P3,lateral_noise,sigma x25,L6,"AUC(faulted, matched-clean) folded to [0.5,1.0]",0.986075,,False,0.245000,8.9810,VALID,,6383676a3491dc82d70f2db20cdafb942e5c588a
20260750,P3,lateral_noise,sigma x25,L7,"AUC(faulted, matched-clean) folded to [0.5,1.0]",0.745000,,False,0.245000,8.9810,VALID,,6383676a3491dc82d70f2db20cdafb942e5c588a
20260750,P3,lateral_noise,sigma x25,L8,"AUC(faulted, matched-clean) folded to [0.5,1.0]",0.775000,,False,0.245000,8.9810,VALID,,6383676a3491dc82d70f2db20cdafb942e5c588a
20260751,P3,imu_dropout,suppress IMU,L1,"AUC(faulted, matched-clean) folded to [0.5,1.0]",0.997500,L2a,False,0.010000,6.3415,VALID,,6383676a3491dc82d70f2db20cdafb942e5c588a
20260751,P3,imu_dropout,suppress IMU,L2a,"AUC(faulted, matched-clean) folded to [0.5,1.0]",0.543900,L2a,False,0.010000,6.3415,VALID,,6383676a3491dc82d70f2db20cdafb942e5c588a
20260751,P3,imu_dropout,suppress IMU,L2b,"AUC(faulted, matched-clean) folded to [0.5,1.0]",0.726325,L2a,False,0.010000,6.3415,VALID,,6383676a3491dc82d70f2db20cdafb942e5c588a
20260751,P3,imu_dropout,suppress IMU,L3,"AUC(faulted, matched-clean) folded to [0.5,1.0]",0.543813,L2a,False,0.010000,6.3415,VALID,,6383676a3491dc82d70f2db20cdafb942e5c588a
20260751,P3,imu_dropout,suppress IMU,L6,"AUC(faulted, matched-clean) folded to [0.5,1.0]",0.717825,L2a,False,0.010000,6.3415,VALID,,6383676a3491dc82d70f2db20cdafb942e5c588a
20260751,P3,imu_dropout,suppress IMU,L7,"AUC(faulted, matched-clean) folded to [0.5,1.0]",0.500000,L2a,False,0.010000,6.3415,VALID,,6383676a3491dc82d70f2db20cdafb942e5c588a
20260751,P3,imu_dropout,suppress IMU,L8,"AUC(faulted, matched-clean) folded to [0.5,1.0]",0.987500,L2a,False,0.010000,6.3415,VALID,,6383676a3491dc82d70f2db20cdafb942e5c588a
20260751,P3,position_bias,1.0 m,L1,"AUC(faulted, matched-clean) folded to [0.5,1.0]",1.000000,L2a,True,0.010000,11.2132,INVALID,ground-truth regeneration (ADR-0033): fault never reached the estimator,6383676a3491dc82d70f2db20cdafb942e5c588a
20260751,P3,position_bias,1.0 m,L2a,"AUC(faulted, matched-clean) folded to [0.5,1.0]",0.500000,L2a,True,0.010000,11.2132,INVALID,ground-truth regeneration (ADR-0033): fault never reached the estimator,6383676a3491dc82d70f2db20cdafb942e5c588a
20260751,P3,position_bias,1.0 m,L2b,"AUC(faulted, matched-clean) folded to [0.5,1.0]",0.500000,L2a,True,0.010000,11.2132,INVALID,ground-truth regeneration (ADR-0033): fault never reached the estimator,6383676a3491dc82d70f2db20cdafb942e5c588a
20260751,P3,position_bias,1.0 m,L3,"AUC(faulted, matched-clean) folded to [0.5,1.0]",0.500000,L2a,True,0.010000,11.2132,INVALID,ground-truth regeneration (ADR-0033): fault never reached the estimator,6383676a3491dc82d70f2db20cdafb942e5c588a
20260751,P3,position_bias,1.0 m,L6,"AUC(faulted, matched-clean) folded to [0.5,1.0]",0.500000,L2a,True,0.010000,11.2132,INVALID,ground-truth regeneration (ADR-0033): fault never reached the estimator,6383676a3491dc82d70f2db20cdafb942e5c588a
20260751,P3,position_bias,1.0 m,L7,"AUC(faulted, matched-clean) folded to [0.5,1.0]",0.500000,L2a,True,0.010000,11.2132,INVALID,ground-truth regeneration (ADR-0033): fault never reached the estimator,6383676a3491dc82d70f2db20cdafb942e5c588a
20260751,P3,position_bias,1.0 m,L8,"AUC(faulted, matched-clean) folded to [0.5,1.0]",0.500000,L2a,True,0.010000,11.2132,INVALID,ground-truth regeneration (ADR-0033): fault never reached the estimator,6383676a3491dc82d70f2db20cdafb942e5c588a
20260751,P3,position_drift,2.0 m final,L1,"AUC(faulted, matched-clean) folded to [0.5,1.0]",0.957013,L2a,True,0.010000,11.2132,INVALID,ground-truth regeneration (ADR-0033): fault never reached the estimator,6383676a3491dc82d70f2db20cdafb942e5c588a
20260751,P3,position_drift,2.0 m final,L2a,"AUC(faulted, matched-clean) folded to [0.5,1.0]",0.500000,L2a,True,0.010000,11.2132,INVALID,ground-truth regeneration (ADR-0033): fault never reached the estimator,6383676a3491dc82d70f2db20cdafb942e5c588a
20260751,P3,position_drift,2.0 m final,L2b,"AUC(faulted, matched-clean) folded to [0.5,1.0]",0.500000,L2a,True,0.010000,11.2132,INVALID,ground-truth regeneration (ADR-0033): fault never reached the estimator,6383676a3491dc82d70f2db20cdafb942e5c588a
20260751,P3,position_drift,2.0 m final,L3,"AUC(faulted, matched-clean) folded to [0.5,1.0]",0.500000,L2a,True,0.010000,11.2132,INVALID,ground-truth regeneration (ADR-0033): fault never reached the estimator,6383676a3491dc82d70f2db20cdafb942e5c588a
20260751,P3,position_drift,2.0 m final,L6,"AUC(faulted, matched-clean) folded to [0.5,1.0]",0.500000,L2a,True,0.010000,11.2132,INVALID,ground-truth regeneration (ADR-0033): fault never reached the estimator,6383676a3491dc82d70f2db20cdafb942e5c588a
20260751,P3,position_drift,2.0 m final,L7,"AUC(faulted, matched-clean) folded to [0.5,1.0]",0.500000,L2a,True,0.010000,11.2132,INVALID,ground-truth regeneration (ADR-0033): fault never reached the estimator,6383676a3491dc82d70f2db20cdafb942e5c588a
20260751,P3,position_drift,2.0 m final,L8,"AUC(faulted, matched-clean) folded to [0.5,1.0]",0.500000,L2a,True,0.010000,11.2132,INVALID,ground-truth regeneration (ADR-0033): fault never reached the estimator,6383676a3491dc82d70f2db20cdafb942e5c588a
20260751,P3,speed_stuck,hold,L1,"AUC(faulted, matched-clean) folded to [0.5,1.0]",0.937500,L2a,False,0.010000,11.2334,VALID,,6383676a3491dc82d70f2db20cdafb942e5c588a
20260751,P3,speed_stuck,hold,L2a,"AUC(faulted, matched-clean) folded to [0.5,1.0]",0.553963,L2a,False,0.010000,11.2334,VALID,,6383676a3491dc82d70f2db20cdafb942e5c588a
20260751,P3,speed_stuck,hold,L2b,"AUC(faulted, matched-clean) folded to [0.5,1.0]",0.505513,L2a,False,0.010000,11.2334,VALID,,6383676a3491dc82d70f2db20cdafb942e5c588a
20260751,P3,speed_stuck,hold,L3,"AUC(faulted, matched-clean) folded to [0.5,1.0]",0.552425,L2a,False,0.010000,11.2334,VALID,,6383676a3491dc82d70f2db20cdafb942e5c588a
20260751,P3,speed_stuck,hold,L6,"AUC(faulted, matched-clean) folded to [0.5,1.0]",0.627663,L2a,False,0.010000,11.2334,VALID,,6383676a3491dc82d70f2db20cdafb942e5c588a
20260751,P3,speed_stuck,hold,L7,"AUC(faulted, matched-clean) folded to [0.5,1.0]",0.500000,L2a,False,0.010000,11.2334,VALID,,6383676a3491dc82d70f2db20cdafb942e5c588a
20260751,P3,speed_stuck,hold,L8,"AUC(faulted, matched-clean) folded to [0.5,1.0]",0.500000,L2a,False,0.010000,11.2334,VALID,,6383676a3491dc82d70f2db20cdafb942e5c588a
20260751,P3,speed_bias,3.0 m/s,L1,"AUC(faulted, matched-clean) folded to [0.5,1.0]",1.000000,L2a,False,0.010000,10.8801,VALID,,6383676a3491dc82d70f2db20cdafb942e5c588a
20260751,P3,speed_bias,3.0 m/s,L2a,"AUC(faulted, matched-clean) folded to [0.5,1.0]",0.510300,L2a,False,0.010000,10.8801,VALID,,6383676a3491dc82d70f2db20cdafb942e5c588a
20260751,P3,speed_bias,3.0 m/s,L2b,"AUC(faulted, matched-clean) folded to [0.5,1.0]",0.625950,L2a,False,0.010000,10.8801,VALID,,6383676a3491dc82d70f2db20cdafb942e5c588a
20260751,P3,speed_bias,3.0 m/s,L3,"AUC(faulted, matched-clean) folded to [0.5,1.0]",0.504725,L2a,False,0.010000,10.8801,VALID,,6383676a3491dc82d70f2db20cdafb942e5c588a
20260751,P3,speed_bias,3.0 m/s,L6,"AUC(faulted, matched-clean) folded to [0.5,1.0]",0.983800,L2a,False,0.010000,10.8801,VALID,,6383676a3491dc82d70f2db20cdafb942e5c588a
20260751,P3,speed_bias,3.0 m/s,L7,"AUC(faulted, matched-clean) folded to [0.5,1.0]",0.500000,L2a,False,0.010000,10.8801,VALID,,6383676a3491dc82d70f2db20cdafb942e5c588a
20260751,P3,speed_bias,3.0 m/s,L8,"AUC(faulted, matched-clean) folded to [0.5,1.0]",0.500000,L2a,False,0.010000,10.8801,VALID,,6383676a3491dc82d70f2db20cdafb942e5c588a
20260751,P3,lateral_noise,sigma x25,L1,"AUC(faulted, matched-clean) folded to [0.5,1.0]",1.000000,L8,True,0.217500,9.9394,VALID,,6383676a3491dc82d70f2db20cdafb942e5c588a
20260751,P3,lateral_noise,sigma x25,L2a,"AUC(faulted, matched-clean) folded to [0.5,1.0]",0.983025,L8,True,0.217500,9.9394,VALID,,6383676a3491dc82d70f2db20cdafb942e5c588a
20260751,P3,lateral_noise,sigma x25,L2b,"AUC(faulted, matched-clean) folded to [0.5,1.0]",0.894775,L8,True,0.217500,9.9394,VALID,,6383676a3491dc82d70f2db20cdafb942e5c588a
20260751,P3,lateral_noise,sigma x25,L3,"AUC(faulted, matched-clean) folded to [0.5,1.0]",0.983163,L8,True,0.217500,9.9394,VALID,,6383676a3491dc82d70f2db20cdafb942e5c588a
20260751,P3,lateral_noise,sigma x25,L6,"AUC(faulted, matched-clean) folded to [0.5,1.0]",0.997675,L8,True,0.217500,9.9394,VALID,,6383676a3491dc82d70f2db20cdafb942e5c588a
20260751,P3,lateral_noise,sigma x25,L7,"AUC(faulted, matched-clean) folded to [0.5,1.0]",0.707500,L8,True,0.217500,9.9394,VALID,,6383676a3491dc82d70f2db20cdafb942e5c588a
20260751,P3,lateral_noise,sigma x25,L8,"AUC(faulted, matched-clean) folded to [0.5,1.0]",0.577500,L8,True,0.217500,9.9394,VALID,,6383676a3491dc82d70f2db20cdafb942e5c588a
20260752,P3,imu_dropout,suppress IMU,L1,"AUC(faulted, matched-clean) folded to [0.5,1.0]",0.997500,L2b,False,0.005000,8.4375,VALID,,6383676a3491dc82d70f2db20cdafb942e5c588a
20260752,P3,imu_dropout,suppress IMU,L2a,"AUC(faulted, matched-clean) folded to [0.5,1.0]",0.749050,L2b,False,0.005000,8.4375,VALID,,6383676a3491dc82d70f2db20cdafb942e5c588a
20260752,P3,imu_dropout,suppress IMU,L2b,"AUC(faulted, matched-clean) folded to [0.5,1.0]",0.571975,L2b,False,0.005000,8.4375,VALID,,6383676a3491dc82d70f2db20cdafb942e5c588a
20260752,P3,imu_dropout,suppress IMU,L3,"AUC(faulted, matched-clean) folded to [0.5,1.0]",0.749125,L2b,False,0.005000,8.4375,VALID,,6383676a3491dc82d70f2db20cdafb942e5c588a
20260752,P3,imu_dropout,suppress IMU,L6,"AUC(faulted, matched-clean) folded to [0.5,1.0]",0.652550,L2b,False,0.005000,8.4375,VALID,,6383676a3491dc82d70f2db20cdafb942e5c588a
20260752,P3,imu_dropout,suppress IMU,L7,"AUC(faulted, matched-clean) folded to [0.5,1.0]",0.500000,L2b,False,0.005000,8.4375,VALID,,6383676a3491dc82d70f2db20cdafb942e5c588a
20260752,P3,imu_dropout,suppress IMU,L8,"AUC(faulted, matched-clean) folded to [0.5,1.0]",0.987500,L2b,False,0.005000,8.4375,VALID,,6383676a3491dc82d70f2db20cdafb942e5c588a
20260752,P3,position_bias,1.0 m,L1,"AUC(faulted, matched-clean) folded to [0.5,1.0]",1.000000,L2a,True,0.005000,14.0589,INVALID,ground-truth regeneration (ADR-0033): fault never reached the estimator,6383676a3491dc82d70f2db20cdafb942e5c588a
20260752,P3,position_bias,1.0 m,L2a,"AUC(faulted, matched-clean) folded to [0.5,1.0]",0.500000,L2a,True,0.005000,14.0589,INVALID,ground-truth regeneration (ADR-0033): fault never reached the estimator,6383676a3491dc82d70f2db20cdafb942e5c588a
20260752,P3,position_bias,1.0 m,L2b,"AUC(faulted, matched-clean) folded to [0.5,1.0]",0.500000,L2a,True,0.005000,14.0589,INVALID,ground-truth regeneration (ADR-0033): fault never reached the estimator,6383676a3491dc82d70f2db20cdafb942e5c588a
20260752,P3,position_bias,1.0 m,L3,"AUC(faulted, matched-clean) folded to [0.5,1.0]",0.500000,L2a,True,0.005000,14.0589,INVALID,ground-truth regeneration (ADR-0033): fault never reached the estimator,6383676a3491dc82d70f2db20cdafb942e5c588a
20260752,P3,position_bias,1.0 m,L6,"AUC(faulted, matched-clean) folded to [0.5,1.0]",0.500000,L2a,True,0.005000,14.0589,INVALID,ground-truth regeneration (ADR-0033): fault never reached the estimator,6383676a3491dc82d70f2db20cdafb942e5c588a
20260752,P3,position_bias,1.0 m,L7,"AUC(faulted, matched-clean) folded to [0.5,1.0]",0.500000,L2a,True,0.005000,14.0589,INVALID,ground-truth regeneration (ADR-0033): fault never reached the estimator,6383676a3491dc82d70f2db20cdafb942e5c588a
20260752,P3,position_bias,1.0 m,L8,"AUC(faulted, matched-clean) folded to [0.5,1.0]",0.500000,L2a,True,0.005000,14.0589,INVALID,ground-truth regeneration (ADR-0033): fault never reached the estimator,6383676a3491dc82d70f2db20cdafb942e5c588a
20260752,P3,position_drift,2.0 m final,L1,"AUC(faulted, matched-clean) folded to [0.5,1.0]",0.969137,L2a,True,0.005000,14.0589,INVALID,ground-truth regeneration (ADR-0033): fault never reached the estimator,6383676a3491dc82d70f2db20cdafb942e5c588a
20260752,P3,position_drift,2.0 m final,L2a,"AUC(faulted, matched-clean) folded to [0.5,1.0]",0.500000,L2a,True,0.005000,14.0589,INVALID,ground-truth regeneration (ADR-0033): fault never reached the estimator,6383676a3491dc82d70f2db20cdafb942e5c588a
20260752,P3,position_drift,2.0 m final,L2b,"AUC(faulted, matched-clean) folded to [0.5,1.0]",0.500000,L2a,True,0.005000,14.0589,INVALID,ground-truth regeneration (ADR-0033): fault never reached the estimator,6383676a3491dc82d70f2db20cdafb942e5c588a
20260752,P3,position_drift,2.0 m final,L3,"AUC(faulted, matched-clean) folded to [0.5,1.0]",0.500000,L2a,True,0.005000,14.0589,INVALID,ground-truth regeneration (ADR-0033): fault never reached the estimator,6383676a3491dc82d70f2db20cdafb942e5c588a
20260752,P3,position_drift,2.0 m final,L6,"AUC(faulted, matched-clean) folded to [0.5,1.0]",0.500000,L2a,True,0.005000,14.0589,INVALID,ground-truth regeneration (ADR-0033): fault never reached the estimator,6383676a3491dc82d70f2db20cdafb942e5c588a
20260752,P3,position_drift,2.0 m final,L7,"AUC(faulted, matched-clean) folded to [0.5,1.0]",0.500000,L2a,True,0.005000,14.0589,INVALID,ground-truth regeneration (ADR-0033): fault never reached the estimator,6383676a3491dc82d70f2db20cdafb942e5c588a
20260752,P3,position_drift,2.0 m final,L8,"AUC(faulted, matched-clean) folded to [0.5,1.0]",0.500000,L2a,True,0.005000,14.0589,INVALID,ground-truth regeneration (ADR-0033): fault never reached the estimator,6383676a3491dc82d70f2db20cdafb942e5c588a
20260752,P3,speed_stuck,hold,L1,"AUC(faulted, matched-clean) folded to [0.5,1.0]",0.987500,L2a,False,0.005000,14.0209,VALID,,6383676a3491dc82d70f2db20cdafb942e5c588a
20260752,P3,speed_stuck,hold,L2a,"AUC(faulted, matched-clean) folded to [0.5,1.0]",0.565038,L2a,False,0.005000,14.0209,VALID,,6383676a3491dc82d70f2db20cdafb942e5c588a
20260752,P3,speed_stuck,hold,L2b,"AUC(faulted, matched-clean) folded to [0.5,1.0]",0.574063,L2a,False,0.005000,14.0209,VALID,,6383676a3491dc82d70f2db20cdafb942e5c588a
20260752,P3,speed_stuck,hold,L3,"AUC(faulted, matched-clean) folded to [0.5,1.0]",0.564412,L2a,False,0.005000,14.0209,VALID,,6383676a3491dc82d70f2db20cdafb942e5c588a
20260752,P3,speed_stuck,hold,L6,"AUC(faulted, matched-clean) folded to [0.5,1.0]",0.656687,L2a,False,0.005000,14.0209,VALID,,6383676a3491dc82d70f2db20cdafb942e5c588a
20260752,P3,speed_stuck,hold,L7,"AUC(faulted, matched-clean) folded to [0.5,1.0]",0.500000,L2a,False,0.005000,14.0209,VALID,,6383676a3491dc82d70f2db20cdafb942e5c588a
20260752,P3,speed_stuck,hold,L8,"AUC(faulted, matched-clean) folded to [0.5,1.0]",0.500000,L2a,False,0.005000,14.0209,VALID,,6383676a3491dc82d70f2db20cdafb942e5c588a
20260752,P3,speed_bias,3.0 m/s,L1,"AUC(faulted, matched-clean) folded to [0.5,1.0]",1.000000,L2a,False,0.005000,13.5894,VALID,,6383676a3491dc82d70f2db20cdafb942e5c588a
20260752,P3,speed_bias,3.0 m/s,L2a,"AUC(faulted, matched-clean) folded to [0.5,1.0]",0.552000,L2a,False,0.005000,13.5894,VALID,,6383676a3491dc82d70f2db20cdafb942e5c588a
20260752,P3,speed_bias,3.0 m/s,L2b,"AUC(faulted, matched-clean) folded to [0.5,1.0]",0.840700,L2a,False,0.005000,13.5894,VALID,,6383676a3491dc82d70f2db20cdafb942e5c588a
20260752,P3,speed_bias,3.0 m/s,L3,"AUC(faulted, matched-clean) folded to [0.5,1.0]",0.545737,L2a,False,0.005000,13.5894,VALID,,6383676a3491dc82d70f2db20cdafb942e5c588a
20260752,P3,speed_bias,3.0 m/s,L6,"AUC(faulted, matched-clean) folded to [0.5,1.0]",0.571450,L2a,False,0.005000,13.5894,VALID,,6383676a3491dc82d70f2db20cdafb942e5c588a
20260752,P3,speed_bias,3.0 m/s,L7,"AUC(faulted, matched-clean) folded to [0.5,1.0]",0.500000,L2a,False,0.005000,13.5894,VALID,,6383676a3491dc82d70f2db20cdafb942e5c588a
20260752,P3,speed_bias,3.0 m/s,L8,"AUC(faulted, matched-clean) folded to [0.5,1.0]",0.500000,L2a,False,0.005000,13.5894,VALID,,6383676a3491dc82d70f2db20cdafb942e5c588a
20260752,P3,lateral_noise,sigma x25,L1,"AUC(faulted, matched-clean) folded to [0.5,1.0]",0.999050,,False,0.477500,10.2004,VALID,,6383676a3491dc82d70f2db20cdafb942e5c588a
20260752,P3,lateral_noise,sigma x25,L2a,"AUC(faulted, matched-clean) folded to [0.5,1.0]",0.978675,,False,0.477500,10.2004,VALID,,6383676a3491dc82d70f2db20cdafb942e5c588a
20260752,P3,lateral_noise,sigma x25,L2b,"AUC(faulted, matched-clean) folded to [0.5,1.0]",0.934225,,False,0.477500,10.2004,VALID,,6383676a3491dc82d70f2db20cdafb942e5c588a
20260752,P3,lateral_noise,sigma x25,L3,"AUC(faulted, matched-clean) folded to [0.5,1.0]",0.978750,,False,0.477500,10.2004,VALID,,6383676a3491dc82d70f2db20cdafb942e5c588a
20260752,P3,lateral_noise,sigma x25,L6,"AUC(faulted, matched-clean) folded to [0.5,1.0]",0.967575,,False,0.477500,10.2004,VALID,,6383676a3491dc82d70f2db20cdafb942e5c588a
20260752,P3,lateral_noise,sigma x25,L7,"AUC(faulted, matched-clean) folded to [0.5,1.0]",0.972500,,False,0.477500,10.2004,VALID,,6383676a3491dc82d70f2db20cdafb942e5c588a
20260752,P3,lateral_noise,sigma x25,L8,"AUC(faulted, matched-clean) folded to [0.5,1.0]",0.930000,,False,0.477500,10.2004,VALID,,6383676a3491dc82d70f2db20cdafb942e5c588a
20260753,P3,imu_dropout,suppress IMU,L1,"AUC(faulted, matched-clean) folded to [0.5,1.0]",0.997500,L7,False,0.075000,7.0413,VALID,,6383676a3491dc82d70f2db20cdafb942e5c588a
20260753,P3,imu_dropout,suppress IMU,L2a,"AUC(faulted, matched-clean) folded to [0.5,1.0]",0.999300,L7,False,0.075000,7.0413,VALID,,6383676a3491dc82d70f2db20cdafb942e5c588a
20260753,P3,imu_dropout,suppress IMU,L2b,"AUC(faulted, matched-clean) folded to [0.5,1.0]",0.601250,L7,False,0.075000,7.0413,VALID,,6383676a3491dc82d70f2db20cdafb942e5c588a
20260753,P3,imu_dropout,suppress IMU,L3,"AUC(faulted, matched-clean) folded to [0.5,1.0]",0.999300,L7,False,0.075000,7.0413,VALID,,6383676a3491dc82d70f2db20cdafb942e5c588a
20260753,P3,imu_dropout,suppress IMU,L6,"AUC(faulted, matched-clean) folded to [0.5,1.0]",0.999500,L7,False,0.075000,7.0413,VALID,,6383676a3491dc82d70f2db20cdafb942e5c588a
20260753,P3,imu_dropout,suppress IMU,L7,"AUC(faulted, matched-clean) folded to [0.5,1.0]",0.562500,L7,False,0.075000,7.0413,VALID,,6383676a3491dc82d70f2db20cdafb942e5c588a
20260753,P3,imu_dropout,suppress IMU,L8,"AUC(faulted, matched-clean) folded to [0.5,1.0]",0.987500,L7,False,0.075000,7.0413,VALID,,6383676a3491dc82d70f2db20cdafb942e5c588a
20260753,P3,position_bias,1.0 m,L1,"AUC(faulted, matched-clean) folded to [0.5,1.0]",1.000000,L2a,True,0.012500,12.2554,INVALID,ground-truth regeneration (ADR-0033): fault never reached the estimator,6383676a3491dc82d70f2db20cdafb942e5c588a
20260753,P3,position_bias,1.0 m,L2a,"AUC(faulted, matched-clean) folded to [0.5,1.0]",0.500000,L2a,True,0.012500,12.2554,INVALID,ground-truth regeneration (ADR-0033): fault never reached the estimator,6383676a3491dc82d70f2db20cdafb942e5c588a
20260753,P3,position_bias,1.0 m,L2b,"AUC(faulted, matched-clean) folded to [0.5,1.0]",0.500000,L2a,True,0.012500,12.2554,INVALID,ground-truth regeneration (ADR-0033): fault never reached the estimator,6383676a3491dc82d70f2db20cdafb942e5c588a
20260753,P3,position_bias,1.0 m,L3,"AUC(faulted, matched-clean) folded to [0.5,1.0]",0.500000,L2a,True,0.012500,12.2554,INVALID,ground-truth regeneration (ADR-0033): fault never reached the estimator,6383676a3491dc82d70f2db20cdafb942e5c588a
20260753,P3,position_bias,1.0 m,L6,"AUC(faulted, matched-clean) folded to [0.5,1.0]",0.500000,L2a,True,0.012500,12.2554,INVALID,ground-truth regeneration (ADR-0033): fault never reached the estimator,6383676a3491dc82d70f2db20cdafb942e5c588a
20260753,P3,position_bias,1.0 m,L7,"AUC(faulted, matched-clean) folded to [0.5,1.0]",0.500000,L2a,True,0.012500,12.2554,INVALID,ground-truth regeneration (ADR-0033): fault never reached the estimator,6383676a3491dc82d70f2db20cdafb942e5c588a
20260753,P3,position_bias,1.0 m,L8,"AUC(faulted, matched-clean) folded to [0.5,1.0]",0.500000,L2a,True,0.012500,12.2554,INVALID,ground-truth regeneration (ADR-0033): fault never reached the estimator,6383676a3491dc82d70f2db20cdafb942e5c588a
20260753,P3,position_drift,2.0 m final,L1,"AUC(faulted, matched-clean) folded to [0.5,1.0]",0.975912,L2a,True,0.012500,12.2554,INVALID,ground-truth regeneration (ADR-0033): fault never reached the estimator,6383676a3491dc82d70f2db20cdafb942e5c588a
20260753,P3,position_drift,2.0 m final,L2a,"AUC(faulted, matched-clean) folded to [0.5,1.0]",0.500000,L2a,True,0.012500,12.2554,INVALID,ground-truth regeneration (ADR-0033): fault never reached the estimator,6383676a3491dc82d70f2db20cdafb942e5c588a
20260753,P3,position_drift,2.0 m final,L2b,"AUC(faulted, matched-clean) folded to [0.5,1.0]",0.500000,L2a,True,0.012500,12.2554,INVALID,ground-truth regeneration (ADR-0033): fault never reached the estimator,6383676a3491dc82d70f2db20cdafb942e5c588a
20260753,P3,position_drift,2.0 m final,L3,"AUC(faulted, matched-clean) folded to [0.5,1.0]",0.500000,L2a,True,0.012500,12.2554,INVALID,ground-truth regeneration (ADR-0033): fault never reached the estimator,6383676a3491dc82d70f2db20cdafb942e5c588a
20260753,P3,position_drift,2.0 m final,L6,"AUC(faulted, matched-clean) folded to [0.5,1.0]",0.500000,L2a,True,0.012500,12.2554,INVALID,ground-truth regeneration (ADR-0033): fault never reached the estimator,6383676a3491dc82d70f2db20cdafb942e5c588a
20260753,P3,position_drift,2.0 m final,L7,"AUC(faulted, matched-clean) folded to [0.5,1.0]",0.500000,L2a,True,0.012500,12.2554,INVALID,ground-truth regeneration (ADR-0033): fault never reached the estimator,6383676a3491dc82d70f2db20cdafb942e5c588a
20260753,P3,position_drift,2.0 m final,L8,"AUC(faulted, matched-clean) folded to [0.5,1.0]",0.500000,L2a,True,0.012500,12.2554,INVALID,ground-truth regeneration (ADR-0033): fault never reached the estimator,6383676a3491dc82d70f2db20cdafb942e5c588a
20260753,P3,speed_stuck,hold,L1,"AUC(faulted, matched-clean) folded to [0.5,1.0]",0.987500,L2a,True,0.012500,12.2625,VALID,,6383676a3491dc82d70f2db20cdafb942e5c588a
20260753,P3,speed_stuck,hold,L2a,"AUC(faulted, matched-clean) folded to [0.5,1.0]",0.558237,L2a,True,0.012500,12.2625,VALID,,6383676a3491dc82d70f2db20cdafb942e5c588a
20260753,P3,speed_stuck,hold,L2b,"AUC(faulted, matched-clean) folded to [0.5,1.0]",0.513688,L2a,True,0.012500,12.2625,VALID,,6383676a3491dc82d70f2db20cdafb942e5c588a
20260753,P3,speed_stuck,hold,L3,"AUC(faulted, matched-clean) folded to [0.5,1.0]",0.557187,L2a,True,0.012500,12.2625,VALID,,6383676a3491dc82d70f2db20cdafb942e5c588a
20260753,P3,speed_stuck,hold,L6,"AUC(faulted, matched-clean) folded to [0.5,1.0]",0.541687,L2a,True,0.012500,12.2625,VALID,,6383676a3491dc82d70f2db20cdafb942e5c588a
20260753,P3,speed_stuck,hold,L7,"AUC(faulted, matched-clean) folded to [0.5,1.0]",0.500000,L2a,True,0.012500,12.2625,VALID,,6383676a3491dc82d70f2db20cdafb942e5c588a
20260753,P3,speed_stuck,hold,L8,"AUC(faulted, matched-clean) folded to [0.5,1.0]",0.500000,L2a,True,0.012500,12.2625,VALID,,6383676a3491dc82d70f2db20cdafb942e5c588a
20260753,P3,speed_bias,3.0 m/s,L1,"AUC(faulted, matched-clean) folded to [0.5,1.0]",1.000000,L2a,False,0.012500,11.8632,VALID,,6383676a3491dc82d70f2db20cdafb942e5c588a
20260753,P3,speed_bias,3.0 m/s,L2a,"AUC(faulted, matched-clean) folded to [0.5,1.0]",0.522700,L2a,False,0.012500,11.8632,VALID,,6383676a3491dc82d70f2db20cdafb942e5c588a
20260753,P3,speed_bias,3.0 m/s,L2b,"AUC(faulted, matched-clean) folded to [0.5,1.0]",0.693800,L2a,False,0.012500,11.8632,VALID,,6383676a3491dc82d70f2db20cdafb942e5c588a
20260753,P3,speed_bias,3.0 m/s,L3,"AUC(faulted, matched-clean) folded to [0.5,1.0]",0.517200,L2a,False,0.012500,11.8632,VALID,,6383676a3491dc82d70f2db20cdafb942e5c588a
20260753,P3,speed_bias,3.0 m/s,L6,"AUC(faulted, matched-clean) folded to [0.5,1.0]",0.921700,L2a,False,0.012500,11.8632,VALID,,6383676a3491dc82d70f2db20cdafb942e5c588a
20260753,P3,speed_bias,3.0 m/s,L7,"AUC(faulted, matched-clean) folded to [0.5,1.0]",0.500000,L2a,False,0.012500,11.8632,VALID,,6383676a3491dc82d70f2db20cdafb942e5c588a
20260753,P3,speed_bias,3.0 m/s,L8,"AUC(faulted, matched-clean) folded to [0.5,1.0]",0.500000,L2a,False,0.012500,11.8632,VALID,,6383676a3491dc82d70f2db20cdafb942e5c588a
20260753,P3,lateral_noise,sigma x25,L1,"AUC(faulted, matched-clean) folded to [0.5,1.0]",0.999925,,False,0.272500,9.3363,VALID,,6383676a3491dc82d70f2db20cdafb942e5c588a
20260753,P3,lateral_noise,sigma x25,L2a,"AUC(faulted, matched-clean) folded to [0.5,1.0]",0.988375,,False,0.272500,9.3363,VALID,,6383676a3491dc82d70f2db20cdafb942e5c588a
20260753,P3,lateral_noise,sigma x25,L2b,"AUC(faulted, matched-clean) folded to [0.5,1.0]",0.961037,,False,0.272500,9.3363,VALID,,6383676a3491dc82d70f2db20cdafb942e5c588a
20260753,P3,lateral_noise,sigma x25,L3,"AUC(faulted, matched-clean) folded to [0.5,1.0]",0.988350,,False,0.272500,9.3363,VALID,,6383676a3491dc82d70f2db20cdafb942e5c588a
20260753,P3,lateral_noise,sigma x25,L6,"AUC(faulted, matched-clean) folded to [0.5,1.0]",0.986125,,False,0.272500,9.3363,VALID,,6383676a3491dc82d70f2db20cdafb942e5c588a
20260753,P3,lateral_noise,sigma x25,L7,"AUC(faulted, matched-clean) folded to [0.5,1.0]",0.760000,,False,0.272500,9.3363,VALID,,6383676a3491dc82d70f2db20cdafb942e5c588a
20260753,P3,lateral_noise,sigma x25,L8,"AUC(faulted, matched-clean) folded to [0.5,1.0]",0.932500,,False,0.272500,9.3363,VALID,,6383676a3491dc82d70f2db20cdafb942e5c588a
20260754,P3,imu_dropout,suppress IMU,L1,"AUC(faulted, matched-clean) folded to [0.5,1.0]",0.997500,L2a,False,0.002500,6.4038,VALID,,6383676a3491dc82d70f2db20cdafb942e5c588a
20260754,P3,imu_dropout,suppress IMU,L2a,"AUC(faulted, matched-clean) folded to [0.5,1.0]",0.558000,L2a,False,0.002500,6.4038,VALID,,6383676a3491dc82d70f2db20cdafb942e5c588a
20260754,P3,imu_dropout,suppress IMU,L2b,"AUC(faulted, matched-clean) folded to [0.5,1.0]",0.505650,L2a,False,0.002500,6.4038,VALID,,6383676a3491dc82d70f2db20cdafb942e5c588a
20260754,P3,imu_dropout,suppress IMU,L3,"AUC(faulted, matched-clean) folded to [0.5,1.0]",0.558900,L2a,False,0.002500,6.4038,VALID,,6383676a3491dc82d70f2db20cdafb942e5c588a
20260754,P3,imu_dropout,suppress IMU,L6,"AUC(faulted, matched-clean) folded to [0.5,1.0]",0.508700,L2a,False,0.002500,6.4038,VALID,,6383676a3491dc82d70f2db20cdafb942e5c588a
20260754,P3,imu_dropout,suppress IMU,L7,"AUC(faulted, matched-clean) folded to [0.5,1.0]",0.500000,L2a,False,0.002500,6.4038,VALID,,6383676a3491dc82d70f2db20cdafb942e5c588a
20260754,P3,imu_dropout,suppress IMU,L8,"AUC(faulted, matched-clean) folded to [0.5,1.0]",0.987500,L2a,False,0.002500,6.4038,VALID,,6383676a3491dc82d70f2db20cdafb942e5c588a
20260754,P3,position_bias,1.0 m,L1,"AUC(faulted, matched-clean) folded to [0.5,1.0]",1.000000,L2a,True,0.002500,11.2892,INVALID,ground-truth regeneration (ADR-0033): fault never reached the estimator,6383676a3491dc82d70f2db20cdafb942e5c588a
20260754,P3,position_bias,1.0 m,L2a,"AUC(faulted, matched-clean) folded to [0.5,1.0]",0.500000,L2a,True,0.002500,11.2892,INVALID,ground-truth regeneration (ADR-0033): fault never reached the estimator,6383676a3491dc82d70f2db20cdafb942e5c588a
20260754,P3,position_bias,1.0 m,L2b,"AUC(faulted, matched-clean) folded to [0.5,1.0]",0.500000,L2a,True,0.002500,11.2892,INVALID,ground-truth regeneration (ADR-0033): fault never reached the estimator,6383676a3491dc82d70f2db20cdafb942e5c588a
20260754,P3,position_bias,1.0 m,L3,"AUC(faulted, matched-clean) folded to [0.5,1.0]",0.500000,L2a,True,0.002500,11.2892,INVALID,ground-truth regeneration (ADR-0033): fault never reached the estimator,6383676a3491dc82d70f2db20cdafb942e5c588a
20260754,P3,position_bias,1.0 m,L6,"AUC(faulted, matched-clean) folded to [0.5,1.0]",0.500000,L2a,True,0.002500,11.2892,INVALID,ground-truth regeneration (ADR-0033): fault never reached the estimator,6383676a3491dc82d70f2db20cdafb942e5c588a
20260754,P3,position_bias,1.0 m,L7,"AUC(faulted, matched-clean) folded to [0.5,1.0]",0.500000,L2a,True,0.002500,11.2892,INVALID,ground-truth regeneration (ADR-0033): fault never reached the estimator,6383676a3491dc82d70f2db20cdafb942e5c588a
20260754,P3,position_bias,1.0 m,L8,"AUC(faulted, matched-clean) folded to [0.5,1.0]",0.500000,L2a,True,0.002500,11.2892,INVALID,ground-truth regeneration (ADR-0033): fault never reached the estimator,6383676a3491dc82d70f2db20cdafb942e5c588a
20260754,P3,position_drift,2.0 m final,L1,"AUC(faulted, matched-clean) folded to [0.5,1.0]",0.974087,L2a,True,0.002500,11.2892,INVALID,ground-truth regeneration (ADR-0033): fault never reached the estimator,6383676a3491dc82d70f2db20cdafb942e5c588a
20260754,P3,position_drift,2.0 m final,L2a,"AUC(faulted, matched-clean) folded to [0.5,1.0]",0.500000,L2a,True,0.002500,11.2892,INVALID,ground-truth regeneration (ADR-0033): fault never reached the estimator,6383676a3491dc82d70f2db20cdafb942e5c588a
20260754,P3,position_drift,2.0 m final,L2b,"AUC(faulted, matched-clean) folded to [0.5,1.0]",0.500000,L2a,True,0.002500,11.2892,INVALID,ground-truth regeneration (ADR-0033): fault never reached the estimator,6383676a3491dc82d70f2db20cdafb942e5c588a
20260754,P3,position_drift,2.0 m final,L3,"AUC(faulted, matched-clean) folded to [0.5,1.0]",0.500000,L2a,True,0.002500,11.2892,INVALID,ground-truth regeneration (ADR-0033): fault never reached the estimator,6383676a3491dc82d70f2db20cdafb942e5c588a
20260754,P3,position_drift,2.0 m final,L6,"AUC(faulted, matched-clean) folded to [0.5,1.0]",0.500000,L2a,True,0.002500,11.2892,INVALID,ground-truth regeneration (ADR-0033): fault never reached the estimator,6383676a3491dc82d70f2db20cdafb942e5c588a
20260754,P3,position_drift,2.0 m final,L7,"AUC(faulted, matched-clean) folded to [0.5,1.0]",0.500000,L2a,True,0.002500,11.2892,INVALID,ground-truth regeneration (ADR-0033): fault never reached the estimator,6383676a3491dc82d70f2db20cdafb942e5c588a
20260754,P3,position_drift,2.0 m final,L8,"AUC(faulted, matched-clean) folded to [0.5,1.0]",0.500000,L2a,True,0.002500,11.2892,INVALID,ground-truth regeneration (ADR-0033): fault never reached the estimator,6383676a3491dc82d70f2db20cdafb942e5c588a
20260754,P3,speed_stuck,hold,L1,"AUC(faulted, matched-clean) folded to [0.5,1.0]",0.887500,L2a,True,0.002500,11.3032,VALID,,6383676a3491dc82d70f2db20cdafb942e5c588a
20260754,P3,speed_stuck,hold,L2a,"AUC(faulted, matched-clean) folded to [0.5,1.0]",0.555937,L2a,True,0.002500,11.3032,VALID,,6383676a3491dc82d70f2db20cdafb942e5c588a
20260754,P3,speed_stuck,hold,L2b,"AUC(faulted, matched-clean) folded to [0.5,1.0]",0.512487,L2a,True,0.002500,11.3032,VALID,,6383676a3491dc82d70f2db20cdafb942e5c588a
20260754,P3,speed_stuck,hold,L3,"AUC(faulted, matched-clean) folded to [0.5,1.0]",0.556087,L2a,True,0.002500,11.3032,VALID,,6383676a3491dc82d70f2db20cdafb942e5c588a
20260754,P3,speed_stuck,hold,L6,"AUC(faulted, matched-clean) folded to [0.5,1.0]",0.575738,L2a,True,0.002500,11.3032,VALID,,6383676a3491dc82d70f2db20cdafb942e5c588a
20260754,P3,speed_stuck,hold,L7,"AUC(faulted, matched-clean) folded to [0.5,1.0]",0.500000,L2a,True,0.002500,11.3032,VALID,,6383676a3491dc82d70f2db20cdafb942e5c588a
20260754,P3,speed_stuck,hold,L8,"AUC(faulted, matched-clean) folded to [0.5,1.0]",0.500000,L2a,True,0.002500,11.3032,VALID,,6383676a3491dc82d70f2db20cdafb942e5c588a
20260754,P3,speed_bias,3.0 m/s,L1,"AUC(faulted, matched-clean) folded to [0.5,1.0]",1.000000,L2a,False,0.002500,10.9544,VALID,,6383676a3491dc82d70f2db20cdafb942e5c588a
20260754,P3,speed_bias,3.0 m/s,L2a,"AUC(faulted, matched-clean) folded to [0.5,1.0]",0.509575,L2a,False,0.002500,10.9544,VALID,,6383676a3491dc82d70f2db20cdafb942e5c588a
20260754,P3,speed_bias,3.0 m/s,L2b,"AUC(faulted, matched-clean) folded to [0.5,1.0]",0.504650,L2a,False,0.002500,10.9544,VALID,,6383676a3491dc82d70f2db20cdafb942e5c588a
20260754,P3,speed_bias,3.0 m/s,L3,"AUC(faulted, matched-clean) folded to [0.5,1.0]",0.502862,L2a,False,0.002500,10.9544,VALID,,6383676a3491dc82d70f2db20cdafb942e5c588a
20260754,P3,speed_bias,3.0 m/s,L6,"AUC(faulted, matched-clean) folded to [0.5,1.0]",0.971375,L2a,False,0.002500,10.9544,VALID,,6383676a3491dc82d70f2db20cdafb942e5c588a
20260754,P3,speed_bias,3.0 m/s,L7,"AUC(faulted, matched-clean) folded to [0.5,1.0]",0.500000,L2a,False,0.002500,10.9544,VALID,,6383676a3491dc82d70f2db20cdafb942e5c588a
20260754,P3,speed_bias,3.0 m/s,L8,"AUC(faulted, matched-clean) folded to [0.5,1.0]",0.500000,L2a,False,0.002500,10.9544,VALID,,6383676a3491dc82d70f2db20cdafb942e5c588a
20260754,P3,lateral_noise,sigma x25,L1,"AUC(faulted, matched-clean) folded to [0.5,1.0]",1.000000,,False,0.260000,9.2693,VALID,,6383676a3491dc82d70f2db20cdafb942e5c588a
20260754,P3,lateral_noise,sigma x25,L2a,"AUC(faulted, matched-clean) folded to [0.5,1.0]",0.981175,,False,0.260000,9.2693,VALID,,6383676a3491dc82d70f2db20cdafb942e5c588a
20260754,P3,lateral_noise,sigma x25,L2b,"AUC(faulted, matched-clean) folded to [0.5,1.0]",0.946850,,False,0.260000,9.2693,VALID,,6383676a3491dc82d70f2db20cdafb942e5c588a
20260754,P3,lateral_noise,sigma x25,L3,"AUC(faulted, matched-clean) folded to [0.5,1.0]",0.981213,,False,0.260000,9.2693,VALID,,6383676a3491dc82d70f2db20cdafb942e5c588a
20260754,P3,lateral_noise,sigma x25,L6,"AUC(faulted, matched-clean) folded to [0.5,1.0]",0.988000,,False,0.260000,9.2693,VALID,,6383676a3491dc82d70f2db20cdafb942e5c588a
20260754,P3,lateral_noise,sigma x25,L7,"AUC(faulted, matched-clean) folded to [0.5,1.0]",0.757500,,False,0.260000,9.2693,VALID,,6383676a3491dc82d70f2db20cdafb942e5c588a
20260754,P3,lateral_noise,sigma x25,L8,"AUC(faulted, matched-clean) folded to [0.5,1.0]",0.877500,,False,0.260000,9.2693,VALID,,6383676a3491dc82d70f2db20cdafb942e5c588a
20260755,P3,imu_dropout,suppress IMU,L1,"AUC(faulted, matched-clean) folded to [0.5,1.0]",0.997500,L7,False,0.000000,6.3062,VALID,,6383676a3491dc82d70f2db20cdafb942e5c588a
20260755,P3,imu_dropout,suppress IMU,L2a,"AUC(faulted, matched-clean) folded to [0.5,1.0]",0.839150,L7,False,0.000000,6.3062,VALID,,6383676a3491dc82d70f2db20cdafb942e5c588a
20260755,P3,imu_dropout,suppress IMU,L2b,"AUC(faulted, matched-clean) folded to [0.5,1.0]",0.653750,L7,False,0.000000,6.3062,VALID,,6383676a3491dc82d70f2db20cdafb942e5c588a
20260755,P3,imu_dropout,suppress IMU,L3,"AUC(faulted, matched-clean) folded to [0.5,1.0]",0.840050,L7,False,0.000000,6.3062,VALID,,6383676a3491dc82d70f2db20cdafb942e5c588a
20260755,P3,imu_dropout,suppress IMU,L6,"AUC(faulted, matched-clean) folded to [0.5,1.0]",0.866900,L7,False,0.000000,6.3062,VALID,,6383676a3491dc82d70f2db20cdafb942e5c588a
20260755,P3,imu_dropout,suppress IMU,L7,"AUC(faulted, matched-clean) folded to [0.5,1.0]",0.502500,L7,False,0.000000,6.3062,VALID,,6383676a3491dc82d70f2db20cdafb942e5c588a
20260755,P3,imu_dropout,suppress IMU,L8,"AUC(faulted, matched-clean) folded to [0.5,1.0]",0.987500,L7,False,0.000000,6.3062,VALID,,6383676a3491dc82d70f2db20cdafb942e5c588a
20260755,P3,position_bias,1.0 m,L1,"AUC(faulted, matched-clean) folded to [0.5,1.0]",1.000000,L2a,True,0.002500,11.2190,INVALID,ground-truth regeneration (ADR-0033): fault never reached the estimator,6383676a3491dc82d70f2db20cdafb942e5c588a
20260755,P3,position_bias,1.0 m,L2a,"AUC(faulted, matched-clean) folded to [0.5,1.0]",0.500000,L2a,True,0.002500,11.2190,INVALID,ground-truth regeneration (ADR-0033): fault never reached the estimator,6383676a3491dc82d70f2db20cdafb942e5c588a
20260755,P3,position_bias,1.0 m,L2b,"AUC(faulted, matched-clean) folded to [0.5,1.0]",0.500000,L2a,True,0.002500,11.2190,INVALID,ground-truth regeneration (ADR-0033): fault never reached the estimator,6383676a3491dc82d70f2db20cdafb942e5c588a
20260755,P3,position_bias,1.0 m,L3,"AUC(faulted, matched-clean) folded to [0.5,1.0]",0.500000,L2a,True,0.002500,11.2190,INVALID,ground-truth regeneration (ADR-0033): fault never reached the estimator,6383676a3491dc82d70f2db20cdafb942e5c588a
20260755,P3,position_bias,1.0 m,L6,"AUC(faulted, matched-clean) folded to [0.5,1.0]",0.500000,L2a,True,0.002500,11.2190,INVALID,ground-truth regeneration (ADR-0033): fault never reached the estimator,6383676a3491dc82d70f2db20cdafb942e5c588a
20260755,P3,position_bias,1.0 m,L7,"AUC(faulted, matched-clean) folded to [0.5,1.0]",0.500000,L2a,True,0.002500,11.2190,INVALID,ground-truth regeneration (ADR-0033): fault never reached the estimator,6383676a3491dc82d70f2db20cdafb942e5c588a
20260755,P3,position_bias,1.0 m,L8,"AUC(faulted, matched-clean) folded to [0.5,1.0]",0.500000,L2a,True,0.002500,11.2190,INVALID,ground-truth regeneration (ADR-0033): fault never reached the estimator,6383676a3491dc82d70f2db20cdafb942e5c588a
20260755,P3,position_drift,2.0 m final,L1,"AUC(faulted, matched-clean) folded to [0.5,1.0]",0.983988,L2a,True,0.002500,11.2190,INVALID,ground-truth regeneration (ADR-0033): fault never reached the estimator,6383676a3491dc82d70f2db20cdafb942e5c588a
20260755,P3,position_drift,2.0 m final,L2a,"AUC(faulted, matched-clean) folded to [0.5,1.0]",0.500000,L2a,True,0.002500,11.2190,INVALID,ground-truth regeneration (ADR-0033): fault never reached the estimator,6383676a3491dc82d70f2db20cdafb942e5c588a
20260755,P3,position_drift,2.0 m final,L2b,"AUC(faulted, matched-clean) folded to [0.5,1.0]",0.500000,L2a,True,0.002500,11.2190,INVALID,ground-truth regeneration (ADR-0033): fault never reached the estimator,6383676a3491dc82d70f2db20cdafb942e5c588a
20260755,P3,position_drift,2.0 m final,L3,"AUC(faulted, matched-clean) folded to [0.5,1.0]",0.500000,L2a,True,0.002500,11.2190,INVALID,ground-truth regeneration (ADR-0033): fault never reached the estimator,6383676a3491dc82d70f2db20cdafb942e5c588a
20260755,P3,position_drift,2.0 m final,L6,"AUC(faulted, matched-clean) folded to [0.5,1.0]",0.500000,L2a,True,0.002500,11.2190,INVALID,ground-truth regeneration (ADR-0033): fault never reached the estimator,6383676a3491dc82d70f2db20cdafb942e5c588a
20260755,P3,position_drift,2.0 m final,L7,"AUC(faulted, matched-clean) folded to [0.5,1.0]",0.500000,L2a,True,0.002500,11.2190,INVALID,ground-truth regeneration (ADR-0033): fault never reached the estimator,6383676a3491dc82d70f2db20cdafb942e5c588a
20260755,P3,position_drift,2.0 m final,L8,"AUC(faulted, matched-clean) folded to [0.5,1.0]",0.500000,L2a,True,0.002500,11.2190,INVALID,ground-truth regeneration (ADR-0033): fault never reached the estimator,6383676a3491dc82d70f2db20cdafb942e5c588a
20260755,P3,speed_stuck,hold,L1,"AUC(faulted, matched-clean) folded to [0.5,1.0]",0.977500,L2a,False,0.002500,11.2379,VALID,,6383676a3491dc82d70f2db20cdafb942e5c588a
20260755,P3,speed_stuck,hold,L2a,"AUC(faulted, matched-clean) folded to [0.5,1.0]",0.559887,L2a,False,0.002500,11.2379,VALID,,6383676a3491dc82d70f2db20cdafb942e5c588a
20260755,P3,speed_stuck,hold,L2b,"AUC(faulted, matched-clean) folded to [0.5,1.0]",0.507012,L2a,False,0.002500,11.2379,VALID,,6383676a3491dc82d70f2db20cdafb942e5c588a
20260755,P3,speed_stuck,hold,L3,"AUC(faulted, matched-clean) folded to [0.5,1.0]",0.555987,L2a,False,0.002500,11.2379,VALID,,6383676a3491dc82d70f2db20cdafb942e5c588a
20260755,P3,speed_stuck,hold,L6,"AUC(faulted, matched-clean) folded to [0.5,1.0]",0.684187,L2a,False,0.002500,11.2379,VALID,,6383676a3491dc82d70f2db20cdafb942e5c588a
20260755,P3,speed_stuck,hold,L7,"AUC(faulted, matched-clean) folded to [0.5,1.0]",0.500000,L2a,False,0.002500,11.2379,VALID,,6383676a3491dc82d70f2db20cdafb942e5c588a
20260755,P3,speed_stuck,hold,L8,"AUC(faulted, matched-clean) folded to [0.5,1.0]",0.500000,L2a,False,0.002500,11.2379,VALID,,6383676a3491dc82d70f2db20cdafb942e5c588a
20260755,P3,speed_bias,3.0 m/s,L1,"AUC(faulted, matched-clean) folded to [0.5,1.0]",1.000000,L2a,False,0.002500,10.8741,VALID,,6383676a3491dc82d70f2db20cdafb942e5c588a
20260755,P3,speed_bias,3.0 m/s,L2a,"AUC(faulted, matched-clean) folded to [0.5,1.0]",0.508100,L2a,False,0.002500,10.8741,VALID,,6383676a3491dc82d70f2db20cdafb942e5c588a
20260755,P3,speed_bias,3.0 m/s,L2b,"AUC(faulted, matched-clean) folded to [0.5,1.0]",0.577650,L2a,False,0.002500,10.8741,VALID,,6383676a3491dc82d70f2db20cdafb942e5c588a
20260755,P3,speed_bias,3.0 m/s,L3,"AUC(faulted, matched-clean) folded to [0.5,1.0]",0.504350,L2a,False,0.002500,10.8741,VALID,,6383676a3491dc82d70f2db20cdafb942e5c588a
20260755,P3,speed_bias,3.0 m/s,L6,"AUC(faulted, matched-clean) folded to [0.5,1.0]",0.982025,L2a,False,0.002500,10.8741,VALID,,6383676a3491dc82d70f2db20cdafb942e5c588a
20260755,P3,speed_bias,3.0 m/s,L7,"AUC(faulted, matched-clean) folded to [0.5,1.0]",0.500000,L2a,False,0.002500,10.8741,VALID,,6383676a3491dc82d70f2db20cdafb942e5c588a
20260755,P3,speed_bias,3.0 m/s,L8,"AUC(faulted, matched-clean) folded to [0.5,1.0]",0.500000,L2a,False,0.002500,10.8741,VALID,,6383676a3491dc82d70f2db20cdafb942e5c588a
20260755,P3,lateral_noise,sigma x25,L1,"AUC(faulted, matched-clean) folded to [0.5,1.0]",0.998050,,False,0.190000,10.0240,VALID,,6383676a3491dc82d70f2db20cdafb942e5c588a
20260755,P3,lateral_noise,sigma x25,L2a,"AUC(faulted, matched-clean) folded to [0.5,1.0]",0.979750,,False,0.190000,10.0240,VALID,,6383676a3491dc82d70f2db20cdafb942e5c588a
20260755,P3,lateral_noise,sigma x25,L2b,"AUC(faulted, matched-clean) folded to [0.5,1.0]",0.971525,,False,0.190000,10.0240,VALID,,6383676a3491dc82d70f2db20cdafb942e5c588a
20260755,P3,lateral_noise,sigma x25,L3,"AUC(faulted, matched-clean) folded to [0.5,1.0]",0.979988,,False,0.190000,10.0240,VALID,,6383676a3491dc82d70f2db20cdafb942e5c588a
20260755,P3,lateral_noise,sigma x25,L6,"AUC(faulted, matched-clean) folded to [0.5,1.0]",0.998125,,False,0.190000,10.0240,VALID,,6383676a3491dc82d70f2db20cdafb942e5c588a
20260755,P3,lateral_noise,sigma x25,L7,"AUC(faulted, matched-clean) folded to [0.5,1.0]",0.687500,,False,0.190000,10.0240,VALID,,6383676a3491dc82d70f2db20cdafb942e5c588a
20260755,P3,lateral_noise,sigma x25,L8,"AUC(faulted, matched-clean) folded to [0.5,1.0]",0.665000,,False,0.190000,10.0240,VALID,,6383676a3491dc82d70f2db20cdafb942e5c588a
20260756,P3,imu_dropout,suppress IMU,L1,"AUC(faulted, matched-clean) folded to [0.5,1.0]",0.997500,L7,False,0.017500,5.6932,VALID,,6383676a3491dc82d70f2db20cdafb942e5c588a
20260756,P3,imu_dropout,suppress IMU,L2a,"AUC(faulted, matched-clean) folded to [0.5,1.0]",0.825025,L7,False,0.017500,5.6932,VALID,,6383676a3491dc82d70f2db20cdafb942e5c588a
20260756,P3,imu_dropout,suppress IMU,L2b,"AUC(faulted, matched-clean) folded to [0.5,1.0]",0.691900,L7,False,0.017500,5.6932,VALID,,6383676a3491dc82d70f2db20cdafb942e5c588a
20260756,P3,imu_dropout,suppress IMU,L3,"AUC(faulted, matched-clean) folded to [0.5,1.0]",0.824300,L7,False,0.017500,5.6932,VALID,,6383676a3491dc82d70f2db20cdafb942e5c588a
20260756,P3,imu_dropout,suppress IMU,L6,"AUC(faulted, matched-clean) folded to [0.5,1.0]",0.921450,L7,False,0.017500,5.6932,VALID,,6383676a3491dc82d70f2db20cdafb942e5c588a
20260756,P3,imu_dropout,suppress IMU,L7,"AUC(faulted, matched-clean) folded to [0.5,1.0]",0.517500,L7,False,0.017500,5.6932,VALID,,6383676a3491dc82d70f2db20cdafb942e5c588a
20260756,P3,imu_dropout,suppress IMU,L8,"AUC(faulted, matched-clean) folded to [0.5,1.0]",0.987500,L7,False,0.017500,5.6932,VALID,,6383676a3491dc82d70f2db20cdafb942e5c588a
20260756,P3,position_bias,1.0 m,L1,"AUC(faulted, matched-clean) folded to [0.5,1.0]",1.000000,L2a,True,0.000000,10.3072,INVALID,ground-truth regeneration (ADR-0033): fault never reached the estimator,6383676a3491dc82d70f2db20cdafb942e5c588a
20260756,P3,position_bias,1.0 m,L2a,"AUC(faulted, matched-clean) folded to [0.5,1.0]",0.500000,L2a,True,0.000000,10.3072,INVALID,ground-truth regeneration (ADR-0033): fault never reached the estimator,6383676a3491dc82d70f2db20cdafb942e5c588a
20260756,P3,position_bias,1.0 m,L2b,"AUC(faulted, matched-clean) folded to [0.5,1.0]",0.500000,L2a,True,0.000000,10.3072,INVALID,ground-truth regeneration (ADR-0033): fault never reached the estimator,6383676a3491dc82d70f2db20cdafb942e5c588a
20260756,P3,position_bias,1.0 m,L3,"AUC(faulted, matched-clean) folded to [0.5,1.0]",0.500000,L2a,True,0.000000,10.3072,INVALID,ground-truth regeneration (ADR-0033): fault never reached the estimator,6383676a3491dc82d70f2db20cdafb942e5c588a
20260756,P3,position_bias,1.0 m,L6,"AUC(faulted, matched-clean) folded to [0.5,1.0]",0.500000,L2a,True,0.000000,10.3072,INVALID,ground-truth regeneration (ADR-0033): fault never reached the estimator,6383676a3491dc82d70f2db20cdafb942e5c588a
20260756,P3,position_bias,1.0 m,L7,"AUC(faulted, matched-clean) folded to [0.5,1.0]",0.500000,L2a,True,0.000000,10.3072,INVALID,ground-truth regeneration (ADR-0033): fault never reached the estimator,6383676a3491dc82d70f2db20cdafb942e5c588a
20260756,P3,position_bias,1.0 m,L8,"AUC(faulted, matched-clean) folded to [0.5,1.0]",0.500000,L2a,True,0.000000,10.3072,INVALID,ground-truth regeneration (ADR-0033): fault never reached the estimator,6383676a3491dc82d70f2db20cdafb942e5c588a
20260756,P3,position_drift,2.0 m final,L1,"AUC(faulted, matched-clean) folded to [0.5,1.0]",0.970912,L2a,True,0.000000,10.3072,INVALID,ground-truth regeneration (ADR-0033): fault never reached the estimator,6383676a3491dc82d70f2db20cdafb942e5c588a
20260756,P3,position_drift,2.0 m final,L2a,"AUC(faulted, matched-clean) folded to [0.5,1.0]",0.500000,L2a,True,0.000000,10.3072,INVALID,ground-truth regeneration (ADR-0033): fault never reached the estimator,6383676a3491dc82d70f2db20cdafb942e5c588a
20260756,P3,position_drift,2.0 m final,L2b,"AUC(faulted, matched-clean) folded to [0.5,1.0]",0.500000,L2a,True,0.000000,10.3072,INVALID,ground-truth regeneration (ADR-0033): fault never reached the estimator,6383676a3491dc82d70f2db20cdafb942e5c588a
20260756,P3,position_drift,2.0 m final,L3,"AUC(faulted, matched-clean) folded to [0.5,1.0]",0.500000,L2a,True,0.000000,10.3072,INVALID,ground-truth regeneration (ADR-0033): fault never reached the estimator,6383676a3491dc82d70f2db20cdafb942e5c588a
20260756,P3,position_drift,2.0 m final,L6,"AUC(faulted, matched-clean) folded to [0.5,1.0]",0.500000,L2a,True,0.000000,10.3072,INVALID,ground-truth regeneration (ADR-0033): fault never reached the estimator,6383676a3491dc82d70f2db20cdafb942e5c588a
20260756,P3,position_drift,2.0 m final,L7,"AUC(faulted, matched-clean) folded to [0.5,1.0]",0.500000,L2a,True,0.000000,10.3072,INVALID,ground-truth regeneration (ADR-0033): fault never reached the estimator,6383676a3491dc82d70f2db20cdafb942e5c588a
20260756,P3,position_drift,2.0 m final,L8,"AUC(faulted, matched-clean) folded to [0.5,1.0]",0.500000,L2a,True,0.000000,10.3072,INVALID,ground-truth regeneration (ADR-0033): fault never reached the estimator,6383676a3491dc82d70f2db20cdafb942e5c588a
20260756,P3,speed_stuck,hold,L1,"AUC(faulted, matched-clean) folded to [0.5,1.0]",0.997500,L2a,False,0.000000,10.3335,VALID,,6383676a3491dc82d70f2db20cdafb942e5c588a
20260756,P3,speed_stuck,hold,L2a,"AUC(faulted, matched-clean) folded to [0.5,1.0]",0.561462,L2a,False,0.000000,10.3335,VALID,,6383676a3491dc82d70f2db20cdafb942e5c588a
20260756,P3,speed_stuck,hold,L2b,"AUC(faulted, matched-clean) folded to [0.5,1.0]",0.504212,L2a,False,0.000000,10.3335,VALID,,6383676a3491dc82d70f2db20cdafb942e5c588a
20260756,P3,speed_stuck,hold,L3,"AUC(faulted, matched-clean) folded to [0.5,1.0]",0.561375,L2a,False,0.000000,10.3335,VALID,,6383676a3491dc82d70f2db20cdafb942e5c588a
20260756,P3,speed_stuck,hold,L6,"AUC(faulted, matched-clean) folded to [0.5,1.0]",0.806137,L2a,False,0.000000,10.3335,VALID,,6383676a3491dc82d70f2db20cdafb942e5c588a
20260756,P3,speed_stuck,hold,L7,"AUC(faulted, matched-clean) folded to [0.5,1.0]",0.500000,L2a,False,0.000000,10.3335,VALID,,6383676a3491dc82d70f2db20cdafb942e5c588a
20260756,P3,speed_stuck,hold,L8,"AUC(faulted, matched-clean) folded to [0.5,1.0]",0.500000,L2a,False,0.000000,10.3335,VALID,,6383676a3491dc82d70f2db20cdafb942e5c588a
20260756,P3,speed_bias,3.0 m/s,L1,"AUC(faulted, matched-clean) folded to [0.5,1.0]",1.000000,L2a,False,0.000000,10.0239,VALID,,6383676a3491dc82d70f2db20cdafb942e5c588a
20260756,P3,speed_bias,3.0 m/s,L2a,"AUC(faulted, matched-clean) folded to [0.5,1.0]",0.504950,L2a,False,0.000000,10.0239,VALID,,6383676a3491dc82d70f2db20cdafb942e5c588a
20260756,P3,speed_bias,3.0 m/s,L2b,"AUC(faulted, matched-clean) folded to [0.5,1.0]",0.605800,L2a,False,0.000000,10.0239,VALID,,6383676a3491dc82d70f2db20cdafb942e5c588a
20260756,P3,speed_bias,3.0 m/s,L3,"AUC(faulted, matched-clean) folded to [0.5,1.0]",0.500275,L2a,False,0.000000,10.0239,VALID,,6383676a3491dc82d70f2db20cdafb942e5c588a
20260756,P3,speed_bias,3.0 m/s,L6,"AUC(faulted, matched-clean) folded to [0.5,1.0]",0.995125,L2a,False,0.000000,10.0239,VALID,,6383676a3491dc82d70f2db20cdafb942e5c588a
20260756,P3,speed_bias,3.0 m/s,L7,"AUC(faulted, matched-clean) folded to [0.5,1.0]",0.500000,L2a,False,0.000000,10.0239,VALID,,6383676a3491dc82d70f2db20cdafb942e5c588a
20260756,P3,speed_bias,3.0 m/s,L8,"AUC(faulted, matched-clean) folded to [0.5,1.0]",0.500000,L2a,False,0.000000,10.0239,VALID,,6383676a3491dc82d70f2db20cdafb942e5c588a
20260756,P3,lateral_noise,sigma x25,L1,"AUC(faulted, matched-clean) folded to [0.5,1.0]",1.000000,,False,0.265000,8.7347,VALID,,6383676a3491dc82d70f2db20cdafb942e5c588a
20260756,P3,lateral_noise,sigma x25,L2a,"AUC(faulted, matched-clean) folded to [0.5,1.0]",0.975950,,False,0.265000,8.7347,VALID,,6383676a3491dc82d70f2db20cdafb942e5c588a
20260756,P3,lateral_noise,sigma x25,L2b,"AUC(faulted, matched-clean) folded to [0.5,1.0]",0.810575,,False,0.265000,8.7347,VALID,,6383676a3491dc82d70f2db20cdafb942e5c588a
20260756,P3,lateral_noise,sigma x25,L3,"AUC(faulted, matched-clean) folded to [0.5,1.0]",0.975988,,False,0.265000,8.7347,VALID,,6383676a3491dc82d70f2db20cdafb942e5c588a
20260756,P3,lateral_noise,sigma x25,L6,"AUC(faulted, matched-clean) folded to [0.5,1.0]",0.999675,,False,0.265000,8.7347,VALID,,6383676a3491dc82d70f2db20cdafb942e5c588a
20260756,P3,lateral_noise,sigma x25,L7,"AUC(faulted, matched-clean) folded to [0.5,1.0]",0.765000,,False,0.265000,8.7347,VALID,,6383676a3491dc82d70f2db20cdafb942e5c588a
20260756,P3,lateral_noise,sigma x25,L8,"AUC(faulted, matched-clean) folded to [0.5,1.0]",0.627500,,False,0.265000,8.7347,VALID,,6383676a3491dc82d70f2db20cdafb942e5c588a
20260757,P3,imu_dropout,suppress IMU,L1,"AUC(faulted, matched-clean) folded to [0.5,1.0]",0.997500,L7,False,0.015000,6.2505,VALID,,6383676a3491dc82d70f2db20cdafb942e5c588a
20260757,P3,imu_dropout,suppress IMU,L2a,"AUC(faulted, matched-clean) folded to [0.5,1.0]",0.806100,L7,False,0.015000,6.2505,VALID,,6383676a3491dc82d70f2db20cdafb942e5c588a
20260757,P3,imu_dropout,suppress IMU,L2b,"AUC(faulted, matched-clean) folded to [0.5,1.0]",0.933825,L7,False,0.015000,6.2505,VALID,,6383676a3491dc82d70f2db20cdafb942e5c588a
20260757,P3,imu_dropout,suppress IMU,L3,"AUC(faulted, matched-clean) folded to [0.5,1.0]",0.806250,L7,False,0.015000,6.2505,VALID,,6383676a3491dc82d70f2db20cdafb942e5c588a
20260757,P3,imu_dropout,suppress IMU,L6,"AUC(faulted, matched-clean) folded to [0.5,1.0]",0.634950,L7,False,0.015000,6.2505,VALID,,6383676a3491dc82d70f2db20cdafb942e5c588a
20260757,P3,imu_dropout,suppress IMU,L7,"AUC(faulted, matched-clean) folded to [0.5,1.0]",0.500000,L7,False,0.015000,6.2505,VALID,,6383676a3491dc82d70f2db20cdafb942e5c588a
20260757,P3,imu_dropout,suppress IMU,L8,"AUC(faulted, matched-clean) folded to [0.5,1.0]",0.987500,L7,False,0.015000,6.2505,VALID,,6383676a3491dc82d70f2db20cdafb942e5c588a
20260757,P3,position_bias,1.0 m,L1,"AUC(faulted, matched-clean) folded to [0.5,1.0]",1.000000,L2a,True,0.015000,11.0897,INVALID,ground-truth regeneration (ADR-0033): fault never reached the estimator,6383676a3491dc82d70f2db20cdafb942e5c588a
20260757,P3,position_bias,1.0 m,L2a,"AUC(faulted, matched-clean) folded to [0.5,1.0]",0.500000,L2a,True,0.015000,11.0897,INVALID,ground-truth regeneration (ADR-0033): fault never reached the estimator,6383676a3491dc82d70f2db20cdafb942e5c588a
20260757,P3,position_bias,1.0 m,L2b,"AUC(faulted, matched-clean) folded to [0.5,1.0]",0.500000,L2a,True,0.015000,11.0897,INVALID,ground-truth regeneration (ADR-0033): fault never reached the estimator,6383676a3491dc82d70f2db20cdafb942e5c588a
20260757,P3,position_bias,1.0 m,L3,"AUC(faulted, matched-clean) folded to [0.5,1.0]",0.500000,L2a,True,0.015000,11.0897,INVALID,ground-truth regeneration (ADR-0033): fault never reached the estimator,6383676a3491dc82d70f2db20cdafb942e5c588a
20260757,P3,position_bias,1.0 m,L6,"AUC(faulted, matched-clean) folded to [0.5,1.0]",0.500000,L2a,True,0.015000,11.0897,INVALID,ground-truth regeneration (ADR-0033): fault never reached the estimator,6383676a3491dc82d70f2db20cdafb942e5c588a
20260757,P3,position_bias,1.0 m,L7,"AUC(faulted, matched-clean) folded to [0.5,1.0]",0.500000,L2a,True,0.015000,11.0897,INVALID,ground-truth regeneration (ADR-0033): fault never reached the estimator,6383676a3491dc82d70f2db20cdafb942e5c588a
20260757,P3,position_bias,1.0 m,L8,"AUC(faulted, matched-clean) folded to [0.5,1.0]",0.500000,L2a,True,0.015000,11.0897,INVALID,ground-truth regeneration (ADR-0033): fault never reached the estimator,6383676a3491dc82d70f2db20cdafb942e5c588a
20260757,P3,position_drift,2.0 m final,L1,"AUC(faulted, matched-clean) folded to [0.5,1.0]",0.973912,L2a,True,0.015000,11.0897,INVALID,ground-truth regeneration (ADR-0033): fault never reached the estimator,6383676a3491dc82d70f2db20cdafb942e5c588a
20260757,P3,position_drift,2.0 m final,L2a,"AUC(faulted, matched-clean) folded to [0.5,1.0]",0.500000,L2a,True,0.015000,11.0897,INVALID,ground-truth regeneration (ADR-0033): fault never reached the estimator,6383676a3491dc82d70f2db20cdafb942e5c588a
20260757,P3,position_drift,2.0 m final,L2b,"AUC(faulted, matched-clean) folded to [0.5,1.0]",0.500000,L2a,True,0.015000,11.0897,INVALID,ground-truth regeneration (ADR-0033): fault never reached the estimator,6383676a3491dc82d70f2db20cdafb942e5c588a
20260757,P3,position_drift,2.0 m final,L3,"AUC(faulted, matched-clean) folded to [0.5,1.0]",0.500000,L2a,True,0.015000,11.0897,INVALID,ground-truth regeneration (ADR-0033): fault never reached the estimator,6383676a3491dc82d70f2db20cdafb942e5c588a
20260757,P3,position_drift,2.0 m final,L6,"AUC(faulted, matched-clean) folded to [0.5,1.0]",0.500000,L2a,True,0.015000,11.0897,INVALID,ground-truth regeneration (ADR-0033): fault never reached the estimator,6383676a3491dc82d70f2db20cdafb942e5c588a
20260757,P3,position_drift,2.0 m final,L7,"AUC(faulted, matched-clean) folded to [0.5,1.0]",0.500000,L2a,True,0.015000,11.0897,INVALID,ground-truth regeneration (ADR-0033): fault never reached the estimator,6383676a3491dc82d70f2db20cdafb942e5c588a
20260757,P3,position_drift,2.0 m final,L8,"AUC(faulted, matched-clean) folded to [0.5,1.0]",0.500000,L2a,True,0.015000,11.0897,INVALID,ground-truth regeneration (ADR-0033): fault never reached the estimator,6383676a3491dc82d70f2db20cdafb942e5c588a
20260757,P3,speed_stuck,hold,L1,"AUC(faulted, matched-clean) folded to [0.5,1.0]",0.997500,L2a,False,0.015000,11.1110,VALID,,6383676a3491dc82d70f2db20cdafb942e5c588a
20260757,P3,speed_stuck,hold,L2a,"AUC(faulted, matched-clean) folded to [0.5,1.0]",0.569012,L2a,False,0.015000,11.1110,VALID,,6383676a3491dc82d70f2db20cdafb942e5c588a
20260757,P3,speed_stuck,hold,L2b,"AUC(faulted, matched-clean) folded to [0.5,1.0]",0.504162,L2a,False,0.015000,11.1110,VALID,,6383676a3491dc82d70f2db20cdafb942e5c588a
20260757,P3,speed_stuck,hold,L3,"AUC(faulted, matched-clean) folded to [0.5,1.0]",0.569312,L2a,False,0.015000,11.1110,VALID,,6383676a3491dc82d70f2db20cdafb942e5c588a
20260757,P3,speed_stuck,hold,L6,"AUC(faulted, matched-clean) folded to [0.5,1.0]",0.691488,L2a,False,0.015000,11.1110,VALID,,6383676a3491dc82d70f2db20cdafb942e5c588a
20260757,P3,speed_stuck,hold,L7,"AUC(faulted, matched-clean) folded to [0.5,1.0]",0.500000,L2a,False,0.015000,11.1110,VALID,,6383676a3491dc82d70f2db20cdafb942e5c588a
20260757,P3,speed_stuck,hold,L8,"AUC(faulted, matched-clean) folded to [0.5,1.0]",0.500000,L2a,False,0.015000,11.1110,VALID,,6383676a3491dc82d70f2db20cdafb942e5c588a
20260757,P3,speed_bias,3.0 m/s,L1,"AUC(faulted, matched-clean) folded to [0.5,1.0]",1.000000,L2a,False,0.015000,10.7536,VALID,,6383676a3491dc82d70f2db20cdafb942e5c588a
20260757,P3,speed_bias,3.0 m/s,L2a,"AUC(faulted, matched-clean) folded to [0.5,1.0]",0.508175,L2a,False,0.015000,10.7536,VALID,,6383676a3491dc82d70f2db20cdafb942e5c588a
20260757,P3,speed_bias,3.0 m/s,L2b,"AUC(faulted, matched-clean) folded to [0.5,1.0]",0.615575,L2a,False,0.015000,10.7536,VALID,,6383676a3491dc82d70f2db20cdafb942e5c588a
20260757,P3,speed_bias,3.0 m/s,L3,"AUC(faulted, matched-clean) folded to [0.5,1.0]",0.502437,L2a,False,0.015000,10.7536,VALID,,6383676a3491dc82d70f2db20cdafb942e5c588a
20260757,P3,speed_bias,3.0 m/s,L6,"AUC(faulted, matched-clean) folded to [0.5,1.0]",0.975250,L2a,False,0.015000,10.7536,VALID,,6383676a3491dc82d70f2db20cdafb942e5c588a
20260757,P3,speed_bias,3.0 m/s,L7,"AUC(faulted, matched-clean) folded to [0.5,1.0]",0.500000,L2a,False,0.015000,10.7536,VALID,,6383676a3491dc82d70f2db20cdafb942e5c588a
20260757,P3,speed_bias,3.0 m/s,L8,"AUC(faulted, matched-clean) folded to [0.5,1.0]",0.500000,L2a,False,0.015000,10.7536,VALID,,6383676a3491dc82d70f2db20cdafb942e5c588a
20260757,P3,lateral_noise,sigma x25,L1,"AUC(faulted, matched-clean) folded to [0.5,1.0]",1.000000,,False,0.252500,9.9794,VALID,,6383676a3491dc82d70f2db20cdafb942e5c588a
20260757,P3,lateral_noise,sigma x25,L2a,"AUC(faulted, matched-clean) folded to [0.5,1.0]",0.975750,,False,0.252500,9.9794,VALID,,6383676a3491dc82d70f2db20cdafb942e5c588a
20260757,P3,lateral_noise,sigma x25,L2b,"AUC(faulted, matched-clean) folded to [0.5,1.0]",0.919325,,False,0.252500,9.9794,VALID,,6383676a3491dc82d70f2db20cdafb942e5c588a
20260757,P3,lateral_noise,sigma x25,L3,"AUC(faulted, matched-clean) folded to [0.5,1.0]",0.975638,,False,0.252500,9.9794,VALID,,6383676a3491dc82d70f2db20cdafb942e5c588a
20260757,P3,lateral_noise,sigma x25,L6,"AUC(faulted, matched-clean) folded to [0.5,1.0]",0.977375,,False,0.252500,9.9794,VALID,,6383676a3491dc82d70f2db20cdafb942e5c588a
20260757,P3,lateral_noise,sigma x25,L7,"AUC(faulted, matched-clean) folded to [0.5,1.0]",0.737500,,False,0.252500,9.9794,VALID,,6383676a3491dc82d70f2db20cdafb942e5c588a
20260757,P3,lateral_noise,sigma x25,L8,"AUC(faulted, matched-clean) folded to [0.5,1.0]",0.760000,,False,0.252500,9.9794,VALID,,6383676a3491dc82d70f2db20cdafb942e5c588a
20260758,P3,imu_dropout,suppress IMU,L1,"AUC(faulted, matched-clean) folded to [0.5,1.0]",0.997500,L2b,False,0.010000,8.1344,VALID,,6383676a3491dc82d70f2db20cdafb942e5c588a
20260758,P3,imu_dropout,suppress IMU,L2a,"AUC(faulted, matched-clean) folded to [0.5,1.0]",0.627150,L2b,False,0.010000,8.1344,VALID,,6383676a3491dc82d70f2db20cdafb942e5c588a
20260758,P3,imu_dropout,suppress IMU,L2b,"AUC(faulted, matched-clean) folded to [0.5,1.0]",0.529725,L2b,False,0.010000,8.1344,VALID,,6383676a3491dc82d70f2db20cdafb942e5c588a
20260758,P3,imu_dropout,suppress IMU,L3,"AUC(faulted, matched-clean) folded to [0.5,1.0]",0.626688,L2b,False,0.010000,8.1344,VALID,,6383676a3491dc82d70f2db20cdafb942e5c588a
20260758,P3,imu_dropout,suppress IMU,L6,"AUC(faulted, matched-clean) folded to [0.5,1.0]",0.551625,L2b,False,0.010000,8.1344,VALID,,6383676a3491dc82d70f2db20cdafb942e5c588a
20260758,P3,imu_dropout,suppress IMU,L7,"AUC(faulted, matched-clean) folded to [0.5,1.0]",0.500000,L2b,False,0.010000,8.1344,VALID,,6383676a3491dc82d70f2db20cdafb942e5c588a
20260758,P3,imu_dropout,suppress IMU,L8,"AUC(faulted, matched-clean) folded to [0.5,1.0]",0.987500,L2b,False,0.010000,8.1344,VALID,,6383676a3491dc82d70f2db20cdafb942e5c588a
20260758,P3,position_bias,1.0 m,L1,"AUC(faulted, matched-clean) folded to [0.5,1.0]",1.000000,L2a,True,0.010000,13.6943,INVALID,ground-truth regeneration (ADR-0033): fault never reached the estimator,6383676a3491dc82d70f2db20cdafb942e5c588a
20260758,P3,position_bias,1.0 m,L2a,"AUC(faulted, matched-clean) folded to [0.5,1.0]",0.500000,L2a,True,0.010000,13.6943,INVALID,ground-truth regeneration (ADR-0033): fault never reached the estimator,6383676a3491dc82d70f2db20cdafb942e5c588a
20260758,P3,position_bias,1.0 m,L2b,"AUC(faulted, matched-clean) folded to [0.5,1.0]",0.500000,L2a,True,0.010000,13.6943,INVALID,ground-truth regeneration (ADR-0033): fault never reached the estimator,6383676a3491dc82d70f2db20cdafb942e5c588a
20260758,P3,position_bias,1.0 m,L3,"AUC(faulted, matched-clean) folded to [0.5,1.0]",0.500000,L2a,True,0.010000,13.6943,INVALID,ground-truth regeneration (ADR-0033): fault never reached the estimator,6383676a3491dc82d70f2db20cdafb942e5c588a
20260758,P3,position_bias,1.0 m,L6,"AUC(faulted, matched-clean) folded to [0.5,1.0]",0.500000,L2a,True,0.010000,13.6943,INVALID,ground-truth regeneration (ADR-0033): fault never reached the estimator,6383676a3491dc82d70f2db20cdafb942e5c588a
20260758,P3,position_bias,1.0 m,L7,"AUC(faulted, matched-clean) folded to [0.5,1.0]",0.500000,L2a,True,0.010000,13.6943,INVALID,ground-truth regeneration (ADR-0033): fault never reached the estimator,6383676a3491dc82d70f2db20cdafb942e5c588a
20260758,P3,position_bias,1.0 m,L8,"AUC(faulted, matched-clean) folded to [0.5,1.0]",0.500000,L2a,True,0.010000,13.6943,INVALID,ground-truth regeneration (ADR-0033): fault never reached the estimator,6383676a3491dc82d70f2db20cdafb942e5c588a
20260758,P3,position_drift,2.0 m final,L1,"AUC(faulted, matched-clean) folded to [0.5,1.0]",0.938462,L2a,True,0.010000,13.6943,INVALID,ground-truth regeneration (ADR-0033): fault never reached the estimator,6383676a3491dc82d70f2db20cdafb942e5c588a
20260758,P3,position_drift,2.0 m final,L2a,"AUC(faulted, matched-clean) folded to [0.5,1.0]",0.500000,L2a,True,0.010000,13.6943,INVALID,ground-truth regeneration (ADR-0033): fault never reached the estimator,6383676a3491dc82d70f2db20cdafb942e5c588a
20260758,P3,position_drift,2.0 m final,L2b,"AUC(faulted, matched-clean) folded to [0.5,1.0]",0.500000,L2a,True,0.010000,13.6943,INVALID,ground-truth regeneration (ADR-0033): fault never reached the estimator,6383676a3491dc82d70f2db20cdafb942e5c588a
20260758,P3,position_drift,2.0 m final,L3,"AUC(faulted, matched-clean) folded to [0.5,1.0]",0.500000,L2a,True,0.010000,13.6943,INVALID,ground-truth regeneration (ADR-0033): fault never reached the estimator,6383676a3491dc82d70f2db20cdafb942e5c588a
20260758,P3,position_drift,2.0 m final,L6,"AUC(faulted, matched-clean) folded to [0.5,1.0]",0.500000,L2a,True,0.010000,13.6943,INVALID,ground-truth regeneration (ADR-0033): fault never reached the estimator,6383676a3491dc82d70f2db20cdafb942e5c588a
20260758,P3,position_drift,2.0 m final,L7,"AUC(faulted, matched-clean) folded to [0.5,1.0]",0.500000,L2a,True,0.010000,13.6943,INVALID,ground-truth regeneration (ADR-0033): fault never reached the estimator,6383676a3491dc82d70f2db20cdafb942e5c588a
20260758,P3,position_drift,2.0 m final,L8,"AUC(faulted, matched-clean) folded to [0.5,1.0]",0.500000,L2a,True,0.010000,13.6943,INVALID,ground-truth regeneration (ADR-0033): fault never reached the estimator,6383676a3491dc82d70f2db20cdafb942e5c588a
20260758,P3,speed_stuck,hold,L1,"AUC(faulted, matched-clean) folded to [0.5,1.0]",0.997500,L2a,False,0.010000,13.6641,VALID,,6383676a3491dc82d70f2db20cdafb942e5c588a
20260758,P3,speed_stuck,hold,L2a,"AUC(faulted, matched-clean) folded to [0.5,1.0]",0.558763,L2a,False,0.010000,13.6641,VALID,,6383676a3491dc82d70f2db20cdafb942e5c588a
20260758,P3,speed_stuck,hold,L2b,"AUC(faulted, matched-clean) folded to [0.5,1.0]",0.525312,L2a,False,0.010000,13.6641,VALID,,6383676a3491dc82d70f2db20cdafb942e5c588a
20260758,P3,speed_stuck,hold,L3,"AUC(faulted, matched-clean) folded to [0.5,1.0]",0.560775,L2a,False,0.010000,13.6641,VALID,,6383676a3491dc82d70f2db20cdafb942e5c588a
20260758,P3,speed_stuck,hold,L6,"AUC(faulted, matched-clean) folded to [0.5,1.0]",0.614113,L2a,False,0.010000,13.6641,VALID,,6383676a3491dc82d70f2db20cdafb942e5c588a
20260758,P3,speed_stuck,hold,L7,"AUC(faulted, matched-clean) folded to [0.5,1.0]",0.500000,L2a,False,0.010000,13.6641,VALID,,6383676a3491dc82d70f2db20cdafb942e5c588a
20260758,P3,speed_stuck,hold,L8,"AUC(faulted, matched-clean) folded to [0.5,1.0]",0.500000,L2a,False,0.010000,13.6641,VALID,,6383676a3491dc82d70f2db20cdafb942e5c588a
20260758,P3,speed_bias,3.0 m/s,L1,"AUC(faulted, matched-clean) folded to [0.5,1.0]",1.000000,L2a,False,0.010000,13.2324,VALID,,6383676a3491dc82d70f2db20cdafb942e5c588a
20260758,P3,speed_bias,3.0 m/s,L2a,"AUC(faulted, matched-clean) folded to [0.5,1.0]",0.538775,L2a,False,0.010000,13.2324,VALID,,6383676a3491dc82d70f2db20cdafb942e5c588a
20260758,P3,speed_bias,3.0 m/s,L2b,"AUC(faulted, matched-clean) folded to [0.5,1.0]",0.707400,L2a,False,0.010000,13.2324,VALID,,6383676a3491dc82d70f2db20cdafb942e5c588a
20260758,P3,speed_bias,3.0 m/s,L3,"AUC(faulted, matched-clean) folded to [0.5,1.0]",0.530850,L2a,False,0.010000,13.2324,VALID,,6383676a3491dc82d70f2db20cdafb942e5c588a
20260758,P3,speed_bias,3.0 m/s,L6,"AUC(faulted, matched-clean) folded to [0.5,1.0]",0.617125,L2a,False,0.010000,13.2324,VALID,,6383676a3491dc82d70f2db20cdafb942e5c588a
20260758,P3,speed_bias,3.0 m/s,L7,"AUC(faulted, matched-clean) folded to [0.5,1.0]",0.500000,L2a,False,0.010000,13.2324,VALID,,6383676a3491dc82d70f2db20cdafb942e5c588a
20260758,P3,speed_bias,3.0 m/s,L8,"AUC(faulted, matched-clean) folded to [0.5,1.0]",0.500000,L2a,False,0.010000,13.2324,VALID,,6383676a3491dc82d70f2db20cdafb942e5c588a
20260758,P3,lateral_noise,sigma x25,L1,"AUC(faulted, matched-clean) folded to [0.5,1.0]",1.000000,,False,0.255000,12.4077,VALID,,6383676a3491dc82d70f2db20cdafb942e5c588a
20260758,P3,lateral_noise,sigma x25,L2a,"AUC(faulted, matched-clean) folded to [0.5,1.0]",0.978300,,False,0.255000,12.4077,VALID,,6383676a3491dc82d70f2db20cdafb942e5c588a
20260758,P3,lateral_noise,sigma x25,L2b,"AUC(faulted, matched-clean) folded to [0.5,1.0]",0.840525,,False,0.255000,12.4077,VALID,,6383676a3491dc82d70f2db20cdafb942e5c588a
20260758,P3,lateral_noise,sigma x25,L3,"AUC(faulted, matched-clean) folded to [0.5,1.0]",0.978000,,False,0.255000,12.4077,VALID,,6383676a3491dc82d70f2db20cdafb942e5c588a
20260758,P3,lateral_noise,sigma x25,L6,"AUC(faulted, matched-clean) folded to [0.5,1.0]",0.994175,,False,0.255000,12.4077,VALID,,6383676a3491dc82d70f2db20cdafb942e5c588a
20260758,P3,lateral_noise,sigma x25,L7,"AUC(faulted, matched-clean) folded to [0.5,1.0]",0.745000,,False,0.255000,12.4077,VALID,,6383676a3491dc82d70f2db20cdafb942e5c588a
20260758,P3,lateral_noise,sigma x25,L8,"AUC(faulted, matched-clean) folded to [0.5,1.0]",0.690000,,False,0.255000,12.4077,VALID,,6383676a3491dc82d70f2db20cdafb942e5c588a
20260759,P3,imu_dropout,suppress IMU,L1,"AUC(faulted, matched-clean) folded to [0.5,1.0]",0.997500,L2b,False,0.017500,7.5916,VALID,,6383676a3491dc82d70f2db20cdafb942e5c588a
20260759,P3,imu_dropout,suppress IMU,L2a,"AUC(faulted, matched-clean) folded to [0.5,1.0]",0.831275,L2b,False,0.017500,7.5916,VALID,,6383676a3491dc82d70f2db20cdafb942e5c588a
20260759,P3,imu_dropout,suppress IMU,L2b,"AUC(faulted, matched-clean) folded to [0.5,1.0]",0.581800,L2b,False,0.017500,7.5916,VALID,,6383676a3491dc82d70f2db20cdafb942e5c588a
20260759,P3,imu_dropout,suppress IMU,L3,"AUC(faulted, matched-clean) folded to [0.5,1.0]",0.831187,L2b,False,0.017500,7.5916,VALID,,6383676a3491dc82d70f2db20cdafb942e5c588a
20260759,P3,imu_dropout,suppress IMU,L6,"AUC(faulted, matched-clean) folded to [0.5,1.0]",0.803650,L2b,False,0.017500,7.5916,VALID,,6383676a3491dc82d70f2db20cdafb942e5c588a
20260759,P3,imu_dropout,suppress IMU,L7,"AUC(faulted, matched-clean) folded to [0.5,1.0]",0.507500,L2b,False,0.017500,7.5916,VALID,,6383676a3491dc82d70f2db20cdafb942e5c588a
20260759,P3,imu_dropout,suppress IMU,L8,"AUC(faulted, matched-clean) folded to [0.5,1.0]",0.987500,L2b,False,0.017500,7.5916,VALID,,6383676a3491dc82d70f2db20cdafb942e5c588a
20260759,P3,position_bias,1.0 m,L1,"AUC(faulted, matched-clean) folded to [0.5,1.0]",1.000000,L2a,True,0.010000,12.9855,INVALID,ground-truth regeneration (ADR-0033): fault never reached the estimator,6383676a3491dc82d70f2db20cdafb942e5c588a
20260759,P3,position_bias,1.0 m,L2a,"AUC(faulted, matched-clean) folded to [0.5,1.0]",0.500000,L2a,True,0.010000,12.9855,INVALID,ground-truth regeneration (ADR-0033): fault never reached the estimator,6383676a3491dc82d70f2db20cdafb942e5c588a
20260759,P3,position_bias,1.0 m,L2b,"AUC(faulted, matched-clean) folded to [0.5,1.0]",0.500000,L2a,True,0.010000,12.9855,INVALID,ground-truth regeneration (ADR-0033): fault never reached the estimator,6383676a3491dc82d70f2db20cdafb942e5c588a
20260759,P3,position_bias,1.0 m,L3,"AUC(faulted, matched-clean) folded to [0.5,1.0]",0.500000,L2a,True,0.010000,12.9855,INVALID,ground-truth regeneration (ADR-0033): fault never reached the estimator,6383676a3491dc82d70f2db20cdafb942e5c588a
20260759,P3,position_bias,1.0 m,L6,"AUC(faulted, matched-clean) folded to [0.5,1.0]",0.500000,L2a,True,0.010000,12.9855,INVALID,ground-truth regeneration (ADR-0033): fault never reached the estimator,6383676a3491dc82d70f2db20cdafb942e5c588a
20260759,P3,position_bias,1.0 m,L7,"AUC(faulted, matched-clean) folded to [0.5,1.0]",0.500000,L2a,True,0.010000,12.9855,INVALID,ground-truth regeneration (ADR-0033): fault never reached the estimator,6383676a3491dc82d70f2db20cdafb942e5c588a
20260759,P3,position_bias,1.0 m,L8,"AUC(faulted, matched-clean) folded to [0.5,1.0]",0.500000,L2a,True,0.010000,12.9855,INVALID,ground-truth regeneration (ADR-0033): fault never reached the estimator,6383676a3491dc82d70f2db20cdafb942e5c588a
20260759,P3,position_drift,2.0 m final,L1,"AUC(faulted, matched-clean) folded to [0.5,1.0]",0.966962,L2a,True,0.010000,12.9855,INVALID,ground-truth regeneration (ADR-0033): fault never reached the estimator,6383676a3491dc82d70f2db20cdafb942e5c588a
20260759,P3,position_drift,2.0 m final,L2a,"AUC(faulted, matched-clean) folded to [0.5,1.0]",0.500000,L2a,True,0.010000,12.9855,INVALID,ground-truth regeneration (ADR-0033): fault never reached the estimator,6383676a3491dc82d70f2db20cdafb942e5c588a
20260759,P3,position_drift,2.0 m final,L2b,"AUC(faulted, matched-clean) folded to [0.5,1.0]",0.500000,L2a,True,0.010000,12.9855,INVALID,ground-truth regeneration (ADR-0033): fault never reached the estimator,6383676a3491dc82d70f2db20cdafb942e5c588a
20260759,P3,position_drift,2.0 m final,L3,"AUC(faulted, matched-clean) folded to [0.5,1.0]",0.500000,L2a,True,0.010000,12.9855,INVALID,ground-truth regeneration (ADR-0033): fault never reached the estimator,6383676a3491dc82d70f2db20cdafb942e5c588a
20260759,P3,position_drift,2.0 m final,L6,"AUC(faulted, matched-clean) folded to [0.5,1.0]",0.500000,L2a,True,0.010000,12.9855,INVALID,ground-truth regeneration (ADR-0033): fault never reached the estimator,6383676a3491dc82d70f2db20cdafb942e5c588a
20260759,P3,position_drift,2.0 m final,L7,"AUC(faulted, matched-clean) folded to [0.5,1.0]",0.500000,L2a,True,0.010000,12.9855,INVALID,ground-truth regeneration (ADR-0033): fault never reached the estimator,6383676a3491dc82d70f2db20cdafb942e5c588a
20260759,P3,position_drift,2.0 m final,L8,"AUC(faulted, matched-clean) folded to [0.5,1.0]",0.500000,L2a,True,0.010000,12.9855,INVALID,ground-truth regeneration (ADR-0033): fault never reached the estimator,6383676a3491dc82d70f2db20cdafb942e5c588a
20260759,P3,speed_stuck,hold,L1,"AUC(faulted, matched-clean) folded to [0.5,1.0]",0.982500,L2a,False,0.010000,12.9763,VALID,,6383676a3491dc82d70f2db20cdafb942e5c588a
20260759,P3,speed_stuck,hold,L2a,"AUC(faulted, matched-clean) folded to [0.5,1.0]",0.560987,L2a,False,0.010000,12.9763,VALID,,6383676a3491dc82d70f2db20cdafb942e5c588a
20260759,P3,speed_stuck,hold,L2b,"AUC(faulted, matched-clean) folded to [0.5,1.0]",0.536212,L2a,False,0.010000,12.9763,VALID,,6383676a3491dc82d70f2db20cdafb942e5c588a
20260759,P3,speed_stuck,hold,L3,"AUC(faulted, matched-clean) folded to [0.5,1.0]",0.560438,L2a,False,0.010000,12.9763,VALID,,6383676a3491dc82d70f2db20cdafb942e5c588a
20260759,P3,speed_stuck,hold,L6,"AUC(faulted, matched-clean) folded to [0.5,1.0]",0.610938,L2a,False,0.010000,12.9763,VALID,,6383676a3491dc82d70f2db20cdafb942e5c588a
20260759,P3,speed_stuck,hold,L7,"AUC(faulted, matched-clean) folded to [0.5,1.0]",0.500000,L2a,False,0.010000,12.9763,VALID,,6383676a3491dc82d70f2db20cdafb942e5c588a
20260759,P3,speed_stuck,hold,L8,"AUC(faulted, matched-clean) folded to [0.5,1.0]",0.500000,L2a,False,0.010000,12.9763,VALID,,6383676a3491dc82d70f2db20cdafb942e5c588a
20260759,P3,speed_bias,3.0 m/s,L1,"AUC(faulted, matched-clean) folded to [0.5,1.0]",1.000000,L2a,False,0.010000,12.5550,VALID,,6383676a3491dc82d70f2db20cdafb942e5c588a
20260759,P3,speed_bias,3.0 m/s,L2a,"AUC(faulted, matched-clean) folded to [0.5,1.0]",0.527550,L2a,False,0.010000,12.5550,VALID,,6383676a3491dc82d70f2db20cdafb942e5c588a
20260759,P3,speed_bias,3.0 m/s,L2b,"AUC(faulted, matched-clean) folded to [0.5,1.0]",0.854825,L2a,False,0.010000,12.5550,VALID,,6383676a3491dc82d70f2db20cdafb942e5c588a
20260759,P3,speed_bias,3.0 m/s,L3,"AUC(faulted, matched-clean) folded to [0.5,1.0]",0.522075,L2a,False,0.010000,12.5550,VALID,,6383676a3491dc82d70f2db20cdafb942e5c588a
20260759,P3,speed_bias,3.0 m/s,L6,"AUC(faulted, matched-clean) folded to [0.5,1.0]",0.834950,L2a,False,0.010000,12.5550,VALID,,6383676a3491dc82d70f2db20cdafb942e5c588a
20260759,P3,speed_bias,3.0 m/s,L7,"AUC(faulted, matched-clean) folded to [0.5,1.0]",0.500000,L2a,False,0.010000,12.5550,VALID,,6383676a3491dc82d70f2db20cdafb942e5c588a
20260759,P3,speed_bias,3.0 m/s,L8,"AUC(faulted, matched-clean) folded to [0.5,1.0]",0.500000,L2a,False,0.010000,12.5550,VALID,,6383676a3491dc82d70f2db20cdafb942e5c588a
20260759,P3,lateral_noise,sigma x25,L1,"AUC(faulted, matched-clean) folded to [0.5,1.0]",1.000000,,False,0.245000,11.8309,VALID,,6383676a3491dc82d70f2db20cdafb942e5c588a
20260759,P3,lateral_noise,sigma x25,L2a,"AUC(faulted, matched-clean) folded to [0.5,1.0]",0.981300,,False,0.245000,11.8309,VALID,,6383676a3491dc82d70f2db20cdafb942e5c588a
20260759,P3,lateral_noise,sigma x25,L2b,"AUC(faulted, matched-clean) folded to [0.5,1.0]",0.865900,,False,0.245000,11.8309,VALID,,6383676a3491dc82d70f2db20cdafb942e5c588a
20260759,P3,lateral_noise,sigma x25,L3,"AUC(faulted, matched-clean) folded to [0.5,1.0]",0.981137,,False,0.245000,11.8309,VALID,,6383676a3491dc82d70f2db20cdafb942e5c588a
20260759,P3,lateral_noise,sigma x25,L6,"AUC(faulted, matched-clean) folded to [0.5,1.0]",0.980025,,False,0.245000,11.8309,VALID,,6383676a3491dc82d70f2db20cdafb942e5c588a
20260759,P3,lateral_noise,sigma x25,L7,"AUC(faulted, matched-clean) folded to [0.5,1.0]",0.735000,,False,0.245000,11.8309,VALID,,6383676a3491dc82d70f2db20cdafb942e5c588a
20260759,P3,lateral_noise,sigma x25,L8,"AUC(faulted, matched-clean) folded to [0.5,1.0]",0.605000,,False,0.245000,11.8309,VALID,,6383676a3491dc82d70f2db20cdafb942e5c588a
20260760,P3,imu_dropout,suppress IMU,L1,"AUC(faulted, matched-clean) folded to [0.5,1.0]",0.997500,L6,False,0.002500,8.2527,VALID,,6383676a3491dc82d70f2db20cdafb942e5c588a
20260760,P3,imu_dropout,suppress IMU,L2a,"AUC(faulted, matched-clean) folded to [0.5,1.0]",0.627775,L6,False,0.002500,8.2527,VALID,,6383676a3491dc82d70f2db20cdafb942e5c588a
20260760,P3,imu_dropout,suppress IMU,L2b,"AUC(faulted, matched-clean) folded to [0.5,1.0]",0.714925,L6,False,0.002500,8.2527,VALID,,6383676a3491dc82d70f2db20cdafb942e5c588a
20260760,P3,imu_dropout,suppress IMU,L3,"AUC(faulted, matched-clean) folded to [0.5,1.0]",0.624950,L6,False,0.002500,8.2527,VALID,,6383676a3491dc82d70f2db20cdafb942e5c588a
20260760,P3,imu_dropout,suppress IMU,L6,"AUC(faulted, matched-clean) folded to [0.5,1.0]",0.550975,L6,False,0.002500,8.2527,VALID,,6383676a3491dc82d70f2db20cdafb942e5c588a
20260760,P3,imu_dropout,suppress IMU,L7,"AUC(faulted, matched-clean) folded to [0.5,1.0]",0.500000,L6,False,0.002500,8.2527,VALID,,6383676a3491dc82d70f2db20cdafb942e5c588a
20260760,P3,imu_dropout,suppress IMU,L8,"AUC(faulted, matched-clean) folded to [0.5,1.0]",0.987500,L6,False,0.002500,8.2527,VALID,,6383676a3491dc82d70f2db20cdafb942e5c588a
20260760,P3,position_bias,1.0 m,L1,"AUC(faulted, matched-clean) folded to [0.5,1.0]",1.000000,L2a,True,0.002500,13.8284,INVALID,ground-truth regeneration (ADR-0033): fault never reached the estimator,6383676a3491dc82d70f2db20cdafb942e5c588a
20260760,P3,position_bias,1.0 m,L2a,"AUC(faulted, matched-clean) folded to [0.5,1.0]",0.500000,L2a,True,0.002500,13.8284,INVALID,ground-truth regeneration (ADR-0033): fault never reached the estimator,6383676a3491dc82d70f2db20cdafb942e5c588a
20260760,P3,position_bias,1.0 m,L2b,"AUC(faulted, matched-clean) folded to [0.5,1.0]",0.500000,L2a,True,0.002500,13.8284,INVALID,ground-truth regeneration (ADR-0033): fault never reached the estimator,6383676a3491dc82d70f2db20cdafb942e5c588a
20260760,P3,position_bias,1.0 m,L3,"AUC(faulted, matched-clean) folded to [0.5,1.0]",0.500000,L2a,True,0.002500,13.8284,INVALID,ground-truth regeneration (ADR-0033): fault never reached the estimator,6383676a3491dc82d70f2db20cdafb942e5c588a
20260760,P3,position_bias,1.0 m,L6,"AUC(faulted, matched-clean) folded to [0.5,1.0]",0.500000,L2a,True,0.002500,13.8284,INVALID,ground-truth regeneration (ADR-0033): fault never reached the estimator,6383676a3491dc82d70f2db20cdafb942e5c588a
20260760,P3,position_bias,1.0 m,L7,"AUC(faulted, matched-clean) folded to [0.5,1.0]",0.500000,L2a,True,0.002500,13.8284,INVALID,ground-truth regeneration (ADR-0033): fault never reached the estimator,6383676a3491dc82d70f2db20cdafb942e5c588a
20260760,P3,position_bias,1.0 m,L8,"AUC(faulted, matched-clean) folded to [0.5,1.0]",0.500000,L2a,True,0.002500,13.8284,INVALID,ground-truth regeneration (ADR-0033): fault never reached the estimator,6383676a3491dc82d70f2db20cdafb942e5c588a
20260760,P3,position_drift,2.0 m final,L1,"AUC(faulted, matched-clean) folded to [0.5,1.0]",0.955862,L2a,True,0.002500,13.8284,INVALID,ground-truth regeneration (ADR-0033): fault never reached the estimator,6383676a3491dc82d70f2db20cdafb942e5c588a
20260760,P3,position_drift,2.0 m final,L2a,"AUC(faulted, matched-clean) folded to [0.5,1.0]",0.500000,L2a,True,0.002500,13.8284,INVALID,ground-truth regeneration (ADR-0033): fault never reached the estimator,6383676a3491dc82d70f2db20cdafb942e5c588a
20260760,P3,position_drift,2.0 m final,L2b,"AUC(faulted, matched-clean) folded to [0.5,1.0]",0.500000,L2a,True,0.002500,13.8284,INVALID,ground-truth regeneration (ADR-0033): fault never reached the estimator,6383676a3491dc82d70f2db20cdafb942e5c588a
20260760,P3,position_drift,2.0 m final,L3,"AUC(faulted, matched-clean) folded to [0.5,1.0]",0.500000,L2a,True,0.002500,13.8284,INVALID,ground-truth regeneration (ADR-0033): fault never reached the estimator,6383676a3491dc82d70f2db20cdafb942e5c588a
20260760,P3,position_drift,2.0 m final,L6,"AUC(faulted, matched-clean) folded to [0.5,1.0]",0.500000,L2a,True,0.002500,13.8284,INVALID,ground-truth regeneration (ADR-0033): fault never reached the estimator,6383676a3491dc82d70f2db20cdafb942e5c588a
20260760,P3,position_drift,2.0 m final,L7,"AUC(faulted, matched-clean) folded to [0.5,1.0]",0.500000,L2a,True,0.002500,13.8284,INVALID,ground-truth regeneration (ADR-0033): fault never reached the estimator,6383676a3491dc82d70f2db20cdafb942e5c588a
20260760,P3,position_drift,2.0 m final,L8,"AUC(faulted, matched-clean) folded to [0.5,1.0]",0.500000,L2a,True,0.002500,13.8284,INVALID,ground-truth regeneration (ADR-0033): fault never reached the estimator,6383676a3491dc82d70f2db20cdafb942e5c588a
20260760,P3,speed_stuck,hold,L1,"AUC(faulted, matched-clean) folded to [0.5,1.0]",0.997500,L2a,False,0.002500,13.7896,VALID,,6383676a3491dc82d70f2db20cdafb942e5c588a
20260760,P3,speed_stuck,hold,L2a,"AUC(faulted, matched-clean) folded to [0.5,1.0]",0.546913,L2a,False,0.002500,13.7896,VALID,,6383676a3491dc82d70f2db20cdafb942e5c588a
20260760,P3,speed_stuck,hold,L2b,"AUC(faulted, matched-clean) folded to [0.5,1.0]",0.589213,L2a,False,0.002500,13.7896,VALID,,6383676a3491dc82d70f2db20cdafb942e5c588a
20260760,P3,speed_stuck,hold,L3,"AUC(faulted, matched-clean) folded to [0.5,1.0]",0.545150,L2a,False,0.002500,13.7896,VALID,,6383676a3491dc82d70f2db20cdafb942e5c588a
20260760,P3,speed_stuck,hold,L6,"AUC(faulted, matched-clean) folded to [0.5,1.0]",0.665288,L2a,False,0.002500,13.7896,VALID,,6383676a3491dc82d70f2db20cdafb942e5c588a
20260760,P3,speed_stuck,hold,L7,"AUC(faulted, matched-clean) folded to [0.5,1.0]",0.500000,L2a,False,0.002500,13.7896,VALID,,6383676a3491dc82d70f2db20cdafb942e5c588a
20260760,P3,speed_stuck,hold,L8,"AUC(faulted, matched-clean) folded to [0.5,1.0]",0.500000,L2a,False,0.002500,13.7896,VALID,,6383676a3491dc82d70f2db20cdafb942e5c588a
20260760,P3,speed_bias,3.0 m/s,L1,"AUC(faulted, matched-clean) folded to [0.5,1.0]",1.000000,L2a,False,0.005000,13.3687,VALID,,6383676a3491dc82d70f2db20cdafb942e5c588a
20260760,P3,speed_bias,3.0 m/s,L2a,"AUC(faulted, matched-clean) folded to [0.5,1.0]",0.542475,L2a,False,0.005000,13.3687,VALID,,6383676a3491dc82d70f2db20cdafb942e5c588a
20260760,P3,speed_bias,3.0 m/s,L2b,"AUC(faulted, matched-clean) folded to [0.5,1.0]",0.839850,L2a,False,0.005000,13.3687,VALID,,6383676a3491dc82d70f2db20cdafb942e5c588a
20260760,P3,speed_bias,3.0 m/s,L3,"AUC(faulted, matched-clean) folded to [0.5,1.0]",0.537687,L2a,False,0.005000,13.3687,VALID,,6383676a3491dc82d70f2db20cdafb942e5c588a
20260760,P3,speed_bias,3.0 m/s,L6,"AUC(faulted, matched-clean) folded to [0.5,1.0]",0.624600,L2a,False,0.005000,13.3687,VALID,,6383676a3491dc82d70f2db20cdafb942e5c588a
20260760,P3,speed_bias,3.0 m/s,L7,"AUC(faulted, matched-clean) folded to [0.5,1.0]",0.502500,L2a,False,0.005000,13.3687,VALID,,6383676a3491dc82d70f2db20cdafb942e5c588a
20260760,P3,speed_bias,3.0 m/s,L8,"AUC(faulted, matched-clean) folded to [0.5,1.0]",0.500000,L2a,False,0.005000,13.3687,VALID,,6383676a3491dc82d70f2db20cdafb942e5c588a
20260760,P3,lateral_noise,sigma x25,L1,"AUC(faulted, matched-clean) folded to [0.5,1.0]",1.000000,,False,0.380000,11.2482,VALID,,6383676a3491dc82d70f2db20cdafb942e5c588a
20260760,P3,lateral_noise,sigma x25,L2a,"AUC(faulted, matched-clean) folded to [0.5,1.0]",0.988250,,False,0.380000,11.2482,VALID,,6383676a3491dc82d70f2db20cdafb942e5c588a
20260760,P3,lateral_noise,sigma x25,L2b,"AUC(faulted, matched-clean) folded to [0.5,1.0]",0.944300,,False,0.380000,11.2482,VALID,,6383676a3491dc82d70f2db20cdafb942e5c588a
20260760,P3,lateral_noise,sigma x25,L3,"AUC(faulted, matched-clean) folded to [0.5,1.0]",0.988250,,False,0.380000,11.2482,VALID,,6383676a3491dc82d70f2db20cdafb942e5c588a
20260760,P3,lateral_noise,sigma x25,L6,"AUC(faulted, matched-clean) folded to [0.5,1.0]",0.959400,,False,0.380000,11.2482,VALID,,6383676a3491dc82d70f2db20cdafb942e5c588a
20260760,P3,lateral_noise,sigma x25,L7,"AUC(faulted, matched-clean) folded to [0.5,1.0]",0.877500,,False,0.380000,11.2482,VALID,,6383676a3491dc82d70f2db20cdafb942e5c588a
20260760,P3,lateral_noise,sigma x25,L8,"AUC(faulted, matched-clean) folded to [0.5,1.0]",0.850000,,False,0.380000,11.2482,VALID,,6383676a3491dc82d70f2db20cdafb942e5c588a
